"Kmhok";"Group";"Cluster";"K7";"K9";"K14";"K18";"Ellenberg-N";"Ellenberg-R";"Ellenberg-F";"Ellenberg-L";"Ellenberg-S";"Ellenberg-T";"Ellenberg-C";"Number_of_indigenous_species";"Number_of_alien_species";"volgorde"
"a4-56-42";"molincae";9,00;4;2;4;4;5,71;5,34;5,92;6,75;0,18;5,48;3,46;135;8;5
"a4-56-44";"molincae";9,00;4;2;4;4;5,80;5,47;5,55;6,63;0,23;5,59;3,48;102;8;5
"a4-57-23";"molincae";9,00;6;4;6;4;5,97;5,87;5,58;6,86;0,23;5,62;3,55;115;6;5
"a4-57-24";"molincae";10,00;3;1;11;12;5,58;5,66;6,18;6,83;0,24;5,60;3,54;240;20;5
"a4-57-31";"molincae";9,00;4;2;4;4;5,33;5,05;5,91;6,57;0,18;5,47;3,42;121;9;5
"a4-57-32";"buddldav";12,00;2;5;2;2;5,40;5,88;5,23;6,81;0,16;5,81;3,67;264;39;6
"a4-57-33";"molincae";8,00;3;1;13;14;5,87;5,73;5,66;6,44;0,17;5,58;3,40;198;21;5
"a4-57-34";"molincae";8,00;3;5;13;14;5,30;5,71;5,26;6,73;0,16;5,74;3,49;258;39;5
"a4-57-41";"molincae";8,00;2;5;13;14;5,97;5,87;5,41;6,80;0,25;5,79;3,48;195;37;5
"a4-57-42";"filipulm";7,00;3;6;13;9;5,73;5,79;5,91;6,70;0,20;5,66;3,47;232;34;4
"a4-57-43";"molincae";8,00;3;1;13;14;5,68;5,72;5,27;6,73;0,19;5,74;3,53;172;23;5
"a4-57-44";"molincae";8,00;3;1;13;14;5,65;5,68;5,97;6,85;0,26;5,64;3,57;212;26;5
"a4-58-13";"molincae";8,00;4;2;13;14;5,56;5,35;6,02;6,72;0,22;5,61;3,41;166;10;5
"a4-58-14";"molincae";9,00;4;2;4;4;5,29;5,23;5,48;6,78;0,29;5,59;3,39;129;9;5
"a4-58-21";"molincae";9,00;4;2;4;4;4,99;4,41;5,13;6,90;0,14;5,55;3,38;116;10;5
"a4-58-22";"molincae";8,00;2;5;13;14;5,65;5,60;5,61;6,85;0,22;5,69;3,50;238;41;5
"a4-58-23";"molincae";9,00;4;2;4;4;5,81;5,41;5,49;6,83;0,23;5,68;3,55;150;16;5
"a4-58-24";"molincae";8,00;3;1;13;14;5,43;5,25;5,56;6,77;0,20;5,68;3,49;228;26;5
"a4-58-31";"molincae";9,00;4;2;4;4;5,73;5,26;5,55;6,87;0,25;5,66;3,38;131;13;5
"a4-58-32";"molincae";8,00;4;2;13;14;5,55;5,49;5,54;6,99;0,26;5,70;3,38;162;20;5
"a4-58-33";"molincae";8,00;3;1;13;14;5,49;5,45;5,93;6,76;0,23;5,59;3,45;197;15;5
"a4-58-34";"molincae";8,00;3;1;13;14;5,73;5,50;5,51;6,70;0,22;5,69;3,45;173;22;5
"a4-58-41";"molincae";9,00;4;2;4;4;5,03;4,97;5,75;6,80;0,23;5,52;3,42;114;9;5
"a4-58-42";"molincae";9,00;4;2;4;4;5,60;5,17;5,19;6,93;0,25;5,73;3,54;102;16;5
"a4-58-43";"molincae";9,00;4;2;4;4;5,87;5,40;5,49;6,70;0,20;5,66;3,45;132;22;5
"a4-58-44";"molincae";9,00;4;2;4;4;5,76;5,34;5,62;6,81;0,20;5,67;3,39;141;15;5
"a5-45-31";"molincae";9,00;4;2;4;4;5,66;5,46;6,26;6,82;0,21;5,66;3,55;151;14;5
"a5-45-33";"molincae";10,00;3;1;11;12;5,41;5,38;6,53;6,57;0,20;5,47;3,47;191;13;5
"a5-45-41";"molincae";11,00;4;2;9;8;4,96;4,77;6,75;6,91;0,23;5,43;3,40;147;8;5
"a5-45-43";"molincae";11,00;3;1;9;8;5,04;4,86;6,54;6,62;0,14;5,41;3,37;181;10;5
"a5-51-13";"molincae";9,00;4;2;4;4;5,51;5,01;5,63;6,82;0,26;5,57;3,59;117;13;5
"a5-53-42";"molincae";11,00;3;1;9;8;5,12;5,08;6,51;6,85;0,21;5,52;3,47;173;10;5
"a5-53-43";"molincae";11,00;4;2;9;8;5,18;4,83;6,51;6,90;0,27;5,50;3,42;122;8;5
"a5-53-44";"molincae";9,00;4;2;4;4;4,71;4,42;5,51;6,83;0,22;5,46;3,23;93;8;5
"a5-54-13";"molincae";11,00;3;1;9;8;5,41;5,40;6,67;6,91;0,23;5,58;3,55;165;11;5
"a5-54-22";"molincae";10,00;3;1;11;12;5,35;5,59;6,59;6,70;0,18;5,61;3,50;293;37;5
"a5-54-23";"molincae";10,00;3;1;11;12;5,17;5,36;6,44;6,85;0,17;5,55;3,44;304;27;5
"a5-54-24";"molincae";9,00;4;2;4;4;5,97;5,77;6,56;6,94;0,25;5,50;3,54;107;9;5
"a5-54-34";"molincae";9,00;4;2;4;4;5,84;5,68;6,02;6,94;0,26;5,55;3,59;97;6;5
"a5-54-41";"molincae";11,00;4;2;9;8;5,93;5,64;7,01;6,80;0,25;5,52;3,72;118;4;5
"a5-54-43";"molincae";9,00;4;2;4;4;5,37;5,08;6,11;6,85;0,33;5,57;3,51;102;8;5
"a5-54-44";"molincae";11,00;4;2;9;8;5,26;5,15;6,67;6,75;0,27;5,48;3,40;149;9;5
"a5-55-11";"molincae";10,00;3;1;11;12;5,42;5,26;6,62;6,56;0,19;5,50;3,51;198;18;5
"a5-55-13";"molincae";10,00;3;1;11;12;4,86;4,88;6,14;6,89;0,16;5,48;3,40;194;7;5
"a5-55-24";"molincae";9,00;4;2;4;4;6,00;5,57;5,92;6,83;0,26;5,53;3,58;109;7;5
"a5-55-33";"molincae";9,00;4;2;4;4;5,65;5,42;5,63;6,94;0,18;5,66;3,67;125;10;5
"a5-55-41";"molincae";11,00;4;2;9;8;5,08;4,91;6,66;6,51;0,16;5,37;3,41;98;5;5
"a5-56-31";"molincae";9,00;4;2;4;4;5,54;5,17;5,71;6,62;0,20;5,57;3,47;131;12;5
"a5-56-33";"molincae";9,00;4;2;4;4;5,72;5,23;6,19;6,70;0,24;5,54;3,45;110;9;5
"a6-51-14";"molincae";9,00;4;2;4;4;5,93;5,63;6,11;6,83;0,28;5,57;3,48;136;15;5
"a6-51-21";"molincae";9,00;4;2;4;4;5,61;5,43;6,29;6,58;0,21;5,54;3,44;126;14;5
"a6-51-42";"molincae";9,00;4;2;4;4;5,12;4,43;5,50;6,87;0,13;5,63;3,29;101;10;5
"a6-52-31";"molincae";9,00;4;2;4;4;5,39;4,81;5,63;6,89;0,22;5,64;3,50;132;18;5
"a6-52-34";"molincae";11,00;4;2;9;8;5,18;5,14;7,44;6,72;0,18;5,38;3,37;99;3;5
"b1-47-43";"ammopare";1,00;7;7;5;1;5,52;6,73;4,78;7,40;0,65;5,88;3,55;90;13;1
"b1-47-44";"ammopare";1,00;7;9;5;1;5,54;6,56;5,25;7,44;0,50;5,93;3,57;133;10;1
"b1-48-24";"ammopare";2,00;7;9;14;18;5,57;6,81;5,99;7,31;0,55;5,87;3,62;250;18;1
"b1-48-33";"ammopare";1,00;7;7;12;1;5,83;6,90;5,65;7,29;0,81;5,89;3,60;172;19;1
"b1-48-41";"ammopare";1,00;7;7;5;1;5,89;6,78;4,98;7,31;0,48;5,93;3,55;140;13;1
"b1-56-24";"ammopare";1,00;7;9;5;1;5,12;6,45;4,64;7,25;0,40;5,81;3,66;111;6;1
"b1-56-34";"ammopare";2,00;7;9;14;18;5,13;6,35;5,03;7,07;0,34;5,81;3,51;238;21;1
"b1-56-42";"ammopare";1,00;7;3;10;1;5,39;6,45;4,87;6,87;0,32;5,78;3,67;116;17;1
"b1-57-12";"ammopare";1,00;7;9;14;1;5,00;6,60;4,54;7,29;0,57;6,00;3,55;119;18;1
"b1-57-13";"ammopare";2,00;7;9;14;18;5,30;6,35;5,43;6,99;0,36;5,80;3,61;310;28;1
"b1-57-14";"ammopare";2,00;7;9;14;18;5,44;6,47;5,24;7,02;0,35;5,83;3,70;301;40;1
"b1-57-22";"coronsqu";3,00;6;7;12;13;6,15;6,83;6,27;7,17;0,65;5,81;3,72;140;7;2
"b1-57-31";"ammopare";1,00;7;7;12;1;5,98;6,61;5,62;6,95;0,34;5,78;3,66;152;11;1
"b1-57-42";"coronsqu";3,00;6;7;12;13;6,22;6,87;6,11;7,19;0,70;5,78;3,66;148;9;2
"b1-58-11";"coronsqu";3,00;6;7;12;13;6,23;6,98;6,84;7,29;1,16;5,83;3,56;120;4;2
"b1-58-13";"coronsqu";3,00;6;7;12;13;6,26;6,87;6,71;7,18;0,92;5,78;3,52;120;3;2
"b1-58-14";"coronsqu";3,00;6;7;12;13;5,97;6,82;6,87;7,25;1,24;5,82;3,53;147;6;2
"b1-58-23";"coronsqu";3,00;6;7;12;13;6,06;6,82;5,72;7,17;0,70;5,80;3,69;129;12;2
"b1-58-31";"coronsqu";3,00;6;7;12;13;6,25;6,82;6,39;7,20;0,96;5,75;3,52;103;4;2
"b1-58-32";"coronsqu";3,00;6;7;12;13;6,04;7,00;6,81;7,25;1,12;5,78;3,58;119;2;2
"b1-58-41";"coronsqu";3,00;6;7;12;13;6,20;6,85;6,27;7,16;0,92;5,80;3,55;116;4;2
"b2-31-33";"astertri";14,00;6;7;5;15;5,81;6,67;5,29;7,54;0,73;5,95;3,88;112;16;7
"b2-31-34";"ammopare";1,00;6;7;5;1;5,93;6,77;4,97;7,65;0,87;5,97;3,70;87;16;1
"b2-32-33";"ammopare";1,00;7;9;5;1;5,45;6,61;5,39;7,72;1,38;5,97;3,82;172;24;1
"b2-32-43";"ammopare";2,00;7;9;14;18;5,42;6,41;4,93;7,10;0,35;5,89;3,55;234;19;1
"b2-32-44";"ammopare";2,00;7;9;14;18;5,21;6,22;4,94;7,04;0,20;5,85;3,54;210;19;1
"b2-33-24";"ammopare";1,00;7;9;14;1;5,44;6,34;4,97;7,27;0,54;5,88;3,69;188;19;1
"b2-33-32";"ammopare";1,00;7;9;14;1;5,11;6,03;4,50;7,07;0,26;5,81;3,53;157;8;1
"b2-33-34";"ammopare";1,00;7;9;14;1;5,19;6,08;4,58;7,03;0,22;5,86;3,57;194;21;1
"b2-33-41";"ammopare";1,00;7;9;14;1;5,41;6,29;5,04;7,31;0,51;5,84;3,62;160;13;1
"b2-33-42";"ammopare";2,00;7;9;14;18;5,34;6,40;5,43;7,04;0,42;5,81;3,66;330;33;1
"b2-33-43";"ammopare";1,00;7;9;14;1;5,44;6,20;4,95;6,67;0,21;5,67;3,52;183;14;1
"b2-33-44";"ammopare";1,00;7;9;14;1;5,54;6,21;4,96;6,87;0,22;5,81;3,65;161;10;1
"b2-34-13";"ammopare";2,00;7;9;14;18;5,81;6,78;5,35;7,27;0,85;5,85;3,69;243;25;1
"b2-34-14";"ammopare";1,00;7;7;5;1;5,94;6,67;5,70;7,60;1,90;5,89;3,57;135;10;1
"b2-34-43";"coronsqu";3,00;6;7;12;13;5,89;6,93;5,90;7,20;1,29;5,72;3,43;107;4;2
"b2-41-12";"astertri";14,00;6;7;5;15;5,84;6,88;5,21;7,62;1,05;5,87;3,74;112;12;7
"b2-41-13";"ammopare";1,00;7;9;14;1;5,60;6,87;6,30;7,31;0,65;5,83;3,64;243;19;1
"b2-41-14";"astertri";14,00;6;7;5;15;6,08;6,70;5,04;7,41;0,43;5,99;3,83;128;27;7
"b2-41-21";"ammopare";1,00;6;7;5;1;5,86;6,89;4,83;7,30;0,39;5,82;3,67;100;14;1
"b2-41-22";"ammopare";1,00;7;9;5;1;5,51;6,62;4,91;7,39;0,36;5,96;3,65;139;22;1
"b2-41-23";"astertri";14,00;7;5;5;15;5,77;6,69;5,13;7,38;0,53;6,01;3,76;187;32;7
"b2-41-32";"buddldav";12,00;2;5;2;2;6,02;6,57;5,57;7,18;0,45;5,88;3,72;222;24;6
"b2-41-41";"astertri";14,00;6;7;5;15;5,44;6,79;6,03;7,43;0,65;5,74;3,74;101;11;7
"b2-41-42";"astertri";14,00;6;7;5;15;5,61;6,87;5,77;7,41;0,66;5,89;3,81;146;9;7
"b2-41-43";"astertri";14,00;6;7;5;15;5,58;7,05;5,31;7,38;0,54;5,89;3,92;125;9;7
"b2-42-11";"astertri";14,00;7;7;5;15;5,60;6,78;5,64;7,38;0,48;5,93;3,80;217;23;7
"b2-42-12";"ammopare";1,00;6;7;5;1;5,67;6,68;5,05;7,25;0,31;5,85;3,83;132;12;1
"b2-42-13";"coronsqu";3,00;6;7;12;13;5,89;6,86;5,89;7,28;0,59;5,77;3,82;138;6;2
"b2-43-11";"coronsqu";3,00;6;7;5;13;6,11;6,65;5,67;7,15;0,35;5,77;3,65;158;14;2
"b2-43-21";"ammopare";1,00;6;7;5;1;5,93;6,68;5,47;7,04;0,27;5,75;3,59;155;13;1
"b2-43-23";"coronsqu";3,00;6;7;12;13;6,25;6,87;6,25;6,90;0,40;5,69;3,52;119;4;2
"b2-43-31";"coronsqu";3,00;6;7;12;13;6,13;6,66;5,37;7,07;0,42;5,77;3,57;142;17;2
"b2-43-43";"coronsqu";3,00;6;7;12;13;6,40;6,60;5,62;6,95;0,35;5,80;3,61;133;18;2
"b2-44-12";"coronsqu";3,00;6;7;12;13;6,20;6,80;5,80;7,11;0,56;5,85;3,58;139;8;2
"b2-44-13";"coronsqu";3,00;6;7;12;13;6,47;6,88;5,42;7,09;0,31;5,73;3,54;98;7;2
"b2-44-31";"coronsqu";3,00;6;7;12;13;6,17;6,80;5,81;6,88;0,64;5,74;3,62;129;3;2
"b2-44-32";"coronsqu";3,00;6;7;12;13;6,48;6,93;5,47;6,93;0,31;5,77;3,65;136;12;2
"b2-51-13";"coronsqu";3,00;6;7;5;13;6,03;6,89;5,48;7,21;0,49;5,87;3,77;168;24;2
"b2-51-14";"coronsqu";3,00;6;7;12;13;6,10;6,45;5,76;6,92;0,38;5,75;3,58;174;11;2
"b2-51-21";"coronsqu";3,00;6;7;5;13;5,73;6,61;5,32;7,15;0,55;5,84;3,57;155;18;2
"b2-51-22";"coronsqu";3,00;6;7;12;13;6,27;6,73;5,72;7,17;0,53;5,73;3,67;133;7;2
"b2-51-23";"coronsqu";3,00;2;5;2;13;6,00;6,78;5,86;7,04;0,52;5,86;3,59;240;28;2
"b2-51-24";"coronsqu";3,00;6;7;12;13;5,83;6,68;5,75;7,15;0,66;5,76;3,60;160;3;2
"b2-51-31";"coronsqu";3,00;6;7;12;13;6,10;6,79;5,72;6,97;0,29;5,81;3,64;121;10;2
"b2-51-42";"buddldav";12,00;7;5;2;2;5,60;6,57;5,69;7,16;0,55;5,86;3,66;264;25;6
"b2-51-44";"buddldav";12,00;2;5;2;2;5,79;6,66;5,90;7,15;0,51;5,90;3,73;293;32;6
"b2-52-11";"astertri";14,00;6;5;5;15;5,97;6,65;5,79;7,37;0,76;5,87;3,77;199;29;7
"b2-52-14";"astertri";14,00;6;7;5;15;5,84;6,70;5,73;7,31;0,51;5,84;3,71;188;21;7
"b2-52-21";"coronsqu";3,00;6;7;12;13;5,90;6,68;5,92;7,11;0,42;5,79;3,63;192;16;2
"b2-52-23";"coronsqu";3,00;6;7;12;13;6,26;7,04;6,16;7,14;0,60;5,69;3,69;124;4;2
"b2-52-33";"coronsqu";3,00;6;7;12;13;6,22;6,41;6,02;6,86;0,25;5,67;3,44;135;9;2
"b2-53-11";"coronsqu";3,00;6;7;12;13;6,47;6,88;5,98;6,87;0,30;5,74;3,53;144;10;2
"b2-53-12";"coronsqu";3,00;6;7;12;13;6,33;6,95;6,31;7,03;0,50;5,65;3,70;119;5;2
"b2-53-23";"coronsqu";3,00;6;7;12;13;5,63;6,58;6,20;7,10;0,77;5,72;3,59;167;6;2
"b2-53-24";"coronsqu";3,00;6;7;12;13;6,16;6,73;6,25;6,98;0,37;5,77;3,56;162;11;2
"b2-53-42";"coronsqu";3,00;6;7;12;13;6,18;6,82;5,92;7,04;0,34;5,76;3,56;111;6;2
"b2-54-12";"coronsqu";3,00;6;7;12;13;6,07;7,00;6,83;7,09;0,55;5,80;3,71;189;5;2
"b2-54-13";"coronsqu";3,00;6;7;12;13;6,25;7,03;6,32;7,12;0,43;5,86;3,78;176;9;2
"b2-54-31";"coronsqu";3,00;6;7;12;13;6,14;6,92;6,51;7,07;0,58;5,80;3,64;208;8;2
"b2-54-32";"coronsqu";3,00;6;7;12;13;6,10;7,03;6,75;7,12;0,68;5,76;3,55;174;3;2
"b2-54-34";"coronsqu";3,00;6;7;12;13;6,24;6,93;6,95;7,09;0,79;5,79;3,63;151;6;2
"b2-57-31";"coronsqu";3,00;6;7;12;13;6,28;6,73;5,72;7,08;0,58;5,77;3,58;120;10;2
"b2-57-41";"loliumul";4,00;6;7;12;11;6,09;6,64;5,34;7,01;0,38;5,90;3,69;119;14;3
"b2-57-42";"coronsqu";3,00;6;7;12;13;6,11;6,90;6,22;7,19;1,14;5,73;3,53;143;4;2
"b2-58-14";"coronsqu";3,00;6;7;12;13;6,38;6,67;5,84;6,94;0,39;5,74;3,63;119;8;2
"b2-58-41";"coronsqu";3,00;6;7;12;13;6,45;7,00;5,81;7,11;0,72;5,71;3,65;129;5;2
"b3-51-23";"coronsqu";3,00;6;7;12;13;6,12;7,00;5,59;7,00;0,40;5,77;3,65;107;5;2
"b3-52-44";"coronsqu";3,00;6;7;12;13;6,44;6,86;6,03;7,02;0,40;5,77;3,59;124;7;2
"b4-16-11";"molincae";9,00;4;4;4;4;5,67;5,44;5,50;6,87;0,24;5,69;3,53;149;12;5
"b4-16-12";"molincae";9,00;4;2;4;4;5,70;5,37;5,56;6,82;0,26;5,62;3,46;129;7;5
"b4-16-21";"molincae";9,00;4;2;4;4;5,51;5,24;5,29;6,73;0,19;5,65;3,50;142;11;5
"b4-16-24";"molincae";9,00;4;2;4;4;5,66;5,28;5,68;6,63;0,27;5,59;3,39;146;18;5
"b4-16-32";"molincae";9,00;4;2;4;4;5,42;5,09;5,53;6,81;0,27;5,54;3,46;123;11;5
"b4-16-41";"molincae";9,00;4;2;4;4;5,57;5,41;5,57;6,75;0,25;5,58;3,47;147;8;5
"b4-16-42";"molincae";8,00;3;1;13;14;5,58;5,33;5,87;6,66;0,22;5,54;3,41;176;20;5
"b4-16-43";"molincae";9,00;4;2;4;4;5,56;5,10;5,63;6,73;0,21;5,51;3,46;117;7;5
"b4-16-44";"molincae";9,00;4;2;4;4;5,35;4,97;5,59;6,63;0,25;5,56;3,38;132;8;5
"b4-17-11";"molincae";8,00;3;1;13;14;5,55;5,41;6,10;6,77;0,20;5,59;3,46;162;9;5
"b4-17-12";"molincae";9,00;4;2;4;4;5,76;5,65;5,35;6,81;0,21;5,72;3,63;148;24;5
"b4-17-13";"molincae";9,00;4;2;4;4;5,73;5,42;5,51;6,50;0,20;5,55;3,56;109;12;5
"b4-17-14";"molincae";8,00;3;1;13;14;5,30;5,01;5,53;6,59;0,19;5,58;3,32;192;18;5
"b4-17-21";"molincae";8,00;3;5;13;14;5,52;5,58;5,20;6,78;0,18;5,76;3,53;205;32;5
"b4-17-22";"molincae";10,00;3;1;11;12;5,46;5,48;6,04;6,78;0,23;5,62;3,42;231;19;5
"b4-17-23";"molincae";8,00;3;1;13;14;5,42;5,40;5,24;6,62;0,16;5,69;3,39;212;31;5
"b4-17-24";"molincae";10,00;3;1;11;12;5,43;5,41;6,01;6,77;0,21;5,59;3,43;218;14;5
"b4-17-31";"molincae";9,00;4;2;4;4;5,31;5,16;5,25;6,78;0,14;5,72;3,35;148;18;5
"b4-17-32";"molincae";8,00;3;1;13;14;5,33;5,26;5,53;6,71;0,16;5,68;3,44;207;25;5
"b4-17-33";"molincae";10,00;3;1;11;12;5,11;5,21;6,34;6,77;0,24;5,53;3,42;237;17;5
"b4-17-34";"molincae";9,00;4;2;4;4;5,08;4,80;5,36;6,74;0,19;5,62;3,38;119;13;5
"b4-17-41";"molincae";8,00;3;1;13;14;5,40;5,50;5,37;6,69;0,18;5,71;3,36;244;37;5
"b4-17-42";"molincae";10,00;3;1;11;12;5,28;5,43;6,03;6,72;0,20;5,64;3,51;271;28;5
"b4-17-43";"molincae";8,00;3;1;13;14;5,58;5,54;5,73;6,67;0,19;5,64;3,54;180;25;5
"b4-17-44";"molincae";10,00;3;1;13;12;5,56;5,50;6,10;6,70;0,20;5,62;3,48;216;27;5
"b4-18-11";"molincae";9,00;4;2;4;4;5,53;5,51;5,64;6,86;0,20;5,64;3,47;145;13;5
"b4-18-12";"molincae";8,00;4;2;4;14;5,62;5,45;5,36;6,88;0,24;5,71;3,57;150;23;5
"b4-18-13";"molincae";9,00;4;2;4;4;5,33;5,27;5,83;6,92;0,24;5,52;3,43;133;7;5
"b4-18-14";"molincae";9,00;4;2;4;4;5,57;5,36;5,56;6,84;0,27;5,65;3,37;127;11;5
"b4-18-21";"molincae";9,00;4;2;4;4;5,85;5,51;5,66;6,94;0,30;5,58;3,50;95;11;5
"b4-18-22";"molincae";9,00;4;2;4;4;5,65;5,01;5,54;6,96;0,25;5,57;3,47;112;5;5
"b4-18-23";"molincae";9,00;4;2;4;4;5,67;5,70;5,58;6,75;0,28;5,65;3,57;94;9;5
"b4-18-31";"molincae";9,00;4;2;4;4;5,22;5,39;5,47;6,88;0,24;5,65;3,45;146;13;5
"b4-18-33";"molincae";9,00;4;2;4;4;5,43;5,51;5,74;6,90;0,25;5,60;3,59;132;10;5
"b4-18-34";"molincae";9,00;4;2;4;4;5,52;5,43;6,12;6,84;0,27;5,50;3,40;113;6;5
"b4-18-41";"molincae";9,00;4;2;4;4;5,94;5,85;5,67;6,81;0,28;5,64;3,68;107;12;5
"b4-18-42";"molincae";10,00;3;1;11;12;5,65;5,60;6,78;6,95;0,19;5,62;3,60;179;14;5
"b4-18-43";"molincae";11,00;4;2;9;8;5,33;5,20;6,45;7,00;0,22;5,52;3,46;150;7;5
"b4-18-44";"molincae";11,00;4;2;9;8;5,60;5,51;6,68;6,98;0,24;5,55;3,62;155;10;5
"b4-26-12";"molincae";9,00;4;2;4;4;5,34;4,72;6,01;6,83;0,22;5,50;3,51;125;8;5
"b4-26-21";"molincae";9,00;4;2;4;4;5,25;4,72;5,94;6,99;0,24;5,56;3,34;130;5;5
"b4-26-22";"molincae";11,00;4;2;9;8;4,74;4,44;6,50;7,15;0,30;5,49;3,19;101;2;5
"b4-26-23";"molincae";11,00;4;2;9;8;4,41;4,30;6,22;6,98;0,26;5,49;3,31;101;5;5
"b4-27-13";"molincae";9,00;4;2;4;4;4,56;4,68;5,87;7,08;0,22;5,48;3,28;138;9;5
"b4-27-14";"molincae";9,00;4;2;4;4;4,97;4,90;5,95;6,83;0,21;5,55;3,31;123;11;5
"b4-27-21";"molincae";8,00;3;1;13;14;5,16;5,04;5,88;6,69;0,21;5,59;3,31;184;16;5
"b4-27-22";"molincae";10,00;3;1;11;12;5,41;5,24;6,12;6,72;0,17;5,59;3,39;227;25;5
"b4-27-23";"molincae";9,00;4;2;4;4;5,21;4,98;5,67;6,76;0,20;5,65;3,31;145;18;5
"b4-27-24";"molincae";9,00;4;2;4;4;5,91;5,78;5,90;6,85;0,23;5,48;3,51;111;6;5
"b4-27-34";"molincae";9,00;4;2;4;4;4,97;4,70;5,92;6,94;0,18;5,50;3,31;152;13;5
"b4-27-41";"buddldav";12,00;2;5;13;2;5,71;5,84;5,56;6,67;0,18;5,74;3,51;239;46;6
"b4-27-42";"molincae";9,00;4;2;4;4;6,32;5,85;5,76;6,60;0,17;5,52;3,47;130;13;5
"b4-27-43";"molincae";8,00;2;5;13;14;5,66;5,99;5,32;6,82;0,20;5,75;3,59;184;32;5
"b4-28-11";"molincae";9,00;4;2;4;4;5,72;5,46;5,96;6,85;0,30;5,57;3,51;144;9;5
"b4-28-12";"molincae";9,00;4;2;4;4;5,54;5,42;6,13;7,02;0,34;5,56;3,51;134;10;5
"b4-28-14";"molincae";9,00;4;2;4;4;6,00;5,64;5,67;6,85;0,29;5,65;3,63;120;12;5
"b4-28-21";"molincae";9,00;4;2;4;4;5,63;5,31;5,59;6,95;0,25;5,65;3,51;124;10;5
"b4-28-22";"molincae";9,00;4;2;4;4;5,24;5,30;5,98;7,14;0,40;5,54;3,48;102;5;5
"b4-28-23";"molincae";9,00;4;2;4;4;5,36;4,77;5,79;6,80;0,27;5,56;3,56;98;10;5
"b4-28-24";"molincae";9,00;4;2;4;4;5,56;5,02;5,83;6,99;0,25;5,58;3,49;109;12;5
"b4-28-31";"molincae";9,00;4;2;4;4;6,13;5,79;6,13;6,94;0,33;5,46;3,52;99;4;5
"b4-28-32";"molincae";9,00;4;2;4;4;5,78;5,46;5,37;6,92;0,20;5,69;3,63;123;11;5
"b4-28-41";"molincae";9,00;4;2;4;4;5,58;5,14;6,02;6,69;0,23;5,52;3,46;151;8;5
"b4-28-42";"molincae";9,00;4;2;4;4;5,62;5,18;5,87;6,95;0,37;5,57;3,53;100;6;5
"b4-28-43";"molincae";9,00;4;2;4;4;5,63;5,46;6,01;6,87;0,31;5,58;3,57;119;6;5
"b4-28-44";"molincae";9,00;4;2;4;4;5,16;4,89;5,56;7,02;0,30;5,59;3,36;98;6;5
"b4-33-22";"astertri";14,00;6;7;5;15;6,23;6,46;5,86;7,38;1,03;5,72;3,81;117;8;7
"b4-33-24";"astertri";14,00;6;7;5;15;6,18;6,63;5,59;7,37;0,94;5,84;3,88;137;14;7
"b4-33-42";"astertri";14,00;6;7;5;15;6,31;6,64;5,85;7,36;1,08;5,78;4,00;93;6;7
"b4-33-43";"coronsqu";3,00;6;7;12;13;6,24;6,98;5,52;7,21;0,92;5,78;3,69;124;8;2
"b4-34-12";"astertri";14,00;6;7;5;15;5,61;6,69;5,07;7,18;0,37;5,79;3,87;120;14;7
"b4-34-22";"astertri";14,00;6;5;5;15;5,85;6,63;5,71;7,19;0,36;5,80;3,68;183;16;7
"b4-34-24";"astertri";14,00;6;5;5;15;5,85;6,53;5,81;7,25;0,42;5,74;3,70;174;21;7
"b4-34-44";"astertri";14,00;6;5;5;15;5,41;5,84;5,24;7,12;0,38;5,74;3,74;157;13;7
"b4-35-14";"molincae";9,00;4;2;4;4;5,53;5,23;5,57;7,06;0,26;5,66;3,38;112;6;5
"b4-35-31";"molincae";9,00;6;4;4;4;6,28;6,12;5,32;6,96;0,27;5,72;3,70;94;13;5
"b4-35-33";"astertri";14,00;6;4;5;15;5,80;6,03;5,48;7,11;0,28;5,73;3,73;142;14;7
"b4-35-41";"molincae";8,00;4;2;13;14;5,15;5,19;5,18;6,87;0,19;5,70;3,46;159;16;5
"b4-35-42";"molincae";9,00;4;2;4;4;5,22;4,92;5,11;6,84;0,21;5,53;3,30;112;6;5
"b4-35-43";"molincae";8,00;3;5;13;14;5,61;5,84;5,52;6,95;0,25;5,69;3,58;177;17;5
"b4-35-44";"molincae";9,00;4;2;4;4;5,38;5,23;5,95;6,89;0,28;5,63;3,39;119;12;5
"b4-36-33";"molincae";8,00;3;1;13;14;5,45;5,21;5,77;6,70;0,23;5,63;3,40;191;21;5
"b4-36-34";"molincae";8,00;3;1;13;14;5,74;5,48;5,70;6,57;0,18;5,72;3,43;183;30;5
"b4-36-41";"molincae";9,00;4;2;4;4;5,92;5,76;5,36;6,76;0,25;5,79;3,54;127;29;5
"b4-36-42";"molincae";8,00;4;2;13;14;5,63;5,53;5,61;6,53;0,21;5,60;3,33;158;16;5
"b4-36-43";"molincae";9,00;4;2;4;4;5,81;5,54;5,83;6,55;0,13;5,61;3,54;141;21;5
"b4-36-44";"molincae";8,00;3;1;13;14;5,18;5,26;6,14;6,77;0,19;5,62;3,31;206;21;5
"b4-37-12";"molincae";8,00;3;1;13;14;5,02;4,92;5,67;6,82;0,18;5,62;3,32;190;23;5
"b4-37-14";"molincae";8,00;4;2;4;14;5,06;4,91;6,25;6,71;0,22;5,53;3,30;163;16;5
"b4-37-21";"molincae";9,00;4;2;4;4;5,44;5,75;5,37;6,91;0,24;5,72;3,48;128;15;5
"b4-37-22";"molincae";9,00;4;4;4;4;5,98;5,66;5,45;6,77;0,27;5,75;3,52;131;20;5
"b4-37-23";"molincae";9,00;4;2;4;4;4,89;4,98;5,93;6,83;0,23;5,50;3,37;145;16;5
"b4-37-24";"molincae";9,00;4;2;4;4;5,57;5,21;5,45;6,31;0,17;5,53;3,25;108;12;5
"b4-37-33";"molincae";9,00;4;2;4;4;4,97;4,82;5,50;6,68;0,23;5,58;3,36;109;8;5
"b4-38-13";"molincae";8,00;4;2;13;14;5,10;4,79;6,02;6,74;0,23;5,53;3,25;177;13;5
"b4-38-21";"molincae";9,00;4;2;4;4;5,54;5,13;5,55;6,61;0,28;5,62;3,37;125;14;5
"b4-38-22";"molincae";9,00;4;2;4;4;5,37;5,02;5,57;6,84;0,24;5,58;3,30;113;12;5
"b4-38-23";"molincae";9,00;4;2;4;4;5,95;5,46;5,95;6,65;0,30;5,64;3,42;116;14;5
"b4-38-24";"molincae";9,00;4;2;4;4;5,73;5,22;5,48;6,76;0,23;5,56;3,38;103;10;5
"b4-38-31";"molincae";8,00;4;2;4;14;4,69;4,84;5,86;7,02;0,17;5,60;3,32;168;13;5
"b4-38-32";"molincae";8,00;3;1;13;14;5,45;5,30;5,64;6,80;0,21;5,74;3,39;192;24;5
"b4-38-33";"molincae";8,00;3;1;13;14;5,10;5,12;5,77;6,91;0,18;5,65;3,40;182;19;5
"b4-38-34";"molincae";8,00;3;1;13;14;5,20;5,23;5,72;6,82;0,16;5,67;3,47;217;30;5
"b4-38-42";"molincae";9,00;4;2;4;4;6,12;5,75;5,68;6,96;0,29;5,64;3,64;87;15;5
"b4-42-44";"coronsqu";3,00;6;7;12;13;6,44;7,06;5,82;7,08;0,29;5,78;3,74;126;10;2
"b4-43-14";"coronsqu";3,00;6;7;12;13;6,41;6,73;5,60;7,00;0,43;5,70;3,63;117;8;2
"b4-43-21";"coronsqu";3,00;6;7;12;13;6,38;6,90;5,57;7,24;0,87;5,84;3,93;133;12;2
"b4-43-22";"buddldav";12,00;2;5;2;2;6,11;6,70;5,55;7,15;0,72;5,90;3,86;222;29;6
"b4-43-24";"astertri";14,00;6;7;5;15;6,18;6,83;5,99;7,12;0,66;5,79;3,76;195;16;7
"b4-43-34";"coronsqu";3,00;6;7;12;13;6,60;6,97;6,36;7,08;0,81;5,72;3,65;123;4;2
"b4-44-12";"astertri";14,00;6;7;5;15;5,76;6,69;4,95;7,53;0,77;5,88;4,18;104;16;7
"b4-44-21";"astertri";14,00;6;7;5;15;5,98;6,65;5,38;7,39;0,47;5,87;3,81;117;12;7
"b4-44-22";"astertri";14,00;6;7;5;15;5,90;6,38;5,26;7,35;0,32;5,81;3,84;133;12;7
"b4-44-23";"astertri";14,00;6;7;5;15;5,83;6,68;5,80;7,53;0,91;5,82;3,95;120;11;7
"b4-44-34";"astertri";14,00;6;7;5;15;6,10;6,63;5,43;7,18;0,77;5,87;3,75;152;21;7
"b4-44-41";"astertri";14,00;6;7;5;15;5,70;6,70;5,75;7,53;1,00;5,85;3,83;130;12;7
"b4-44-43";"astertri";14,00;6;7;5;15;5,57;6,55;5,43;7,41;0,51;5,86;3,76;135;12;7
"b4-45-11";"buddldav";13,00;6;4;1;17;5,87;6,16;5,43;6,80;0,24;5,75;3,55;151;16;6
"b4-45-12";"buddldav";12,00;2;5;2;2;6,13;6,28;5,89;6,91;0,26;5,80;3,68;220;29;6
"b4-45-13";"buddldav";12,00;2;5;2;2;5,78;6,55;5,64;7,19;0,38;5,91;3,85;235;36;6
"b4-45-14";"buddldav";12,00;2;5;2;2;5,92;6,59;5,51;7,17;0,31;5,85;3,84;203;34;6
"b4-45-21";"buddldav";12,00;2;6;2;2;5,67;6,00;5,95;6,89;0,23;5,81;3,66;295;38;6
"b4-45-22";"molincae";8,00;4;2;6;14;5,76;5,91;6,15;7,03;0,26;5,72;3,63;161;16;5
"b4-45-23";"astertri";14,00;6;5;5;15;6,05;6,72;5,48;7,22;0,35;5,81;3,83;162;20;7
"b4-45-31";"astertri";14,00;6;5;5;15;5,54;6,52;5,00;7,29;0,25;5,85;3,86;136;22;7
"b4-45-32";"astertri";14,00;6;5;5;15;5,87;6,76;5,66;7,30;0,38;5,88;3,92;161;20;7
"b4-45-33";"astertri";14,00;6;5;5;15;5,69;6,71;5,56;7,34;0,39;5,82;3,82;163;21;7
"b4-45-34";"astertri";14,00;6;7;5;15;5,98;6,89;5,47;7,45;0,46;5,92;3,94;142;19;7
"b4-45-41";"astertri";14,00;6;5;5;15;6,14;6,71;5,47;7,19;0,33;5,89;3,97;173;30;7
"b4-45-43";"astertri";14,00;6;7;5;15;6,45;6,82;5,67;7,26;0,46;5,83;3,68;123;26;7
"b4-45-44";"loliumul";4,00;6;7;12;11;6,38;6,73;5,75;7,10;0,25;5,75;3,64;111;2;3
"b4-46-11";"molincae";8,00;3;1;13;14;5,95;5,95;6,14;6,99;0,28;5,64;3,62;177;21;5
"b4-46-12";"molincae";8,00;3;1;11;14;5,57;5,74;6,04;6,81;0,16;5,72;3,55;269;27;5
"b4-46-14";"molincae";8,00;3;1;13;14;5,54;5,59;5,77;6,91;0,19;5,67;3,51;199;23;5
"b4-46-22";"molincae";9,00;4;2;4;4;5,29;5,09;5,43;6,86;0,30;5,65;3,38;121;12;5
"b4-46-31";"loliumul";4,00;6;7;12;11;6,10;6,46;5,77;6,98;0,35;5,75;3,59;118;6;3
"b4-46-32";"filipulm";6,00;6;4;6;3;5,98;6,22;6,70;7,03;0,34;5,61;3,76;146;12;4
"b4-46-33";"loliumul";4,00;6;7;12;11;6,35;6,63;6,21;7,04;0,32;5,66;3,62;106;5;3
"b4-46-34";"loliumul";4,00;6;4;6;11;6,14;6,14;6,09;7,00;0,37;5,67;3,49;122;13;3
"b4-46-41";"filipulm";6,00;4;2;6;3;5,90;5,80;6,41;6,95;0,24;5,54;3,52;139;10;4
"b4-47-12";"molincae";8,00;3;1;13;14;5,10;5,20;5,54;6,73;0,18;5,66;3,33;180;21;5
"b4-47-13";"molincae";9,00;4;2;4;4;5,61;5,47;5,80;6,68;0,27;5,62;3,28;97;12;5
"b4-47-14";"molincae";8,00;3;1;13;14;5,44;5,30;5,31;6,64;0,20;5,71;3,39;190;28;5
"b4-47-23";"molincae";9,00;4;2;4;4;5,22;5,25;5,58;6,58;0,20;5,56;3,33;88;13;5
"b4-47-24";"molincae";9,00;4;2;4;4;4,88;4,82;5,63;6,83;0,15;5,63;3,35;133;12;5
"b4-47-32";"molincae";8,00;4;2;13;14;5,16;5,45;5,10;6,84;0,19;5,74;3,48;167;26;5
"b4-47-41";"molincae";8,00;3;1;13;14;5,31;5,44;5,94;6,59;0,21;5,58;3,38;223;17;5
"b4-48-11";"molincae";11,00;4;2;4;8;5,09;5,23;5,90;6,95;0,18;5,56;3,45;129;10;5
"b4-48-12";"molincae";8,00;3;1;13;14;4,93;5,18;5,69;7,00;0,20;5,55;3,33;207;20;5
"b4-48-13";"molincae";10,00;3;1;11;12;5,04;5,21;6,33;6,80;0,21;5,62;3,34;232;21;5
"b4-48-14";"molincae";9,00;4;2;4;4;5,28;5,42;5,72;6,83;0,19;5,50;3,40;106;11;5
"b4-48-21";"molincae";9,00;4;2;4;4;5,09;4,95;5,53;6,77;0,17;5,60;3,36;132;15;5
"b4-48-23";"molincae";9,00;4;2;4;4;5,54;5,36;5,24;6,86;0,18;5,65;3,38;117;13;5
"b4-48-24";"molincae";8,00;4;2;13;14;5,15;5,26;5,50;6,93;0,20;5,72;3,51;168;20;5
"b4-48-32";"molincae";8,00;3;1;13;14;5,37;5,60;5,81;6,89;0,17;5,71;3,60;236;31;5
"b4-48-41";"molincae";9,00;4;2;4;4;5,62;5,34;5,29;6,55;0,19;5,69;3,32;122;17;5
"b4-48-42";"molincae";9,00;4;2;4;4;5,56;5,29;5,30;6,71;0,24;5,64;3,44;115;11;5
"b4-48-43";"molincae";10,00;3;1;11;12;5,22;5,28;6,09;6,77;0,18;5,57;3,43;237;25;5
"b4-48-44";"molincae";8,00;3;1;13;14;5,38;5,13;6,18;6,55;0,20;5,56;3,38;161;19;5
"b4-51-44";"coronsqu";3,00;6;7;12;13;6,19;6,68;6,18;7,04;0,35;5,74;3,59;127;5;2
"b4-52-24";"coronsqu";3,00;6;7;12;13;6,18;6,90;6,17;7,13;0,49;5,84;3,56;139;11;2
"b4-52-31";"coronsqu";3,00;6;7;12;13;6,21;6,58;6,01;7,06;0,22;5,69;3,72;132;5;2
"b4-52-34";"coronsqu";3,00;6;7;12;13;6,23;6,50;6,76;7,09;0,46;5,72;3,60;157;5;2
"b4-52-41";"filipulm";7,00;2;6;3;9;5,97;6,47;6,11;7,02;0,34;5,80;3,69;270;25;4
"b4-53-13";"coronsqu";3,00;2;5;2;13;6,16;6,72;5,86;7,09;0,58;5,87;3,66;215;24;2
"b4-53-23";"astertri";14,00;6;7;5;15;6,05;6,68;5,57;7,25;0,37;5,84;3,87;140;15;7
"b4-53-31";"coronsqu";3,00;6;7;12;13;6,47;6,80;6,17;7,23;0,36;5,69;3,70;95;5;2
"b4-53-32";"astertri";14,00;6;7;5;15;5,94;6,92;6,17;7,29;0,79;5,81;3,64;192;17;7
"b4-53-44";"astertri";14,00;6;7;5;15;5,97;6,89;6,42;7,36;0,80;5,78;3,90;106;8;7
"b4-54-11";"astertri";14,00;6;7;5;15;5,55;6,57;5,57;7,26;0,42;5,76;3,90;108;8;7
"b4-54-21";"astertri";14,00;7;5;2;15;5,75;6,77;5,41;7,21;0,62;5,87;3,81;226;28;7
"b4-54-22";"astertri";14,00;6;7;5;15;5,74;7,01;5,47;7,40;0,64;5,91;3,87;156;18;7
"b4-54-24";"astertri";14,00;7;5;5;15;5,70;6,77;5,12;7,22;0,49;5,85;3,85;161;27;7
"b4-54-32";"astertri";14,00;6;7;5;15;5,78;6,48;5,89;7,35;0,63;5,87;3,76;158;20;7
"b4-54-41";"astertri";14,00;6;7;5;15;5,67;6,37;6,03;7,42;0,73;5,80;3,79;105;9;7
"b4-54-42";"astertri";14,00;2;5;5;15;5,46;6,47;6,01;7,22;0,57;5,82;3,75;237;20;7
"b4-54-44";"astertri";14,00;6;7;5;15;6,46;6,94;6,25;7,41;0,92;5,75;3,98;96;7;7
"b4-55-12";"astertri";14,00;7;5;5;15;5,85;6,71;5,45;7,36;0,28;5,89;3,91;171;25;7
"b4-55-13";"astertri";14,00;7;5;5;15;5,65;6,77;5,12;7,30;0,49;5,90;3,82;166;22;7
"b4-55-14";"astertri";14,00;6;7;5;15;5,93;6,98;5,53;7,34;0,36;5,84;4,07;122;19;7
"b4-55-21";"astertri";14,00;6;7;5;15;5,91;6,75;6,06;7,28;0,50;5,82;3,83;148;17;7
"b4-55-23";"astertri";14,00;2;5;2;15;5,76;6,62;6,23;7,23;0,33;5,80;3,87;227;30;7
"b4-55-31";"astertri";14,00;6;7;5;15;5,96;6,77;5,21;7,32;0,56;5,88;3,90;140;14;7
"b4-55-32";"astertri";14,00;6;5;5;15;5,72;6,54;5,10;7,27;0,47;5,82;3,79;153;17;7
"b4-55-33";"astertri";14,00;2;5;2;15;5,67;6,60;5,28;7,16;0,37;5,86;3,84;207;31;7
"b4-55-34";"astertri";14,00;7;5;2;15;5,85;6,61;5,27;7,20;0,46;5,91;3,81;204;31;7
"b4-55-41";"astertri";14,00;6;7;5;15;5,91;7,07;5,55;7,36;0,49;5,96;4,40;103;21;7
"b4-55-44";"astertri";14,00;6;7;5;15;5,96;6,76;4,88;7,36;0,33;6,03;4,03;95;30;7
"b4-56-11";"coronsqu";3,00;6;7;12;13;6,16;6,78;5,96;7,21;0,22;5,74;3,78;144;8;2
"b4-56-12";"loliumul";4,00;6;4;6;11;6,23;6,16;5,88;7,02;0,32;5,74;3,63;136;11;3
"b4-56-13";"buddldav";12,00;2;5;2;2;5,85;6,61;5,95;7,16;0,35;5,87;3,81;256;35;6
"b4-56-23";"loliumul";4,00;6;7;12;11;6,05;6,79;5,79;7,05;0,24;5,75;3,72;137;6;3
"b4-56-31";"astertri";14,00;6;7;5;15;5,85;6,74;6,07;7,23;0,36;5,88;3,89;166;21;7
"b4-56-32";"astertri";14,00;2;5;2;15;5,83;6,57;6,00;7,06;0,40;5,77;3,83;225;19;7
"b4-56-34";"buddldav";12,00;2;5;2;2;5,85;6,70;5,72;7,16;0,32;5,89;3,96;227;50;6
"b4-56-41";"astertri";14,00;6;5;5;15;6,11;6,58;5,86;6,99;0,21;5,78;3,77;170;18;7
"b4-56-42";"molincae";9,00;6;4;6;4;5,80;5,98;5,59;6,87;0,18;5,62;3,75;132;10;5
"b4-56-43";"buddldav";12,00;2;5;2;2;5,69;6,57;6,15;7,07;0,31;5,77;3,78;295;32;6
"b4-56-44";"filipulm";5,00;2;5;2;7;5,90;6,31;5,69;6,71;0,15;5,65;3,58;188;19;4
"b4-57-31";"buddldav";13,00;6;5;2;17;5,68;6,07;5,25;7,01;0,18;5,76;3,65;164;24;6
"b4-57-33";"astertri";14,00;2;5;2;15;5,68;6,41;5,42;7,09;0,19;5,76;3,83;191;23;7
"b4-57-41";"molincae";9,00;4;2;4;4;5,81;5,76;5,55;6,82;0,22;5,63;3,54;133;18;5
"b4-58-11";"molincae";11,00;4;2;9;8;5,49;5,26;6,24;6,53;0,21;5,56;3,48;130;10;5
"b4-58-21";"molincae";9,00;4;2;4;4;5,83;5,28;5,84;6,66;0,23;5,65;3,60;103;16;5
"b4-58-22";"molincae";8,00;3;1;13;14;5,39;5,51;6,05;6,67;0,19;5,62;3,38;215;24;5
"b4-58-23";"molincae";9,00;4;2;4;4;4,88;5,02;5,81;7,12;0,23;5,60;3,48;150;11;5
"b4-58-24";"molincae";9,00;4;2;4;4;5,35;5,66;5,28;6,70;0,20;5,55;3,51;132;14;5
"b4-58-32";"molincae";9,00;4;2;4;4;5,19;5,42;5,85;6,76;0,26;5,54;3,45;102;6;5
"b4-58-42";"molincae";11,00;4;2;9;8;5,35;5,57;6,38;6,94;0,13;5,60;3,45;120;8;5
"b4-58-43";"molincae";9,00;4;2;4;4;5,89;5,96;5,83;6,87;0,21;5,77;3,57;120;21;5
"b4-58-44";"molincae";10,00;3;1;11;12;5,53;5,70;6,34;6,77;0,19;5,68;3,49;274;27;5
"b5-11-31";"molincae";10,00;3;1;9;12;5,25;5,35;7,04;6,94;0,22;5,54;3,60;188;8;5
"b5-11-33";"molincae";11,00;4;2;9;8;5,42;5,32;6,76;7,02;0,31;5,53;3,47;143;7;5
"b5-11-34";"molincae";9,00;4;2;4;4;5,36;5,21;5,81;7,02;0,26;5,64;3,55;148;17;5
"b5-11-44";"molincae";9,00;4;2;4;4;5,96;5,40;5,60;6,90;0,28;5,63;3,50;108;8;5
"b5-12-43";"molincae";9,00;4;2;4;4;5,78;5,69;6,15;6,84;0,23;5,61;3,57;118;9;5
"b5-12-44";"filipulm";6,00;4;2;6;3;5,76;5,59;6,44;6,73;0,24;5,54;3,50;153;6;4
"b5-13-11";"molincae";10,00;3;1;11;12;5,37;5,36;6,75;6,86;0,17;5,56;3,58;185;11;5
"b5-13-12";"molincae";10,00;3;1;11;12;5,34;5,38;6,97;6,86;0,22;5,57;3,48;221;16;5
"b5-13-14";"molincae";9,00;4;2;4;4;5,60;5,06;5,46;7,00;0,26;5,67;3,53;103;12;5
"b5-13-23";"molincae";9,00;4;2;4;4;5,58;5,20;5,84;7,05;0,38;5,58;3,40;94;7;5
"b5-13-42";"molincae";10,00;3;1;11;12;5,37;5,27;6,34;6,73;0,25;5,51;3,45;191;16;5
"b5-13-43";"molincae";11,00;4;2;9;8;5,66;5,40;6,40;6,65;0,20;5,40;3,42;130;6;5
"b5-13-44";"molincae";8,00;3;1;11;14;5,58;5,45;6,09;6,91;0,21;5,61;3,59;216;21;5
"b5-14-21";"filipulm";6,00;3;1;9;3;5,76;5,81;6,72;6,81;0,24;5,49;3,58;176;9;4
"b5-14-23";"molincae";11,00;4;2;9;8;5,65;5,69;6,63;6,86;0,23;5,49;3,59;156;5;5
"b5-14-24";"molincae";9,00;4;2;4;4;6,06;5,75;6,22;6,94;0,27;5,50;3,58;105;9;5
"b5-14-32";"molincae";9,00;4;2;4;4;5,98;5,61;6,06;6,51;0,22;5,56;3,51;121;14;5
"b5-14-42";"molincae";10,00;3;1;11;12;5,45;5,55;6,31;6,79;0,20;5,59;3,56;231;17;5
"b5-14-44";"molincae";9,00;4;2;6;4;5,51;5,59;5,81;6,84;0,25;5,55;3,54;136;6;5
"b5-15-11";"molincae";9,00;4;2;4;4;6,06;5,41;5,44;6,64;0,21;5,67;3,41;110;23;5
"b5-15-23";"molincae";8,00;3;1;13;14;5,47;5,39;5,96;6,74;0,21;5,71;3,37;218;25;5
"b5-15-31";"molincae";11,00;4;2;9;8;5,53;5,40;7,01;6,70;0,17;5,40;3,48;145;4;5
"b5-15-32";"molincae";10,00;3;1;9;12;5,07;5,11;6,30;6,73;0,23;5,50;3,46;178;6;5
"b5-15-33";"molincae";10,00;3;1;11;12;5,33;5,40;6,70;6,73;0,24;5,45;3,56;191;4;5
"b5-15-41";"molincae";10,00;3;1;11;12;5,05;5,20;6,58;6,78;0,19;5,44;3,32;217;5;5
"b5-15-42";"molincae";10,00;3;1;11;12;5,31;5,43;6,49;6,64;0,24;5,48;3,49;226;13;5
"b5-15-43";"molincae";11,00;4;2;9;8;4,92;4,80;6,19;6,97;0,30;5,48;3,36;155;6;5
"b5-15-44";"molincae";10,00;3;1;11;12;5,21;5,44;6,74;6,73;0,17;5,53;3,44;287;15;5
"b5-16-33";"molincae";11,00;4;2;9;8;5,94;5,70;6,84;6,61;0,24;5,48;3,54;113;6;5
"b5-17-41";"molincae";9,00;4;2;4;4;5,44;4,98;5,09;6,60;0,20;5,66;3,33;132;9;5
"b5-18-43";"molincae";9,00;4;2;4;4;5,09;4,82;5,32;6,86;0,29;5,66;3,54;97;11;5
"b5-21-13";"molincae";9,00;4;2;4;4;5,27;5,00;5,67;6,90;0,25;5,53;3,51;104;8;5
"b5-21-31";"molincae";9,00;4;2;4;4;5,56;5,20;6,12;6,83;0,20;5,52;3,51;140;13;5
"b5-21-43";"molincae";9,00;4;2;4;4;5,98;5,54;5,47;6,94;0,38;5,66;3,50;92;9;5
"b5-21-44";"molincae";9,00;4;2;4;4;6,10;6,03;6,22;6,90;0,20;5,56;3,57;92;9;5
"b5-22-12";"molincae";9,00;4;2;4;4;5,69;5,65;5,37;6,88;0,31;5,69;3,54;94;6;5
"b5-22-13";"molincae";9,00;4;2;6;4;6,04;5,63;5,96;6,91;0,33;5,63;3,45;114;7;5
"b5-22-14";"filipulm";6,00;4;2;6;3;6,06;5,95;6,43;6,78;0,19;5,51;3,59;124;5;4
"b5-22-21";"filipulm";6,00;4;2;9;3;5,87;5,57;6,45;6,82;0,34;5,44;3,42;130;4;4
"b5-22-24";"molincae";9,00;4;4;6;4;6,28;5,88;5,95;7,07;0,42;5,61;3,75;93;9;5
"b5-22-31";"molincae";8,00;3;1;13;14;5,67;5,40;6,04;6,64;0,21;5,57;3,46;170;17;5
"b5-22-33";"molincae";8,00;3;1;13;14;5,83;5,63;6,07;6,81;0,23;5,61;3,57;197;21;5
"b5-22-34";"molincae";10,00;3;1;11;12;5,54;5,53;6,51;6,80;0,22;5,59;3,54;212;14;5
"b5-22-43";"molincae";9,00;4;2;4;4;5,63;5,18;5,84;6,69;0,27;5,61;3,41;124;11;5
"b5-22-44";"molincae";9,00;4;2;4;4;5,84;5,58;5,80;6,81;0,40;5,55;3,55;96;7;5
"b5-23-13";"molincae";9,00;4;2;4;4;5,98;5,54;6,13;6,93;0,36;5,47;3,75;106;7;5
"b5-24-14";"molincae";11,00;4;2;9;8;5,51;5,42;6,36;6,83;0,35;5,50;3,45;105;3;5
"b5-24-22";"filipulm";6,00;6;4;6;3;6,06;5,77;5,83;6,90;0,33;5,56;3,56;123;6;4
"b5-24-31";"molincae";9,00;6;4;4;4;5,87;5,54;5,47;6,88;0,25;5,64;3,54;113;16;5
"b5-24-44";"molincae";9,00;4;2;4;4;6,00;5,78;5,48;6,92;0,32;5,56;3,68;94;10;5
"b5-25-11";"molincae";10,00;3;1;11;12;5,44;5,57;6,55;6,67;0,22;5,52;3,52;215;10;5
"b5-25-12";"molincae";8,00;3;1;13;14;5,06;4,99;6,03;6,85;0,26;5,48;3,41;181;9;5
"b5-25-32";"filipulm";7,00;2;6;3;9;5,86;5,95;6,44;6,86;0,20;5,63;3,61;248;27;4
"b5-25-43";"filipulm";6,00;5;3;10;3;5,72;5,92;6,75;6,70;0,22;5,37;3,59;112;0;4
"b5-25-44";"molincae";10,00;3;1;13;12;5,68;5,58;6,23;6,62;0,22;5,54;3,45;177;9;5
"b5-26-11";"molincae";8,00;3;1;13;14;5,06;4,95;5,91;6,71;0,21;5,53;3,34;205;12;5
"b5-26-12";"molincae";10,00;3;1;11;12;5,00;5,10;6,62;6,76;0,22;5,43;3,50;209;9;5
"b5-26-14";"molincae";11,00;4;2;9;8;5,30;5,17;6,23;6,63;0,17;5,46;3,50;136;3;5
"b5-26-21";"molincae";11,00;4;2;9;8;5,00;5,12;6,57;6,85;0,21;5,46;3,37;165;6;5
"b5-26-22";"molincae";11,00;3;1;9;8;5,18;5,40;6,73;6,81;0,23;5,51;3,31;185;5;5
"b5-27-11";"molincae";11,00;4;2;9;8;5,27;5,05;6,10;6,67;0,21;5,37;3,31;143;5;5
"b5-27-13";"filipulm";6,00;4;2;10;3;5,85;5,77;5,82;6,83;0,25;5,49;3,47;133;5;4
"b5-27-24";"buddldav";12,00;2;5;2;2;5,33;5,88;5,37;6,94;0,20;5,71;3,52;252;44;6
"b5-27-31";"molincae";10,00;3;1;11;12;5,37;5,68;6,81;6,67;0,17;5,48;3,58;202;8;5
"b5-27-32";"molincae";11,00;3;1;9;8;5,07;5,25;6,74;6,84;0,21;5,51;3,50;191;7;5
"b5-27-42";"molincae";8,00;3;5;13;14;5,07;5,87;5,05;6,92;0,13;5,80;3,69;264;34;5
"b5-27-44";"molincae";9,00;4;2;4;4;4,82;5,22;5,48;7,05;0,24;5,67;3,36;164;13;5
"b5-28-43";"molincae";9,00;4;2;4;4;4,70;4,96;5,46;6,96;0,18;5,70;3,53;128;13;5
"b5-31-13";"molincae";9,00;4;2;4;4;5,71;5,58;6,26;6,94;0,31;5,50;3,58;124;7;5
"b5-31-14";"molincae";9,00;4;2;4;4;5,41;5,41;5,67;6,92;0,24;5,62;3,49;157;13;5
"b5-31-21";"molincae";8,00;3;1;11;14;5,15;5,21;5,96;7,00;0,21;5,63;3,39;251;20;5
"b5-31-22";"molincae";8,00;3;1;11;14;5,15;5,23;6,20;7,04;0,21;5,60;3,45;234;22;5
"b5-31-23";"molincae";9,00;4;2;4;4;4,73;5,15;6,31;7,30;0,17;5,59;3,52;97;7;5
"b5-31-24";"molincae";11,00;4;2;4;8;4,01;4,67;6,02;7,28;0,24;5,54;3,31;139;8;5
"b5-31-32";"molincae";9,00;4;2;4;4;4,25;4,62;5,67;7,12;0,16;5,55;3,18;100;9;5
"b5-31-33";"molincae";8,00;4;2;4;14;5,21;5,01;5,91;6,94;0,23;5,63;3,39;164;16;5
"b5-31-34";"molincae";8,00;4;2;4;14;4,44;4,85;6,05;7,16;0,23;5,60;3,32;178;15;5
"b5-31-41";"molincae";9,00;4;2;4;4;4,03;4,54;5,82;7,21;0,23;5,64;3,18;130;9;5
"b5-31-42";"molincae";11,00;4;2;9;8;4,22;4,64;6,09;6,99;0,20;5,60;3,20;159;7;5
"b5-31-43";"molincae";11,00;4;2;9;8;4,24;4,34;6,69;6,89;0,13;5,44;3,23;108;7;5
"b5-31-44";"molincae";10,00;3;1;11;12;4,84;4,87;6,21;6,92;0,23;5,53;3,29;244;16;5
"b5-32-11";"molincae";10,00;3;1;11;12;4,94;5,13;6,04;7,05;0,21;5,61;3,38;263;21;5
"b5-32-12";"molincae";10,00;3;1;11;12;4,83;5,00;6,35;6,78;0,18;5,53;3,34;314;18;5
"b5-32-13";"molincae";10,00;3;1;11;12;4,90;5,22;6,19;7,02;0,23;5,60;3,39;266;22;5
"b5-32-14";"molincae";10,00;3;1;11;12;5,03;5,16;6,25;6,82;0,23;5,53;3,47;239;14;5
"b5-32-21";"molincae";10,00;3;1;11;12;4,59;4,87;6,43;6,94;0,17;5,46;3,26;200;7;5
"b5-32-23";"molincae";9,00;4;2;4;4;5,33;4,94;5,58;6,89;0,28;5,53;3,43;100;6;5
"b5-32-31";"molincae";10,00;3;1;11;12;5,09;5,29;6,52;6,84;0,19;5,55;3,37;266;12;5
"b5-32-32";"molincae";9,00;4;2;4;4;5,45;5,03;5,97;6,83;0,25;5,55;3,46;129;7;5
"b5-33-12";"molincae";9,00;4;2;4;4;5,89;5,81;6,19;6,75;0,25;5,54;3,59;145;9;5
"b5-33-41";"molincae";9,00;4;2;13;4;5,88;5,60;5,92;6,63;0,26;5,60;3,33;141;15;5
"b5-33-43";"loliumul";4,00;6;4;6;11;5,98;5,86;5,35;6,91;0,23;5,63;3,48;111;7;3
"b5-33-44";"molincae";9,00;4;2;4;4;5,83;5,78;6,27;6,90;0,29;5,69;3,58;117;15;5
"b5-34-13";"molincae";8,00;4;2;4;14;5,35;5,46;6,40;7,05;0,32;5,56;3,50;168;11;5
"b5-34-24";"molincae";8,00;3;1;13;14;5,72;5,54;6,03;6,67;0,24;5,59;3,50;192;19;5
"b5-34-33";"molincae";8,00;4;2;13;14;5,61;5,58;6,08;6,73;0,28;5,57;3,53;151;13;5
"b5-35-11";"filipulm";6,00;4;2;9;3;5,90;5,79;6,62;6,57;0,21;5,46;3,77;120;4;4
"b5-35-12";"molincae";10,00;3;1;11;12;5,39;5,41;6,49;6,56;0,18;5,55;3,60;230;17;5
"b5-35-13";"filipulm";6,00;4;2;6;3;5,83;5,89;6,20;6,71;0,27;5,60;3,50;138;12;4
"b5-35-14";"molincae";9,00;4;2;4;4;5,62;5,61;5,96;6,83;0,28;5,55;3,53;133;11;5
"b5-35-21";"molincae";9,00;4;2;4;4;5,95;5,64;5,87;6,66;0,26;5,62;3,70;118;11;5
"b5-35-22";"molincae";8,00;4;2;13;14;5,62;5,32;5,65;6,59;0,19;5,59;3,44;159;14;5
"b5-35-24";"molincae";8,00;3;1;13;14;5,55;5,33;5,48;6,70;0,22;5,63;3,48;185;18;5
"b5-35-31";"molincae";9,00;4;2;4;4;5,82;5,70;5,80;6,84;0,29;5,64;3,56;111;9;5
"b5-35-32";"molincae";9,00;4;2;4;4;5,91;5,56;5,66;6,82;0,33;5,64;3,55;111;11;5
"b5-35-41";"molincae";9,00;4;2;4;4;5,39;5,17;5,59;6,79;0,29;5,65;3,51;126;12;5
"b5-35-42";"molincae";9,00;4;2;4;4;5,48;5,50;5,69;6,75;0,21;5,51;3,41;106;14;5
"b5-36-12";"molincae";9,00;4;2;4;4;6,02;5,62;5,72;6,77;0,26;5,66;3,49;122;12;5
"b5-36-21";"molincae";10,00;3;1;11;12;5,60;5,65;6,31;6,81;0,18;5,58;3,56;234;16;5
"b5-36-22";"molincae";9,00;4;2;4;4;5,11;5,28;5,63;6,94;0,29;5,62;3,41;139;12;5
"b5-36-33";"molincae";9,00;4;2;4;4;5,91;5,15;5,60;6,52;0,16;5,59;3,43;115;20;5
"b5-37-22";"molincae";10,00;3;1;11;12;5,06;5,20;6,10;6,88;0,17;5,58;3,37;240;15;5
"b5-37-24";"molincae";10,00;3;1;11;12;4,75;5,21;6,59;6,97;0,21;5,53;3,30;233;13;5
"b5-37-41";"molincae";11,00;4;2;4;8;4,52;4,33;6,16;6,70;0,21;5,41;3,22;120;6;5
"b5-37-43";"molincae";9,00;4;2;4;4;4,86;4,57;6,13;6,80;0,21;5,43;3,31;106;5;5
"b5-37-44";"molincae";8,00;4;2;4;14;4,61;4,58;5,89;6,80;0,18;5,53;3,19;171;9;5
"b5-38-12";"molincae";9,00;4;2;4;4;4,78;4,63;6,09;6,96;0,17;5,60;3,30;153;12;5
"b5-38-13";"molincae";11,00;4;2;9;8;4,63;4,55;6,61;6,90;0,21;5,30;3,17;123;4;5
"b5-38-14";"molincae";11,00;4;2;9;8;5,36;5,30;6,39;6,95;0,20;5,52;3,36;166;10;5
"b5-38-21";"molincae";8,00;3;1;13;14;5,39;5,31;5,75;6,93;0,21;5,66;3,51;210;27;5
"b5-38-23";"molincae";9,00;4;2;4;4;5,48;5,79;5,78;6,93;0,17;5,61;3,69;159;12;5
"b5-38-31";"molincae";8,00;3;1;13;14;5,22;5,52;5,80;6,88;0,24;5,75;3,55;224;32;5
"b5-38-32";"molincae";10,00;3;1;11;12;5,34;5,76;6,05;6,75;0,20;5,58;3,55;221;18;5
"b5-38-33";"molincae";11,00;4;2;9;8;5,23;5,41;6,41;6,85;0,19;5,55;3,34;159;14;5
"b5-38-41";"molincae";10,00;3;1;11;12;5,48;5,94;6,36;6,79;0,19;5,53;3,52;233;13;5
"b5-38-42";"molincae";10,00;3;1;11;12;5,25;5,74;6,31;6,89;0,19;5,68;3,52;337;36;5
"b5-38-43";"molincae";9,00;4;2;4;4;5,57;5,52;5,50;6,92;0,24;5,63;3,36;101;10;5
"b5-38-44";"molincae";8,00;3;1;13;14;5,16;5,00;6,02;6,75;0,16;5,52;3,36;177;11;5
"b5-41-11";"molincae";8,00;4;2;4;14;4,89;4,92;5,90;7,04;0,23;5,62;3,30;170;11;5
"b5-41-12";"molincae";8,00;3;1;13;14;4,86;5,13;6,24;7,07;0,19;5,53;3,38;197;19;5
"b5-41-13";"molincae";8,00;3;1;13;14;5,30;5,33;5,79;6,86;0,21;5,72;3,50;218;28;5
"b5-41-14";"molincae";8,00;3;1;13;14;5,24;5,34;5,64;7,09;0,23;5,69;3,56;206;24;5
"b5-41-21";"molincae";9,00;4;2;4;4;5,14;5,32;5,76;7,15;0,25;5,57;3,59;140;15;5
"b5-41-33";"molincae";9,00;4;2;4;4;5,66;5,20;5,77;6,76;0,22;5,62;3,52;113;16;5
"b5-41-34";"molincae";9,00;4;2;4;4;5,50;5,14;5,35;6,94;0,24;5,59;3,57;127;10;5
"b5-41-41";"molincae";9,00;4;2;4;4;5,47;5,20;5,78;6,92;0,30;5,64;3,32;130;16;5
"b5-41-43";"molincae";9,00;4;2;4;4;5,34;4,92;5,34;6,47;0,20;5,57;3,30;102;12;5
"b5-42-11";"molincae";9,00;4;2;4;4;5,70;5,50;5,73;6,90;0,29;5,58;3,43;132;10;5
"b5-42-12";"molincae";8,00;3;1;13;14;5,66;5,59;6,18;6,87;0,27;5,59;3,53;175;15;5
"b5-42-13";"molincae";9,00;4;2;4;4;5,32;5,04;5,72;6,91;0,22;5,64;3,33;150;13;5
"b5-42-14";"molincae";9,00;4;2;4;4;5,72;5,36;5,64;6,77;0,23;5,56;3,44;109;10;5
"b5-42-21";"filipulm";6,00;4;2;9;3;5,54;5,83;6,31;6,91;0,26;5,51;3,54;128;5;4
"b5-42-22";"molincae";9,00;4;4;6;4;5,95;5,73;5,89;6,75;0,20;5,65;3,43;145;13;5
"b5-42-23";"molincae";8,00;4;2;13;14;5,78;5,76;6,16;6,78;0,26;5,60;3,46;150;13;5
"b5-42-24";"molincae";10,00;3;1;11;12;5,48;5,68;6,32;6,73;0,21;5,64;3,54;293;36;5
"b5-42-32";"molincae";8,00;3;1;11;14;5,31;5,52;6,30;6,77;0,21;5,57;3,38;211;18;5
"b5-42-41";"molincae";9,00;4;2;4;4;5,88;5,39;5,90;6,69;0,27;5,65;3,42;125;14;5
"b5-42-42";"molincae";9,00;4;2;4;4;5,80;5,66;5,47;6,90;0,29;5,61;3,50;108;10;5
"b5-43-11";"molincae";8,00;3;1;13;14;5,60;5,81;5,80;6,81;0,22;5,67;3,50;231;25;5
"b5-43-12";"molincae";9,00;6;4;6;4;5,84;5,89;5,61;6,85;0,25;5,60;3,47;133;14;5
"b5-43-13";"molincae";11,00;4;2;4;8;5,31;5,17;5,94;6,92;0,20;5,55;3,50;128;7;5
"b5-43-21";"molincae";9,00;4;2;4;4;5,69;5,73;6,22;6,92;0,24;5,46;3,39;119;11;5
"b5-43-22";"molincae";10,00;3;1;11;12;5,45;5,51;6,25;6,84;0,23;5,62;3,39;226;16;5
"b5-43-24";"molincae";11,00;4;2;9;8;5,29;5,45;6,49;6,82;0,26;5,59;3,56;92;8;5
"b5-43-44";"molincae";11,00;4;2;4;8;5,50;5,04;6,06;6,27;0,23;5,53;3,24;100;9;5
"b5-44-11";"molincae";8,00;4;2;13;14;5,29;5,25;5,84;6,84;0,18;5,55;3,30;164;9;5
"b5-44-13";"molincae";10,00;3;1;11;12;5,14;5,51;6,54;6,84;0,23;5,62;3,46;313;22;5
"b5-44-14";"molincae";8,00;3;1;13;14;5,15;5,46;6,11;6,89;0,22;5,60;3,36;212;12;5
"b5-44-23";"filipulm";6,00;4;2;9;3;5,56;5,69;6,30;6,72;0,22;5,50;3,52;148;6;4
"b5-44-31";"molincae";9,00;4;2;4;4;5,39;5,00;5,73;6,96;0,27;5,63;3,30;155;12;5
"b5-45-13";"filipulm";6,00;4;2;10;3;5,84;5,98;5,84;6,80;0,18;5,51;3,55;129;3;4
"b5-45-14";"molincae";8,00;3;1;13;14;5,47;5,41;6,13;6,78;0,21;5,60;3,52;203;25;5
"b5-45-31";"molincae";8,00;4;2;13;14;5,34;5,13;5,78;6,82;0,18;5,59;3,44;162;11;5
"b5-45-43";"molincae";11,00;4;2;9;8;4,72;4,59;6,28;6,80;0,22;5,54;3,14;155;11;5
"b5-46-11";"molincae";11,00;4;2;9;8;5,50;5,48;6,62;6,66;0,12;5,56;3,50;103;7;5
"b5-46-14";"molincae";8,00;3;1;13;14;5,74;5,80;5,76;6,82;0,18;5,72;3,66;209;25;5
"b5-46-23";"molincae";9,00;4;2;4;4;5,50;5,54;5,82;6,98;0,20;5,65;3,60;146;13;5
"b5-46-24";"molincae";9,00;4;2;4;4;5,72;5,59;5,64;6,89;0,14;5,61;3,61;124;20;5
"b5-46-31";"molincae";9,00;4;2;4;4;5,97;6,12;5,88;6,82;0,21;5,54;3,60;100;12;5
"b5-46-34";"molincae";9,00;4;2;4;4;5,19;5,32;4,89;7,09;0,19;5,60;3,49;92;10;5
"b5-46-43";"molincae";9,00;4;2;4;4;5,35;5,36;5,03;7,11;0,19;5,74;3,66;115;16;5
"b5-46-44";"molincae";9,00;4;2;4;4;5,12;5,14;4,78;6,97;0,16;5,71;3,51;112;11;5
"b5-47-13";"molincae";8,00;3;1;13;14;5,64;5,38;6,00;6,80;0,19;5,58;3,43;159;17;5
"b5-47-14";"molincae";10,00;3;1;11;12;5,36;5,28;6,35;6,70;0,19;5,53;3,43;188;14;5
"b5-47-21";"molincae";8,00;3;1;13;14;5,67;5,68;6,02;6,93;0,21;5,74;3,56;224;28;5
"b5-47-22";"molincae";8,00;3;1;13;14;5,28;5,24;5,81;6,62;0,12;5,62;3,32;187;16;5
"b5-47-23";"molincae";10,00;3;1;11;12;5,55;5,40;6,25;6,58;0,15;5,58;3,46;199;19;5
"b5-47-31";"molincae";9,00;4;2;4;4;5,13;5,02;4,93;6,80;0,15;5,64;3,44;152;15;5
"b5-47-32";"molincae";10,00;3;1;11;12;5,11;5,00;6,11;6,72;0,17;5,51;3,31;183;13;5
"b5-47-33";"molincae";9,00;4;2;4;4;5,76;5,36;4,94;7,00;0,18;5,74;3,59;98;18;5
"b5-47-34";"molincae";9,00;4;2;4;4;5,61;5,26;5,77;6,78;0,23;5,62;3,44;138;10;5
"b5-47-43";"molincae";9,00;4;2;4;4;5,87;5,44;5,28;6,91;0,19;5,69;3,38;93;12;5
"b5-48-12";"molincae";9,00;4;2;4;4;5,77;5,30;5,45;6,81;0,21;5,60;3,39;107;7;5
"b5-48-13";"molincae";9,00;6;4;6;4;5,97;6,24;5,58;7,10;0,18;5,82;3,72;140;28;5
"b5-48-14";"molincae";9,00;4;2;4;4;5,75;5,60;5,69;6,65;0,14;5,57;3,52;146;5;5
"b5-48-22";"molincae";11,00;4;2;9;8;5,24;5,02;6,64;6,64;0,17;5,43;3,41;119;6;5
"b5-48-23";"molincae";9,00;4;2;4;4;5,37;5,34;6,73;6,89;0,15;5,53;3,34;109;5;5
"b5-48-24";"molincae";9,00;4;2;4;4;6,03;5,56;5,72;6,84;0,17;5,60;3,49;106;7;5
"b5-48-32";"molincae";9,00;4;4;4;4;5,80;5,40;5,35;7,00;0,23;5,64;3,43;103;10;5
"b5-51-11";"molincae";9,00;4;2;4;4;5,53;5,21;5,62;6,52;0,20;5,55;3,30;126;13;5
"b5-51-12";"molincae";9,00;4;2;4;4;5,35;5,56;5,59;7,01;0,23;5,73;3,52;137;17;5
"b5-51-13";"molincae";10,00;3;1;11;12;5,60;5,81;6,10;6,80;0,20;5,66;3,58;255;29;5
"b5-51-14";"molincae";8,00;3;1;13;14;5,97;5,89;6,12;6,94;0,23;5,69;3,60;162;19;5
"b5-51-21";"molincae";8,00;3;1;13;14;5,66;6,03;5,85;6,88;0,18;5,67;3,65;186;17;5
"b5-51-23";"molincae";8,00;3;6;13;14;5,79;5,94;6,05;6,77;0,18;5,61;3,48;202;16;5
"b5-51-32";"molincae";8,00;4;2;13;14;5,61;5,49;5,95;6,50;0,14;5,57;3,52;157;20;5
"b5-51-34";"molincae";9,00;4;2;4;4;5,85;5,65;6,07;6,56;0,19;5,55;3,43;133;12;5
"b5-51-41";"molincae";10,00;3;1;11;12;5,30;5,21;6,08;6,61;0,13;5,56;3,43;212;17;5
"b5-51-43";"molincae";10,00;3;1;11;12;5,56;5,53;6,41;6,65;0,20;5,54;3,42;218;23;5
"b5-52-13";"molincae";9,00;4;2;4;4;5,03;4,64;6,25;6,93;0,20;5,46;3,31;95;5;5
"b5-52-14";"molincae";11,00;4;2;4;8;5,05;5,04;6,37;7,05;0,23;5,46;3,32;136;7;5
"b5-52-31";"molincae";9,00;4;2;4;4;5,49;4,89;5,84;6,47;0,12;5,51;3,28;111;15;5
"b5-52-41";"molincae";9,00;4;2;4;4;5,73;5,27;5,70;6,49;0,19;5,67;3,39;133;21;5
"b5-53-13";"molincae";9,00;4;2;4;4;5,44;5,19;5,70;6,91;0,23;5,61;3,33;144;15;5
"b5-53-14";"molincae";9,00;4;2;4;4;6,03;5,63;5,72;6,72;0,26;5,71;3,41;92;11;5
"b5-53-31";"molincae";8,00;4;2;13;14;5,72;5,44;5,75;6,80;0,21;5,56;3,46;159;16;5
"b5-53-32";"molincae";9,00;4;2;4;4;5,50;5,31;6,00;6,96;0,28;5,59;3,41;114;14;5
"b5-53-34";"molincae";11,00;4;2;4;8;5,50;5,07;6,00;6,65;0,26;5,52;3,31;119;7;5
"b5-53-41";"molincae";9,00;4;2;4;4;5,85;5,49;5,64;6,92;0,27;5,68;3,42;116;16;5
"b5-54-32";"molincae";10,00;3;1;11;12;5,20;5,06;6,34;6,40;0,18;5,47;3,32;191;16;5
"b5-54-42";"molincae";11,00;4;2;9;8;5,23;5,06;6,27;6,56;0,27;5,56;3,33;152;14;5
"b5-54-43";"molincae";9,00;4;2;4;4;5,32;4,75;5,93;6,72;0,23;5,57;3,29;98;11;5
"b5-54-44";"molincae";11,00;4;2;9;8;4,95;4,80;6,00;6,37;0,21;5,47;3,32;127;8;5
"b5-55-24";"molincae";11,00;4;2;9;8;5,35;4,97;6,03;6,60;0,28;5,50;3,46;140;11;5
"b5-55-32";"molincae";9,00;4;2;4;4;5,45;5,13;6,19;6,75;0,15;5,52;3,45;150;10;5
"b5-55-41";"molincae";10,00;3;1;11;12;5,56;5,57;6,36;6,53;0,17;5,52;3,56;210;12;5
"b5-55-42";"molincae";11,00;4;2;9;8;4,89;5,00;7,04;6,77;0,20;5,46;3,52;169;7;5
"b5-55-43";"molincae";8,00;3;1;13;14;5,43;5,31;5,94;6,58;0,13;5,57;3,37;200;19;5
"b5-55-44";"molincae";11,00;4;2;9;8;5,17;5,21;6,52;6,66;0,25;5,50;3,41;143;12;5
"b5-56-32";"molincae";9,00;4;2;4;4;5,11;4,53;5,40;6,82;0,21;5,56;3,31;103;7;5
"b5-56-43";"primuela";17,00;5;3;8;16;5,67;5,55;6,33;6,18;0,16;5,39;3,37;173;14;8
"b5-56-44";"molincae";9,00;4;2;4;4;6,09;5,54;5,80;6,70;0,22;5,59;3,60;114;6;5
"b5-57-12";"molincae";8,00;4;2;4;14;4,93;4,91;6,10;6,81;0,20;5,55;3,27;173;7;5
"b5-57-14";"molincae";10,00;3;1;11;12;5,20;5,38;6,16;6,69;0,19;5,57;3,45;245;15;5
"b5-57-23";"molincae";11,00;4;2;9;8;5,07;5,23;6,33;6,86;0,18;5,53;3,37;163;11;5
"b5-57-31";"molincae";10,00;3;1;11;12;5,14;5,11;6,17;6,63;0,20;5,51;3,40;191;9;5
"b5-57-32";"molincae";11,00;4;2;9;8;4,97;5,04;5,62;6,27;0,15;5,44;3,34;110;4;5
"b5-57-33";"molincae";9,00;4;2;4;4;5,72;5,26;5,80;6,32;0,15;5,45;3,58;138;8;5
"b5-57-41";"molincae";11,00;4;2;4;8;4,62;4,54;5,53;6,95;0,19;5,52;3,31;99;4;5
"b5-57-44";"molincae";10,00;3;1;11;12;5,09;5,30;6,55;6,48;0,15;5,45;3,44;279;19;5
"b5-58-11";"molincae";9,00;4;2;4;4;5,47;5,18;5,73;6,97;0,22;5,55;3,48;101;4;5
"b5-58-14";"molincae";10,00;3;1;11;12;5,06;5,22;6,55;6,86;0,19;5,56;3,35;251;18;5
"b5-58-23";"molincae";10,00;3;1;11;12;5,19;5,35;6,76;6,86;0,19;5,59;3,44;258;17;5
"b5-58-31";"molincae";9,00;4;2;4;4;5,49;5,05;6,02;6,84;0,28;5,48;3,34;102;2;5
"b5-58-33";"molincae";10,00;3;1;11;12;5,19;5,29;6,90;6,75;0,21;5,52;3,42;187;7;5
"b5-58-42";"molincae";9,00;4;2;4;4;5,13;4,95;6,15;6,79;0,16;5,62;3,49;124;5;5
"b5-58-44";"molincae";11,00;4;2;9;8;4,53;4,60;7,25;6,84;0,19;5,43;3,27;172;4;5
"b6-11-22";"molincae";9,00;4;2;6;4;6,08;5,88;5,90;6,82;0,21;5,61;3,55;120;10;5
"b6-11-31";"molincae";9,00;4;2;4;4;5,46;5,06;5,57;6,90;0,23;5,70;3,41;117;15;5
"b6-12-11";"molincae";9,00;4;2;4;4;5,67;5,44;6,40;6,93;0,22;5,53;3,63;109;6;5
"b6-12-21";"molincae";9,00;4;2;4;4;5,33;4,97;5,72;6,89;0,16;5,61;3,28;140;12;5
"b6-21-14";"molincae";9,00;4;2;4;4;5,80;5,44;5,71;6,81;0,28;5,57;3,57;141;19;5
"b6-21-31";"molincae";9,00;4;2;4;4;5,89;5,79;6,04;7,00;0,27;5,63;3,52;123;10;5
"b6-21-42";"molincae";11,00;4;2;4;8;4,61;4,29;6,16;6,60;0,21;5,64;3,17;106;11;5
"b6-22-13";"molincae";9,00;4;2;4;4;4,75;4,68;6,09;6,74;0,29;5,59;3,38;116;19;5
"b6-22-31";"molincae";11,00;4;2;4;8;4,93;4,59;6,29;6,76;0,22;5,54;3,24;132;11;5
"b6-31-12";"molincae";9,00;4;2;4;4;5,33;5,01;5,57;6,85;0,17;5,57;3,37;122;7;5
"b6-31-14";"molincae";9,00;4;2;4;4;4,69;4,52;5,94;6,89;0,20;5,55;3,18;113;6;5
"b6-31-21";"molincae";9,00;4;2;4;4;5,01;4,87;6,00;6,71;0,20;5,47;3,22;132;9;5
"b6-31-22";"molincae";11,00;4;2;4;8;4,72;4,54;6,14;6,71;0,18;5,49;3,34;109;9;5
"b6-31-23";"molincae";9,00;4;2;4;4;4,91;4,70;5,66;6,87;0,22;5,61;3,28;106;7;5
"b6-31-31";"molincae";11,00;4;2;9;8;5,21;5,42;6,53;6,89;0,19;5,50;3,34;170;9;5
"b6-31-32";"molincae";10,00;3;1;11;12;4,80;5,17;7,17;7,06;0,19;5,52;3,26;237;11;5
"b6-31-33";"molincae";9,00;4;2;4;4;5,10;4,98;5,69;6,89;0,20;5,58;3,40;105;8;5
"b6-31-34";"molincae";9,00;4;2;4;4;5,19;5,12;5,69;7,05;0,18;5,64;3,41;123;10;5
"b6-31-41";"molincae";9,00;4;2;4;4;5,50;5,42;6,08;6,87;0,18;5,54;3,51;126;10;5
"b6-31-43";"molincae";9,00;4;2;4;4;5,37;5,38;5,77;6,83;0,15;5,54;3,54;98;10;5
"b6-31-44";"molincae";11,00;4;2;9;8;5,32;5,63;6,49;6,77;0,15;5,48;3,55;151;12;5
"b6-32-13";"molincae";9,00;4;2;4;4;5,29;5,03;5,46;6,86;0,23;5,69;3,47;95;8;5
"b6-32-33";"molincae";10,00;3;1;11;12;5,46;5,83;6,12;6,82;0,16;5,58;3,51;227;19;5
"b6-33-33";"molincae";9,00;4;2;4;4;5,32;4,71;5,14;6,85;0,14;5,76;3,53;90;11;5
"b6-41-11";"molincae";11,00;4;1;11;8;4,68;4,50;6,47;6,88;0,19;5,53;3,26;196;12;5
"b6-41-23";"molincae";8,00;3;1;13;14;4,78;4,82;6,07;6,90;0,20;5,63;3,39;205;22;5
"b6-41-32";"molincae";11,00;4;2;9;8;4,85;4,96;6,21;6,82;0,22;5,54;3,31;130;8;5
"b6-42-24";"molincae";10,00;3;1;11;12;5,34;5,46;7,01;7,00;0,22;5,56;3,55;254;23;5
"b6-42-32";"molincae";9,00;6;4;6;4;6,27;6,22;6,36;6,87;0,21;5,62;3,64;106;8;5
"b6-42-41";"filipulm";6,00;4;2;9;3;5,93;5,70;6,86;6,57;0,20;5,49;3,57;134;11;4
"b6-42-42";"molincae";11,00;3;1;9;8;5,55;5,52;7,25;6,92;0,23;5,53;3,55;166;8;5
"b6-43-13";"molincae";11,00;4;1;9;8;5,11;5,31;7,54;6,92;0,23;5,48;3,48;169;12;5
"b6-43-31";"molincae";10,00;3;1;11;12;5,11;5,55;6,98;6,94;0,21;5,64;3,54;314;27;5
"b6-43-33";"molincae";10,00;3;1;11;12;5,08;5,04;6,42;6,92;0,22;5,53;3,43;196;14;5
"b6-43-34";"molincae";11,00;4;2;9;8;5,56;5,37;6,94;6,79;0,21;5,52;3,35;153;9;5
"b6-44-33";"molincae";9,00;4;2;4;4;4,96;4,65;5,49;6,76;0,18;5,58;3,35;102;5;5
"b6-44-34";"molincae";9,00;4;2;4;4;5,16;5,28;5,33;7,17;0,25;5,72;3,42;119;9;5
"b6-44-44";"molincae";9,00;4;2;4;4;5,56;5,42;5,78;6,61;0,18;5,56;3,53;133;13;5
"b6-51-12";"molincae";9,00;4;2;4;4;5,04;4,93;6,02;6,76;0,17;5,56;3,42;150;12;5
"b6-51-13";"molincae";8,00;4;2;4;14;5,17;5,01;5,96;6,91;0,21;5,60;3,33;167;10;5
"b6-51-14";"molincae";9,00;4;2;4;4;4,62;4,37;5,58;6,96;0,24;5,57;3,20;102;4;5
"b6-51-22";"molincae";9,00;4;2;4;4;5,27;4,84;6,00;6,97;0,22;5,52;3,44;108;4;5
"b6-51-23";"molincae";9,00;4;2;4;4;5,08;4,92;5,46;6,94;0,17;5,69;3,45;137;10;5
"b6-51-24";"molincae";8,00;3;1;13;14;5,46;5,42;6,09;6,90;0,27;5,58;3,45;176;9;5
"b6-51-31";"molincae";11,00;4;2;9;8;5,11;4,91;6,58;6,60;0,21;5,59;3,39;142;8;5
"b6-51-32";"molincae";9,00;4;2;4;4;5,06;4,67;5,89;6,80;0,19;5,58;3,40;116;8;5
"b6-51-33";"molincae";11,00;4;2;9;8;4,69;4,65;6,87;6,86;0,19;5,47;3,47;157;4;5
"b6-51-34";"molincae";8,00;3;1;13;14;5,47;5,38;5,95;6,80;0,24;5,60;3,42;188;13;5
"b6-51-41";"molincae";8,00;3;1;13;14;5,61;5,50;5,66;6,87;0,22;5,59;3,49;175;14;5
"b6-51-42";"molincae";9,00;4;2;4;4;5,70;5,53;5,59;7,00;0,20;5,65;3,52;112;7;5
"b6-51-43";"molincae";9,00;4;2;4;4;5,35;5,16;5,90;7,02;0,28;5,59;3,42;99;4;5
"b6-51-44";"molincae";9,00;4;2;4;4;5,51;5,34;6,35;6,94;0,26;5,60;3,43;121;10;5
"b6-52-11";"molincae";9,00;4;2;4;4;5,66;5,40;6,21;6,88;0,25;5,53;3,42;115;9;5
"b6-52-12";"molincae";9,00;4;2;9;4;5,47;5,33;6,57;6,96;0,26;5,48;3,36;112;3;5
"b6-52-13";"molincae";9,00;4;2;4;4;5,61;5,61;6,45;6,98;0,27;5,53;3,50;115;5;5
"b6-52-14";"molincae";9,00;4;2;9;4;5,79;5,72;6,58;6,96;0,28;5,51;3,54;118;6;5
"b6-52-21";"molincae";9,00;4;2;4;4;5,29;5,34;6,13;7,06;0,27;5,65;3,57;143;9;5
"b6-52-22";"molincae";9,00;4;2;4;4;5,18;4,88;6,00;7,00;0,21;5,57;3,55;131;11;5
"b6-52-23";"molincae";9,00;4;2;4;4;5,34;5,20;6,40;6,86;0,18;5,54;3,43;157;9;5
"b6-52-24";"molincae";10,00;3;1;11;12;4,94;5,19;6,87;6,94;0,18;5,55;3,28;304;22;5
"b6-52-31";"molincae";8,00;4;2;13;14;5,59;5,28;6,12;6,94;0,22;5,66;3,42;159;13;5
"b6-52-32";"molincae";9,00;4;2;4;4;5,50;5,15;6,23;6,87;0,24;5,58;3,39;130;11;5
"b6-52-33";"molincae";9,00;4;2;4;4;5,45;5,07;5,75;6,96;0,21;5,63;3,48;119;13;5
"b6-52-34";"molincae";9,00;4;2;4;4;5,62;5,27;5,75;7,07;0,23;5,68;3,52;128;18;5
"b6-52-41";"molincae";9,00;4;2;4;4;5,64;5,42;6,10;6,87;0,21;5,61;3,49;120;12;5
"b6-52-42";"molincae";10,00;3;1;11;12;5,36;5,30;6,92;6,79;0,19;5,49;3,50;184;10;5
"b6-52-43";"molincae";9,00;4;2;4;4;5,46;5,46;6,16;6,83;0,25;5,51;3,55;126;7;5
"b6-52-44";"molincae";9,00;4;2;4;4;5,83;5,35;6,09;6,78;0,20;5,47;3,56;99;3;5
"b6-53-11";"molincae";11,00;4;2;9;8;5,48;5,45;6,75;6,83;0,22;5,58;3,41;145;11;5
"b6-53-12";"molincae";10,00;3;1;11;12;5,37;5,65;6,51;6,92;0,22;5,62;3,53;205;13;5
"b6-53-13";"molincae";10,00;3;1;11;12;5,22;5,31;6,88;6,86;0,18;5,58;3,42;250;16;5
"b6-53-14";"molincae";11,00;4;2;9;8;4,49;4,49;6,82;7,04;0,18;5,50;3,20;150;5;5
"b6-53-31";"molincae";11,00;4;2;9;8;5,11;5,06;6,44;6,89;0,23;5,48;3,51;133;7;5
"b6-53-33";"molincae";11,00;4;2;4;8;5,12;5,00;6,11;6,92;0,22;5,50;3,45;144;9;5
"b6-53-41";"molincae";11,00;4;2;9;8;5,53;5,57;7,59;6,92;0,22;5,58;3,55;134;9;5
"b6-53-42";"molincae";11,00;4;2;9;8;4,37;4,87;8,10;6,95;0,22;5,42;3,30;132;3;5
"b6-53-43";"molincae";10,00;3;1;11;12;5,63;5,67;6,55;6,85;0,17;5,66;3,48;249;23;5
"b6-54-23";"molincae";11,00;4;2;9;8;5,65;5,61;6,97;6,56;0,15;5,55;3,68;100;10;5
"b6-54-24";"molincae";8,00;4;2;13;14;5,77;5,50;5,80;6,72;0,18;5,56;3,44;155;12;5
"b6-54-32";"molincae";11,00;4;2;9;8;6,02;5,34;6,24;6,42;0,12;5,56;3,36;92;9;5
"b6-54-34";"molincae";8,00;3;1;11;14;5,44;5,36;5,98;6,80;0,19;5,64;3,42;212;14;5
"b6-54-41";"molincae";8,00;3;1;13;14;5,51;5,29;6,11;6,77;0,17;5,56;3,50;181;13;5
"b6-55-11";"molincae";9,00;4;2;4;4;5,66;5,37;5,72;6,93;0,19;5,64;3,53;110;15;5
"b6-57-33";"molincae";11,00;4;2;9;8;5,50;5,62;6,41;6,70;0,21;5,46;3,37;152;10;5
"b6-57-34";"molincae";11,00;4;2;9;8;5,32;5,67;6,92;6,78;0,18;5,51;3,56;139;7;5
"b6-58-43";"molincae";11,00;4;2;9;8;5,57;5,50;7,35;6,71;0,16;5,50;3,66;111;3;5
"b6-58-44";"molincae";9,00;4;2;4;4;5,40;5,60;6,04;7,05;0,29;5,61;3,57;132;7;5
"b7-51-12";"molincae";11,00;4;2;9;8;5,90;5,98;6,46;6,69;0,14;5,46;3,39;103;2;5
"b7-51-21";"molincae";11,00;4;2;9;8;5,61;5,76;6,50;6,63;0,24;5,57;3,53;150;15;5
"b7-51-23";"molincae";11,00;4;2;9;8;5,73;5,70;6,57;6,71;0,22;5,57;3,67;155;9;5
"b7-51-33";"molincae";11,00;4;2;9;8;5,20;5,57;5,40;6,90;0,17;5,63;3,57;109;2;5
"b7-52-43";"molincae";9,00;4;2;4;4;6,22;5,92;6,48;6,79;0,28;5,61;3,38;96;9;5
"c0-47-43";"ammopare";1,00;7;9;5;1;5,59;6,80;4,66;7,33;0,27;5,95;3,82;107;19;1
"c0-47-44";"ammopare";2,00;7;9;14;18;5,21;6,49;4,86;7,12;0,36;5,86;3,68;274;34;1
"c0-48-23";"ammopare";2,00;7;9;14;18;5,18;6,55;5,40;7,22;0,51;5,85;3,66;254;19;1
"c0-48-24";"ammopare";2,00;7;9;14;18;5,31;6,55;5,14;7,14;0,36;5,87;3,68;268;43;1
"c0-48-31";"ammopare";1,00;7;9;14;1;5,38;6,62;4,82;7,24;0,41;5,88;3,63;167;20;1
"c0-48-32";"ammopare";2,00;7;9;14;18;5,38;6,54;4,95;7,00;0,30;5,81;3,72;224;26;1
"c0-48-33";"ammopare";2,00;7;9;14;18;4,73;6,42;5,00;7,05;0,19;5,80;3,65;239;25;1
"c0-48-34";"ammopare";2,00;7;9;14;18;5,21;6,33;4,79;6,95;0,25;5,85;3,70;258;37;1
"c0-48-41";"ammopare";2,00;7;9;14;18;4,94;6,42;5,41;7,08;0,40;5,80;3,67;332;45;1
"c0-48-42";"ammopare";2,00;7;9;14;18;5,12;6,47;5,98;6,99;0,34;5,76;3,52;379;34;1
"c0-48-43";"ammopare";2,00;7;9;14;18;4,96;6,46;5,43;7,04;0,31;5,75;3,58;301;29;1
"c0-48-44";"ammopare";2,00;7;9;14;18;5,19;6,52;5,87;7,11;0,40;5,83;3,66;388;43;1
"c0-56-24";"ammopare";1,00;7;9;14;1;5,13;6,46;5,01;7,06;0,29;5,82;3,62;107;18;1
"c0-56-31";"ammopare";2,00;7;9;14;18;4,91;6,35;5,47;7,24;0,58;5,74;3,56;192;9;1
"c0-56-32";"ammopare";2,00;7;9;14;18;5,07;6,32;5,58;7,09;0,44;5,75;3,60;223;17;1
"c0-56-33";"ammopare";2,00;7;9;14;18;4,76;6,48;5,78;7,08;0,38;5,67;3,61;270;12;1
"c0-56-34";"ammopare";2,00;7;9;14;18;4,86;6,47;5,84;7,09;0,38;5,69;3,55;253;10;1
"c0-56-41";"ammopare";2,00;7;9;14;18;5,14;6,61;5,00;7,21;0,34;5,90;3,68;208;32;1
"c0-56-42";"ammopare";2,00;7;9;14;18;5,67;6,55;5,06;6,83;0,22;5,82;3,69;232;33;1
"c0-56-43";"ammopare";2,00;7;9;14;18;5,06;6,35;5,29;6,83;0,23;5,70;3,60;238;15;1
"c0-56-44";"ammopare";2,00;7;9;14;18;5,59;6,44;5,21;6,81;0,26;5,76;3,57;253;35;1
"c0-57-11";"ammopare";1,00;7;9;14;1;5,68;6,56;4,79;7,08;0,37;5,85;3,71;147;28;1
"c0-57-12";"ammopare";2,00;7;9;14;18;5,31;6,68;4,66;7,15;0,32;5,95;3,74;221;38;1
"c0-57-13";"ammopare";2,00;7;9;14;18;5,22;6,48;5,36;6,94;0,29;5,81;3,68;336;45;1
"c0-57-14";"ammopare";2,00;7;9;14;18;5,52;6,54;4,93;7,11;0,28;5,93;3,75;252;35;1
"c0-57-21";"ammopare";2,00;7;9;14;18;5,26;6,55;4,75;7,08;0,24;5,92;3,69;237;47;1
"c0-57-22";"ammopare";2,00;7;9;14;18;5,17;6,69;4,94;7,03;0,25;5,82;3,69;228;32;1
"c0-57-23";"ammopare";2,00;7;9;14;18;5,41;6,56;4,92;6,99;0,24;5,88;3,79;253;38;1
"c0-57-24";"ammopare";1,00;7;9;14;1;5,67;6,65;4,87;7,09;0,24;5,87;3,78;148;18;1
"c0-57-31";"ammopare";2,00;7;9;14;18;5,33;6,40;5,38;6,72;0,21;5,74;3,59;237;24;1
"c0-57-32";"ammopare";2,00;7;9;14;18;5,61;6,53;5,48;6,97;0,24;5,82;3,62;275;33;1
"c0-57-33";"ammopare";2,00;7;9;14;18;5,75;6,64;5,72;6,90;0,25;5,85;3,57;288;33;1
"c0-57-41";"ammopare";2,00;7;9;14;18;5,67;6,60;5,82;7,01;0,29;5,79;3,60;197;13;1
"c0-58-11";"ammopare";2,00;7;9;14;18;4,98;6,39;4,80;6,95;0,20;5,81;3,72;205;26;1
"c0-58-12";"coronsqu";3,00;6;7;12;13;6,17;6,53;5,94;7,00;0,28;5,78;3,49;165;12;2
"c0-58-13";"coronsqu";3,00;6;7;12;13;6,44;6,90;6,12;7,10;0,30;5,78;3,63;119;10;2
"c0-58-21";"coronsqu";3,00;6;7;12;13;6,10;6,72;5,81;7,08;0,25;5,75;3,56;168;13;2
"c0-58-22";"coronsqu";3,00;6;7;12;13;6,36;7,01;6,38;6,95;0,30;5,71;3,52;136;8;2
"c0-58-23";"coronsqu";3,00;6;7;12;13;6,34;6,94;6,08;7,05;0,30;5,78;3,76;160;12;2
"c0-58-24";"coronsqu";3,00;6;7;12;13;6,29;6,92;6,27;7,04;0,33;5,85;3,61;178;12;2
"c0-58-34";"coronsqu";3,00;6;7;12;13;6,29;6,92;5,95;6,94;0,28;5,74;3,49;164;6;2
"c0-58-41";"coronsqu";3,00;6;7;12;13;6,42;6,76;5,65;6,96;0,27;5,72;3,75;132;12;2
"c0-58-42";"coronsqu";3,00;6;7;12;13;6,10;6,71;6,13;7,05;0,50;5,81;3,60;149;6;2
"c0-58-43";"coronsqu";3,00;6;7;12;13;6,38;6,83;5,79;7,09;0,29;5,78;3,68;131;9;2
"c1-14-44";"ammopare";1,00;7;9;5;1;5,58;6,85;5,09;7,42;0,75;5,98;3,86;187;24;1
"c1-15-14";"ammopare";1,00;7;9;5;1;5,53;6,90;4,80;7,35;0,42;5,95;3,62;129;16;1
"c1-15-22";"ammopare";1,00;7;9;14;1;5,09;6,76;4,84;7,56;0,72;5,94;3,68;158;5;1
"c1-15-23";"ammopare";1,00;7;9;14;1;5,34;6,40;4,89;7,19;0,44;5,90;3,64;181;19;1
"c1-15-24";"ammopare";2,00;7;9;14;18;5,24;6,12;5,27;7,12;0,38;5,76;3,61;257;21;1
"c1-15-31";"ammopare";1,00;7;7;5;1;5,71;6,73;4,96;7,54;0,66;5,96;3,62;140;13;1
"c1-15-33";"ammopare";1,00;6;7;5;1;5,61;7,00;5,49;7,46;0,69;5,98;3,64;147;13;1
"c1-15-42";"coronsqu";3,00;6;7;12;13;5,39;6,30;5,40;7,16;0,54;5,82;3,46;172;5;2
"c1-16-11";"ammopare";2,00;7;9;14;18;5,18;6,28;5,28;7,08;0,45;5,86;3,62;312;31;1
"c1-16-13";"ammopare";2,00;7;9;14;18;5,39;5,96;5,26;7,06;0,25;5,87;3,52;235;25;1
"c1-16-23";"coronsqu";3,00;6;7;12;13;6,26;6,92;6,05;7,08;0,54;5,84;3,70;127;7;2
"c1-16-31";"coronsqu";3,00;6;7;12;13;5,55;6,50;5,21;7,12;0,41;5,74;3,53;107;5;2
"c1-16-41";"coronsqu";3,00;6;7;12;13;6,15;6,69;6,00;7,03;0,43;5,88;3,63;172;19;2
"c1-17-13";"coronsqu";3,00;6;7;12;13;6,14;6,77;5,90;7,01;0,45;5,76;3,46;163;11;2
"c1-17-23";"coronsqu";3,00;6;7;12;13;6,05;6,89;6,04;7,13;0,37;5,76;3,56;184;13;2
"c1-17-31";"coronsqu";3,00;6;7;12;13;6,15;6,83;6,08;7,08;0,40;5,71;3,48;109;3;2
"c1-17-42";"coronsqu";3,00;6;7;12;13;6,12;6,86;5,90;7,16;0,57;5,82;3,68;135;9;2
"c1-18-22";"coronsqu";3,00;6;7;12;13;6,14;6,72;5,80;6,93;0,31;5,67;3,48;111;6;2
"c1-18-31";"coronsqu";3,00;6;7;12;13;6,27;6,96;5,92;7,09;0,40;5,83;3,61;156;10;2
"c1-18-32";"coronsqu";3,00;6;7;12;13;6,42;6,88;6,01;7,16;0,38;5,83;3,68;115;11;2
"c1-18-33";"coronsqu";3,00;6;7;12;13;6,06;6,67;5,91;6,87;0,31;5,85;3,56;165;16;2
"c1-18-44";"loliumul";4,00;6;7;12;11;6,27;6,76;5,57;7,05;0,28;5,89;3,63;92;12;3
"c1-23-24";"ammopare";1,00;6;7;5;1;5,81;6,72;5,06;7,28;0,52;5,92;3,51;116;13;1
"c1-23-32";"coronsqu";3,00;6;7;10;13;6,12;6,83;6,96;7,20;1,10;5,74;3,58;111;6;2
"c1-23-33";"ammopare";1,00;7;9;14;1;5,74;6,86;5,32;7,31;0,62;5,92;3,58;181;16;1
"c1-23-34";"ammopare";2,00;7;9;14;18;5,70;6,75;5,50;7,23;0,47;5,91;3,65;249;23;1
"c1-23-41";"coronsqu";3,00;6;7;12;13;6,13;6,97;5,45;7,18;0,66;5,81;3,57;137;14;2
"c1-24-22";"buddldav";12,00;2;5;2;2;5,93;6,61;5,44;7,08;0,37;5,84;3,70;211;43;6
"c1-24-32";"coronsqu";3,00;6;7;12;13;6,00;6,53;5,36;7,03;0,35;5,86;3,57;127;16;2
"c1-24-43";"coronsqu";3,00;6;7;12;13;6,45;6,87;6,14;6,88;0,34;5,74;3,64;128;10;2
"c1-24-44";"coronsqu";3,00;6;7;12;13;6,34;7,04;5,84;7,15;0,42;5,86;3,78;154;10;2
"c1-25-11";"astertri";14,00;7;5;5;15;5,80;6,68;5,00;7,27;0,45;5,95;3,78;179;37;7
"c1-25-22";"buddldav";12,00;2;5;2;2;6,03;6,71;5,73;7,19;0,55;5,86;3,72;206;29;6
"c1-25-32";"coronsqu";3,00;6;5;2;13;5,94;6,61;5,34;7,14;0,36;5,87;3,69;200;20;2
"c1-25-33";"coronsqu";3,00;6;7;12;13;5,92;7,06;5,86;7,42;0,45;5,89;3,61;129;5;2
"c1-25-43";"coronsqu";3,00;6;7;12;13;6,35;7,09;6,29;7,15;0,40;5,80;3,65;95;5;2
"c1-26-13";"coronsqu";3,00;6;7;12;13;6,10;6,72;5,58;7,07;0,28;5,81;3,55;114;8;2
"c1-26-31";"coronsqu";3,00;6;7;12;13;6,21;6,94;6,40;7,13;0,63;5,76;3,64;136;7;2
"c1-26-33";"coronsqu";3,00;6;7;12;13;6,15;6,76;6,44;7,11;0,58;5,83;3,64;206;19;2
"c1-26-41";"coronsqu";3,00;6;7;12;13;5,95;6,92;6,31;7,09;0,83;5,73;3,54;144;5;2
"c1-27-11";"coronsqu";3,00;6;7;12;13;6,23;6,75;6,07;7,09;0,62;5,79;3,63;167;9;2
"c1-27-14";"coronsqu";3,00;6;7;12;13;6,21;6,89;6,21;7,14;0,59;5,76;3,61;112;8;2
"c1-27-32";"coronsqu";3,00;6;7;12;13;5,97;6,65;6,47;7,11;0,55;5,74;3,62;143;6;2
"c1-27-33";"coronsqu";3,00;6;7;12;13;5,65;6,38;7,13;7,13;0,79;5,75;3,45;113;4;2
"c1-27-34";"coronsqu";3,00;6;7;12;13;5,75;6,51;6,05;7,05;0,41;5,72;3,53;185;9;2
"c1-27-41";"coronsqu";3,00;6;7;12;13;6,25;6,77;6,50;7,01;0,58;5,79;3,54;113;4;2
"c1-27-42";"filipulm";6,00;4;7;9;3;5,71;6,25;7,37;7,02;0,61;5,67;3,58;109;2;4
"c1-28-14";"coronsqu";3,00;6;7;12;13;5,95;6,67;7,38;7,03;0,67;5,65;3,47;132;2;2
"c1-28-21";"molincae";11,00;4;2;9;8;5,39;6,11;7,21;7,17;0,66;5,62;3,30;102;1;5
"c1-28-23";"molincae";11,00;4;2;9;8;5,21;5,73;7,20;7,09;0,34;5,60;3,40;114;2;5
"c1-28-31";"coronsqu";3,00;6;7;12;13;5,72;6,35;6,37;7,05;0,44;5,72;3,42;166;5;2
"c1-28-32";"filipulm";5,00;2;7;12;7;6,28;6,69;6,00;6,94;0,26;5,76;3,58;199;15;4
"c1-28-44";"primuela";17,00;5;3;10;16;5,88;5,56;5,85;6,56;0,22;5,60;3,29;107;11;8
"c1-31-43";"ammopare";1,00;7;9;14;1;5,26;6,52;4,98;7,31;0,43;5,86;3,73;184;13;1
"c1-31-44";"ammopare";2,00;7;9;14;18;5,30;6,49;4,82;7,19;0,40;5,94;3,68;231;26;1
"c1-32-14";"ammopare";1,00;7;9;14;1;5,05;6,70;5,23;7,36;0,52;5,84;3,76;180;17;1
"c1-32-21";"ammopare";1,00;7;9;14;1;5,10;6,73;4,48;7,24;0,22;5,81;3,66;122;13;1
"c1-32-23";"ammopare";2,00;7;9;14;18;5,60;6,75;5,32;7,18;0,55;5,88;3,69;257;34;1
"c1-32-31";"ammopare";1,00;7;7;5;1;5,74;6,76;5,20;7,42;0,53;5,92;3,65;129;11;1
"c1-33-12";"coronsqu";3,00;6;7;12;13;6,31;6,91;5,56;7,17;0,30;5,84;3,70;122;10;2
"c1-33-14";"coronsqu";3,00;6;7;12;13;5,92;6,76;6,70;7,22;0,68;5,78;3,49;98;3;2
"c1-33-21";"coronsqu";3,00;6;7;12;13;6,18;6,87;5,47;7,13;0,32;5,81;3,65;121;8;2
"c1-33-23";"coronsqu";3,00;6;7;12;13;6,25;7,03;6,50;7,03;0,36;5,84;3,53;102;8;2
"c1-33-24";"coronsqu";3,00;6;7;12;13;6,10;6,62;5,34;6,96;0,30;5,73;3,63;150;18;2
"c1-33-42";"coronsqu";3,00;6;7;12;13;6,23;6,68;5,46;6,98;0,24;5,81;3,59;116;12;2
"c1-34-21";"coronsqu";3,00;6;7;12;13;6,47;6,87;5,87;7,07;0,33;5,81;3,72;145;5;2
"c1-34-22";"coronsqu";3,00;6;7;12;13;6,38;7,18;5,78;7,08;0,35;5,80;3,75;106;5;2
"c1-34-24";"coronsqu";3,00;6;7;12;13;6,21;6,75;5,65;7,17;0,34;5,88;3,70;145;16;2
"c1-34-31";"coronsqu";3,00;6;7;12;13;6,16;6,98;6,01;7,08;0,38;5,87;3,76;110;14;2
"c1-34-41";"coronsqu";3,00;6;7;12;13;6,47;6,94;5,71;7,11;0,36;5,82;3,75;116;14;2
"c1-35-14";"astertri";14,00;6;7;5;15;6,20;7,05;5,76;7,19;0,30;5,75;3,73;122;10;7
"c1-35-21";"coronsqu";3,00;6;7;12;13;6,16;6,96;5,81;7,17;0,72;5,80;3,63;135;11;2
"c1-35-31";"coronsqu";3,00;6;7;12;13;6,11;6,77;6,05;7,06;0,44;5,82;3,62;171;11;2
"c1-35-44";"buddldav";13,00;6;4;1;17;6,18;6,20;5,37;6,66;0,23;5,75;3,46;142;21;6
"c1-36-11";"filipulm";5,00;2;5;2;7;6,19;6,67;5,79;6,97;0,26;5,86;3,74;202;22;4
"c1-36-13";"loliumul";4,00;6;4;12;11;6,44;6,38;5,55;6,85;0,25;5,84;3,53;106;12;3
"c1-36-24";"filipulm";5,00;6;7;12;7;5,82;6,17;5,91;7,06;0,29;5,77;3,57;178;14;4
"c1-36-42";"buddldav";13,00;6;4;4;17;5,55;5,69;4,95;6,95;0,19;5,67;3,45;119;9;6
"c1-37-13";"loliumul";4,00;6;4;6;11;6,28;6,09;5,83;6,98;0,31;5,75;3,60;113;12;3
"c1-37-21";"filipulm";5,00;2;6;3;7;6,13;6,39;5,97;6,84;0,27;5,73;3,53;200;18;4
"c1-37-23";"buddldav";13,00;6;4;5;17;5,83;6,20;5,21;6,86;0,22;5,73;3,25;97;13;6
"c1-37-34";"buddldav";13,00;6;4;12;17;6,04;6,36;5,69;6,99;0,29;5,76;3,46;141;16;6
"c1-37-42";"filipulm";5,00;6;4;6;7;6,17;6,17;5,80;7,04;0,25;5,77;3,80;156;15;4
"c1-38-13";"buddldav";13,00;6;4;1;17;6,12;5,91;5,52;6,62;0,24;5,73;3,48;136;24;6
"c1-38-32";"molincae";8,00;2;5;13;14;5,69;5,78;5,49;6,79;0,23;5,75;3,49;198;21;5
"c1-38-42";"primuela";17,00;4;2;4;16;5,09;4,80;5,61;6,27;0,17;5,54;3,23;130;17;8
"c1-38-44";"molincae";9,00;4;2;4;4;4,80;4,65;5,62;6,50;0,17;5,63;3,13;153;9;5
"c1-41-11";"ammopare";1,00;7;9;14;1;5,52;6,64;4,85;7,25;0,49;5,95;3,77;207;31;1
"c1-41-12";"ammopare";2,00;7;9;14;18;5,54;6,72;5,31;7,39;0,90;5,95;3,71;284;31;1
"c1-41-13";"ammopare";2,00;7;9;14;18;5,26;6,61;5,40;7,09;0,35;5,81;3,66;324;37;1
"c1-41-14";"ammopare";2,00;7;9;14;18;5,70;6,65;5,23;7,22;0,63;5,91;3,78;245;38;1
"c1-41-21";"ammopare";1,00;7;7;5;1;5,80;6,94;5,00;7,47;1,00;5,99;3,87;156;21;1
"c1-41-23";"ammopare";1,00;7;9;5;1;5,90;6,70;5,25;7,31;0,91;5,94;3,73;192;21;1
"c1-41-31";"ammopare";1,00;7;9;5;1;5,51;6,61;5,12;7,18;0,25;5,81;3,67;145;18;1
"c1-41-32";"ammopare";1,00;7;9;14;1;5,68;6,62;5,13;7,26;0,36;5,92;3,69;169;22;1
"c1-41-33";"coronsqu";3,00;6;7;12;13;6,04;6,51;5,11;7,06;0,25;5,87;3,71;163;21;2
"c1-41-41";"ammopare";1,00;6;7;5;1;5,79;6,77;4,92;7,08;0,35;5,86;3,68;143;20;1
"c1-41-42";"buddldav";12,00;7;5;2;2;5,97;6,75;5,38;7,11;0,32;5,90;3,59;205;36;6
"c1-41-43";"coronsqu";3,00;2;5;2;13;6,05;6,83;6,13;7,09;0,54;5,90;3,64;238;28;2
"c1-41-44";"coronsqu";3,00;7;7;5;13;5,92;6,85;5,52;7,19;0,37;5,88;3,76;193;23;2
"c1-42-11";"filipulm";5,00;2;5;2;7;5,53;6,02;5,91;7,17;0,33;5,81;3,55;241;19;4
"c1-42-13";"coronsqu";3,00;7;7;5;13;5,91;6,81;5,27;7,19;0,28;5,83;3,78;173;13;2
"c1-42-14";"coronsqu";3,00;6;7;12;13;6,39;6,95;6,01;7,12;0,58;5,80;3,61;117;8;2
"c1-42-21";"coronsqu";3,00;6;7;12;13;6,20;6,85;5,54;7,09;0,35;5,84;3,76;146;12;2
"c1-42-31";"coronsqu";3,00;6;7;12;13;6,46;6,92;5,79;7,03;0,29;5,76;3,79;134;13;2
"c1-42-32";"coronsqu";3,00;6;7;12;13;6,02;6,88;5,75;7,10;0,41;5,83;3,63;185;20;2
"c1-42-34";"coronsqu";3,00;6;7;12;13;6,13;6,92;5,62;7,10;0,32;5,82;3,63;146;11;2
"c1-42-42";"coronsqu";3,00;6;7;12;13;6,45;6,96;5,63;6,95;0,36;5,84;3,54;94;9;2
"c1-42-43";"coronsqu";3,00;6;7;12;13;6,14;6,94;5,50;7,13;0,30;5,86;3,75;149;11;2
"c1-43-12";"coronsqu";3,00;6;7;12;13;6,40;6,94;5,70;6,93;0,41;5,87;3,64;116;13;2
"c1-43-23";"coronsqu";3,00;6;7;12;13;6,31;6,85;6,06;6,98;0,42;5,81;3,59;134;6;2
"c1-43-34";"coronsqu";3,00;6;7;12;13;6,34;6,85;5,90;6,99;0,36;5,82;3,67;142;9;2
"c1-43-44";"coronsqu";3,00;6;7;12;13;6,30;6,70;5,81;7,04;0,34;5,79;3,68;133;12;2
"c1-44-11";"coronsqu";3,00;6;7;12;13;6,43;6,72;5,88;7,06;0,36;5,71;3,67;99;3;2
"c1-44-12";"coronsqu";3,00;6;7;12;13;6,35;6,89;6,41;6,94;0,58;5,74;3,67;109;3;2
"c1-44-22";"loliumul";4,00;6;4;12;11;6,46;6,66;5,77;6,91;0,34;5,75;3,78;122;12;3
"c1-44-32";"coronsqu";3,00;6;7;12;13;6,18;6,80;6,03;7,00;0,33;5,86;3,71;205;15;2
"c1-44-41";"coronsqu";3,00;6;7;12;13;6,13;6,70;5,52;6,92;0,33;5,78;3,51;149;12;2
"c1-45-12";"buddldav";13,00;6;7;12;17;6,17;6,55;5,48;7,00;0,15;5,79;3,63;124;21;6
"c1-45-23";"coronsqu";3,00;6;7;12;13;6,22;6,78;6,42;6,88;0,26;5,68;3,59;149;6;2
"c1-45-24";"coronsqu";3,00;6;7;12;13;6,39;6,73;6,22;6,99;0,36;5,70;3,80;132;6;2
"c1-45-34";"loliumul";4,00;6;4;12;11;6,19;6,43;5,86;6,80;0,23;5,80;3,57;111;18;3
"c1-45-42";"loliumul";4,00;6;4;6;11;6,19;6,28;5,55;7,09;0,30;5,79;3,67;143;18;3
"c1-45-43";"filipulm";6,00;5;3;10;3;6,29;5,95;6,07;6,38;0,24;5,58;3,42;134;11;4
"c1-46-11";"coronsqu";3,00;6;7;12;13;6,04;6,35;6,46;7,05;0,29;5,78;3,58;165;6;2
"c1-46-21";"filipulm";6,00;6;4;6;3;6,07;6,01;6,41;7,00;0,34;5,60;3,50;135;3;4
"c1-46-22";"filipulm";5,00;6;4;6;7;6,15;6,01;5,84;6,69;0,24;5,70;3,59;146;8;4
"c1-46-33";"filipulm";5,00;6;4;6;7;6,39;6,57;6,17;6,85;0,21;5,67;3,67;159;13;4
"c1-46-34";"filipulm";5,00;6;4;6;7;6,38;6,28;5,67;7,01;0,26;5,83;3,64;146;25;4
"c1-47-21";"molincae";11,00;4;2;9;8;3,61;4,04;5,73;6,92;0,24;5,66;2,92;105;4;5
"c1-47-22";"molincae";11,00;3;1;9;8;4,28;4,78;6,57;6,80;0,22;5,59;3,06;212;6;5
"c1-47-23";"molincae";11,00;4;2;9;8;4,21;4,57;5,77;6,78;0,24;5,53;3,14;108;3;5
"c1-47-24";"molincae";10,00;3;1;11;12;4,46;4,99;6,32;6,88;0,20;5,59;3,19;249;6;5
"c1-47-42";"molincae";9,00;4;2;4;4;5,40;5,26;5,69;6,67;0,28;5,60;3,27;137;4;5
"c1-48-11";"molincae";8,00;3;1;13;14;5,56;5,43;5,99;6,56;0,22;5,63;3,46;197;14;5
"c1-48-12";"molincae";8,00;3;4;13;14;5,61;5,59;5,62;6,67;0,26;5,69;3,41;176;16;5
"c1-48-13";"molincae";8,00;3;1;13;14;5,53;5,57;5,85;6,70;0,24;5,69;3,41;247;26;5
"c1-48-14";"filipulm";5,00;2;6;6;7;5,91;6,03;5,79;6,80;0,22;5,80;3,47;192;25;4
"c1-48-22";"primuela";17,00;5;3;8;16;5,53;5,07;5,63;6,33;0,17;5,61;3,23;138;19;8
"c1-51-11";"coronsqu";3,00;6;7;12;13;6,24;6,89;5,67;7,00;0,38;5,68;3,41;101;5;2
"c1-51-12";"coronsqu";3,00;6;7;12;13;6,41;7,03;6,76;7,02;0,53;5,79;3,53;156;5;2
"c1-51-22";"coronsqu";3,00;6;7;12;13;6,01;6,85;5,77;7,02;0,42;5,85;3,67;193;18;2
"c1-51-31";"coronsqu";3,00;6;7;12;13;6,15;6,69;5,45;7,12;0,36;5,82;3,56;107;6;2
"c1-51-32";"coronsqu";3,00;6;7;12;13;6,46;6,96;6,01;7,12;0,38;5,86;3,57;104;9;2
"c1-51-34";"coronsqu";3,00;6;7;12;13;6,26;6,84;6,11;7,15;0,53;5,82;3,68;134;7;2
"c1-51-43";"coronsqu";3,00;6;7;12;13;6,61;6,79;6,02;7,08;0,33;5,76;3,57;106;9;2
"c1-52-24";"coronsqu";3,00;6;7;12;13;6,33;6,87;5,84;7,07;0,32;5,75;3,59;149;13;2
"c1-52-31";"coronsqu";3,00;6;7;12;13;6,23;6,97;5,55;7,12;0,31;5,87;3,82;134;9;2
"c1-52-42";"coronsqu";3,00;6;7;12;13;6,47;7,04;6,00;7,25;0,31;5,77;3,58;98;6;2
"c1-53-11";"coronsqu";3,00;6;7;12;13;6,25;6,88;5,84;7,07;0,44;5,84;3,62;127;9;2
"c1-53-13";"coronsqu";3,00;6;7;12;13;6,41;6,91;6,02;6,95;0,39;5,83;3,70;96;11;2
"c1-53-31";"coronsqu";3,00;6;7;12;13;6,36;6,90;5,70;7,00;0,30;5,71;3,53;110;5;2
"c1-53-32";"coronsqu";3,00;6;7;12;13;6,52;6,87;5,63;6,97;0,31;5,86;3,65;117;5;2
"c1-53-34";"coronsqu";3,00;6;7;12;13;6,42;6,87;5,87;7,06;0,31;5,77;3,58;129;5;2
"c1-53-44";"coronsqu";3,00;6;7;12;13;6,30;6,56;6,02;6,96;0,37;5,78;3,61;140;11;2
"c1-54-21";"coronsqu";3,00;6;7;12;13;6,27;6,76;5,88;6,94;0,28;5,84;3,65;165;10;2
"c1-54-22";"coronsqu";3,00;6;7;12;13;6,30;6,46;6,03;6,90;0,26;5,71;3,50;148;12;2
"c1-54-31";"loliumul";4,00;6;4;12;11;6,25;6,58;5,59;6,85;0,23;5,81;3,46;134;14;3
"c1-54-42";"loliumul";4,00;6;4;6;11;6,20;6,11;5,69;6,88;0,30;5,72;3,54;145;15;3
"c1-55-12";"loliumul";4,00;6;4;12;11;6,32;6,37;5,51;7,03;0,30;5,82;3,64;96;11;3
"c1-55-22";"loliumul";4,00;6;4;6;11;6,32;6,26;5,75;6,85;0,27;5,68;3,63;133;10;3
"c1-55-43";"primuela";17,00;5;3;10;16;6,46;6,22;6,44;6,26;0,15;5,43;3,60;112;7;8
"c1-55-44";"filipulm";5,00;2;6;6;7;6,00;6,06;5,89;6,75;0,25;5,69;3,55;178;20;4
"c1-56-13";"molincae";8,00;4;4;13;14;5,86;5,61;5,70;6,45;0,24;5,69;3,44;151;12;5
"c1-56-23";"loliumul";4,00;6;4;5;11;5,71;6,04;4,90;6,98;0,28;5,73;3,54;118;9;3
"c1-56-34";"loliumul";4,00;6;4;1;11;6,14;5,77;5,27;6,90;0,34;5,77;3,40;92;14;3
"c1-56-42";"filipulm";5,00;6;4;1;7;5,91;5,96;5,25;6,78;0,20;5,72;3,52;162;15;4
"c1-57-14";"molincae";9,00;4;2;4;4;5,76;5,58;5,75;6,66;0,25;5,51;3,48;134;2;5
"c1-57-32";"filipulm";6,00;4;2;10;3;5,70;5,78;5,78;6,56;0,28;5,54;3,44;110;7;4
"c1-57-33";"loliumul";4,00;6;4;1;11;6,03;6,00;5,53;6,59;0,21;5,61;3,51;139;12;3
"c1-57-41";"molincae";9,00;4;2;13;4;5,76;5,54;5,96;6,35;0,24;5,63;3,42;155;11;5
"c1-58-11";"molincae";9,00;4;2;13;4;5,50;5,13;6,02;6,41;0,22;5,59;3,32;157;7;5
"c1-58-34";"filipulm";5,00;2;6;13;7;5,76;5,75;5,73;6,67;0,19;5,69;3,49;186;12;4
"c1-58-43";"molincae";9,00;4;2;4;4;5,91;5,49;5,54;6,56;0,25;5,67;3,44;118;12;5
"c1-58-44";"molincae";9,00;4;2;4;4;6,03;5,41;5,73;6,22;0,30;5,63;3,49;103;12;5
"c2-11-14";"filipulm";6,00;5;7;10;3;5,72;6,56;6,82;6,96;0,52;5,54;3,29;100;4;4
"c2-11-22";"coronsqu";3,00;6;7;12;13;6,01;6,75;5,91;7,11;0,45;5,79;3,61;150;11;2
"c2-11-23";"filipulm";7,00;2;6;3;9;5,82;6,36;6,01;6,74;0,23;5,74;3,49;304;24;4
"c2-11-24";"astertri";14,00;6;7;5;15;5,97;6,67;5,62;7,23;0,40;5,77;3,65;170;14;7
"c2-11-34";"coronsqu";3,00;6;7;12;13;5,96;6,40;5,89;7,06;0,32;5,66;3,57;138;12;2
"c2-11-42";"astertri";14,00;6;5;5;15;5,91;6,70;5,42;7,11;0,33;5,77;3,65;181;19;7
"c2-11-44";"astertri";14,00;6;7;5;15;6,03;6,52;5,19;7,11;0,31;5,76;3,48;125;8;7
"c2-12-14";"coronsqu";3,00;6;7;12;13;6,53;6,80;6,40;7,08;0,34;5,76;3,67;141;11;2
"c2-12-24";"filipulm";6,00;2;6;3;3;6,03;6,31;7,06;6,88;0,26;5,70;3,58;187;9;4
"c2-12-34";"primuela";17,00;5;3;10;16;6,60;6,56;6,13;6,68;0,21;5,59;3,41;92;10;8
"c2-12-43";"filipulm";6,00;5;3;10;3;6,21;6,39;6,38;6,51;0,16;5,60;3,49;155;11;4
"c2-13-11";"coronsqu";3,00;2;7;3;13;6,18;6,88;6,56;6,93;0,37;5,76;3,61;210;11;2
"c2-13-12";"filipulm";5,00;2;6;3;7;6,29;6,74;6,22;6,92;0,31;5,73;3,63;208;18;4
"c2-13-13";"filipulm";5,00;2;6;3;7;6,20;6,67;6,34;6,85;0,31;5,78;3,64;225;24;4
"c2-13-21";"filipulm";5,00;2;6;2;7;6,05;6,63;6,01;6,92;0,24;5,73;3,72;215;18;4
"c2-13-32";"coronsqu";3,00;6;7;12;13;6,26;6,83;7,38;7,20;0,92;5,69;3,55;104;1;2
"c2-13-41";"coronsqu";3,00;6;7;12;13;6,56;6,87;6,55;7,07;0,47;5,78;3,77;117;14;2
"c2-14-22";"coronsqu";3,00;6;7;12;13;6,43;6,98;6,57;7,00;0,50;5,69;3,58;110;5;2
"c2-14-31";"filipulm";5,00;2;5;2;7;6,28;6,56;5,64;6,80;0,22;5,80;3,59;189;21;4
"c2-14-32";"filipulm";5,00;2;6;3;7;6,20;6,62;6,13;6,78;0,21;5,69;3,75;193;17;4
"c2-14-33";"filipulm";5,00;6;6;6;7;6,07;6,22;6,07;6,81;0,22;5,68;3,51;178;12;4
"c2-14-41";"filipulm";5,00;6;4;6;7;6,18;6,23;6,02;6,76;0,25;5,62;3,52;153;12;4
"c2-15-13";"loliumul";4,00;6;7;6;11;6,51;6,65;6,53;6,95;0,35;5,71;3,74;107;5;3
"c2-15-14";"coronsqu";3,00;6;7;12;13;6,00;6,42;5,70;6,99;0,30;5,80;3,46;124;9;2
"c2-15-31";"filipulm";5,00;6;4;6;7;6,03;6,11;5,74;6,99;0,28;5,71;3,73;150;11;4
"c2-15-44";"filipulm";7,00;2;6;3;9;6,12;6,32;6,03;6,81;0,23;5,77;3,70;228;22;4
"c2-16-34";"loliumul";4,00;6;4;6;11;6,01;6,19;5,54;6,94;0,27;5,65;3,76;131;10;3
"c2-16-43";"filipulm";5,00;6;4;6;7;6,10;6,20;5,71;6,95;0,25;5,68;3,66;154;12;4
"c2-16-44";"loliumul";4,00;6;4;6;11;6,46;6,42;6,02;6,75;0,31;5,66;3,83;118;12;3
"c2-17-12";"coronsqu";3,00;6;7;12;13;6,27;6,69;6,54;6,87;0,41;5,68;3,62;169;8;2
"c2-17-21";"coronsqu";3,00;6;7;12;13;6,18;6,86;6,16;7,01;0,43;5,83;3,63;199;9;2
"c2-17-22";"coronsqu";3,00;6;7;12;13;6,17;6,85;6,61;6,94;0,63;5,77;3,71;199;7;2
"c2-17-23";"coronsqu";3,00;6;7;12;13;6,27;6,92;6,50;7,03;0,57;5,69;3,69;155;5;2
"c2-17-24";"coronsqu";3,00;6;7;12;13;6,12;6,80;6,32;7,11;0,47;5,65;3,61;114;4;2
"c2-17-41";"loliumul";4,00;6;7;12;11;6,11;6,69;5,44;6,90;0,23;5,77;3,67;126;8;3
"c2-18-11";"coronsqu";3,00;6;7;12;13;6,12;6,73;6,65;7,06;0,72;5,76;3,62;175;8;2
"c2-18-12";"coronsqu";3,00;6;7;12;13;6,05;6,96;6,22;7,07;0,69;5,74;3,67;171;6;2
"c2-18-13";"filipulm";5,00;2;6;3;7;6,03;6,55;6,42;6,96;0,50;5,75;3,69;215;10;4
"c2-18-14";"filipulm";5,00;2;6;3;7;6,07;6,55;6,34;7,00;0,61;5,76;3,72;231;12;4
"c2-18-22";"coronsqu";3,00;6;7;12;13;6,11;6,68;5,72;6,90;0,25;5,76;3,57;153;15;2
"c2-18-31";"molincae";9,00;6;4;6;4;5,90;5,73;5,45;6,80;0,20;5,66;3,56;146;13;5
"c2-21-22";"buddldav";12,00;2;5;2;2;5,91;6,73;5,21;7,15;0,44;5,91;3,71;226;43;6
"c2-21-24";"buddldav";13,00;6;5;2;17;6,11;6,59;5,31;7,04;0,22;5,85;3,75;157;36;6
"c2-21-32";"primuela";17,00;5;3;10;16;6,05;5,66;5,55;6,40;0,26;5,53;3,27;86;14;8
"c2-21-44";"buddldav";12,00;2;5;2;2;5,68;6,34;5,08;7,02;0,23;5,94;3,74;183;50;6
"c2-22-11";"buddldav";13,00;6;5;5;17;5,72;6,58;4,90;7,18;0,21;5,99;3,69;145;30;6
"c2-22-13";"buddldav";12,00;2;5;2;2;6,02;6,51;5,44;6,99;0,25;5,88;3,71;247;46;6
"c2-22-31";"buddldav";13,00;6;5;5;17;6,10;6,55;5,74;6,94;0,26;5,91;3,62;154;46;6
"c2-22-33";"buddldav";13,00;2;5;2;17;6,27;6,47;5,81;6,74;0,21;5,85;3,50;174;38;6
"c2-22-41";"primuela";17,00;5;3;10;16;6,20;5,87;5,60;6,21;0,14;5,53;3,37;111;6;8
"c2-22-44";"filipulm";7,00;3;1;11;9;5,21;5,38;5,79;6,78;0,16;5,73;3,43;306;31;4
"c2-23-14";"molincae";8,00;3;1;13;14;5,56;5,61;5,63;6,88;0,22;5,70;3,44;197;16;5
"c2-23-31";"molincae";8,00;1;4;13;14;6,00;5,80;5,51;6,51;0,17;5,75;3,42;178;24;5
"c2-23-32";"molincae";9,00;4;2;4;4;5,00;4,94;5,46;6,54;0,17;5,46;3,31;125;3;5
"c2-23-33";"molincae";8,00;3;1;13;14;5,17;5,29;5,76;6,67;0,18;5,68;3,36;270;18;5
"c2-23-42";"molincae";8,00;6;4;13;14;6,01;5,67;5,69;6,92;0,26;5,72;3,68;161;20;5
"c2-23-43";"molincae";8,00;3;1;13;14;5,42;5,74;5,87;6,71;0,18;5,73;3,50;251;16;5
"c2-23-44";"molincae";8,00;4;2;13;14;5,64;5,73;5,38;6,62;0,20;5,58;3,39;163;15;5
"c2-24-11";"filipulm";6,00;5;3;10;3;6,17;6,09;6,55;6,72;0,20;5,52;3,52;102;1;4
"c2-24-14";"molincae";11,00;4;2;9;8;5,49;5,12;6,30;6,53;0,20;5,37;3,42;113;1;5
"c2-24-24";"filipulm";6,00;5;3;10;3;5,70;5,82;6,06;6,40;0,19;5,53;3,41;152;6;4
"c2-24-43";"molincae";9,00;4;2;4;4;5,62;5,34;5,34;6,66;0,19;5,67;3,41;124;12;5
"c2-25-14";"filipulm";6,00;6;4;6;3;5,87;5,79;5,96;6,96;0,30;5,65;3,48;126;10;4
"c2-25-21";"primuela";17,00;5;3;10;16;6,09;5,68;6,18;6,07;0,17;5,45;3,33;102;4;8
"c2-25-22";"loliumul";4,00;6;4;6;11;6,42;6,25;5,85;7,03;0,30;5,73;3,70;131;14;3
"c2-25-33";"molincae";9,00;4;2;4;4;5,48;5,18;5,78;6,62;0,18;5,50;3,36;115;6;5
"c2-25-34";"molincae";8,00;3;4;13;14;5,57;5,45;5,28;6,79;0,20;5,72;3,42;181;19;5
"c2-25-44";"buddldav";13,00;6;5;2;17;5,67;5,86;5,20;6,90;0,28;5,80;3,48;174;14;6
"c2-26-11";"filipulm";6,00;5;3;10;3;6,06;5,88;5,61;6,56;0,18;5,62;3,58;103;5;4
"c2-26-21";"loliumul";4,00;6;4;6;11;6,65;6,37;6,28;6,93;0,28;5,69;3,63;117;9;3
"c2-26-22";"loliumul";4,00;6;4;6;11;6,36;6,45;6,37;6,83;0,29;5,59;3,63;108;8;3
"c2-26-23";"filipulm";5,00;6;4;6;7;6,13;6,26;6,00;6,97;0,28;5,73;3,66;149;13;4
"c2-26-24";"filipulm";5,00;2;6;3;7;6,09;6,12;6,23;6,75;0,24;5,74;3,63;194;15;4
"c2-26-33";"buddldav";13,00;6;4;6;17;5,75;5,80;5,25;7,03;0,25;5,82;3,60;145;20;6
"c2-26-34";"buddldav";13,00;6;4;10;17;5,43;5,54;5,15;6,97;0,26;5,60;3,37;117;6;6
"c2-26-44";"buddldav";13,00;6;4;6;17;5,82;5,89;5,39;6,91;0,21;5,76;3,59;146;20;6
"c2-27-13";"filipulm";5,00;6;4;6;7;5,81;5,88;6,07;6,99;0,38;5,67;3,57;146;7;4
"c2-27-23";"loliumul";4,00;6;4;6;11;6,31;6,28;6,32;6,88;0,25;5,65;3,66;120;11;3
"c2-27-32";"loliumul";4,00;6;4;12;11;6,12;6,23;5,52;7,07;0,33;5,80;3,79;116;12;3
"c2-27-33";"filipulm";5,00;6;4;6;7;5,70;6,06;5,46;7,09;0,29;5,78;3,47;174;14;4
"c2-27-41";"molincae";9,00;4;4;6;4;6,12;5,74;5,94;6,79;0,19;5,63;3,63;129;14;5
"c2-27-42";"molincae";8,00;3;1;13;14;5,85;5,61;5,97;6,64;0,21;5,66;3,46;164;14;5
"c2-28-13";"filipulm";6,00;6;7;6;3;6,41;6,48;6,30;6,88;0,29;5,68;3,65;116;9;4
"c2-28-21";"filipulm";5,00;6;4;6;7;6,17;5,97;6,27;6,85;0,23;5,66;3,68;154;16;4
"c2-28-23";"filipulm";5,00;6;4;6;7;6,31;6,30;6,09;6,91;0,24;5,78;3,66;163;15;4
"c2-28-24";"loliumul";4,00;6;4;6;11;6,28;6,17;5,92;6,91;0,25;5,70;3,50;137;17;3
"c2-28-31";"filipulm";6,00;4;2;10;3;5,74;5,54;5,86;6,70;0,18;5,58;3,63;137;4;4
"c2-28-42";"filipulm";5,00;2;6;6;7;6,07;6,21;5,97;6,98;0,27;5,77;3,76;177;29;4
"c2-28-44";"loliumul";4,00;6;4;6;11;6,42;6,04;5,87;6,83;0,21;5,69;3,78;115;10;3
"c2-31-14";"molincae";9,00;4;2;4;4;5,54;5,42;5,42;6,51;0,23;5,66;3,39;141;20;5
"c2-31-22";"buddldav";13,00;6;4;5;17;5,67;6,33;4,76;6,91;0,07;5,79;3,72;100;14;6
"c2-31-32";"molincae";10,00;3;1;11;12;5,38;5,37;6,13;6,45;0,17;5,60;3,41;240;23;5
"c2-31-34";"primuela";17,00;5;3;8;16;5,56;5,46;6,19;6,44;0,20;5,53;3,27;186;20;8
"c2-31-41";"primuela";17,00;5;3;9;16;5,46;5,53;6,67;6,08;0,15;5,50;3,44;119;3;8
"c2-31-44";"primuela";17,00;5;3;8;16;5,78;5,84;6,31;6,30;0,23;5,50;3,48;162;6;8
"c2-32-11";"buddldav";13,00;6;4;1;17;5,71;6,03;4,96;6,93;0,25;5,81;3,38;140;13;6
"c2-32-12";"buddldav";13,00;5;3;4;17;5,45;5,56;4,83;6,72;0,17;5,77;3,39;125;11;6
"c2-32-13";"buddldav";13,00;6;4;5;17;5,47;5,88;5,09;6,95;0,18;5,72;3,64;133;15;6
"c2-32-14";"primuela";17,00;5;3;10;16;6,04;6,02;6,23;6,44;0,13;5,54;3,52;128;6;8
"c2-32-21";"filipulm";6,00;4;2;9;3;5,21;5,60;6,00;6,82;0,21;5,54;3,35;157;6;4
"c2-32-23";"filipulm";7,00;2;6;3;9;5,73;6,11;6,81;6,72;0,25;5,54;3,56;230;11;4
"c2-32-24";"filipulm";5,00;2;6;3;7;6,04;6,16;6,21;6,85;0,23;5,69;3,64;201;13;4
"c2-32-31";"filipulm";7,00;2;6;3;9;5,72;6,07;6,01;6,83;0,20;5,71;3,61;249;19;4
"c2-32-32";"filipulm";7,00;2;6;3;9;5,84;6,01;6,17;6,67;0,21;5,72;3,50;277;24;4
"c2-33-11";"filipulm";6,00;4;2;6;3;5,68;5,52;6,14;6,75;0,23;5,59;3,45;126;4;4
"c2-33-12";"primuela";17,00;5;3;8;16;5,37;5,37;6,20;6,25;0,16;5,50;3,37;183;4;8
"c2-33-14";"filipulm";6,00;3;1;6;3;5,61;5,71;6,31;6,65;0,22;5,59;3,46;172;8;4
"c2-33-21";"filipulm";5,00;3;6;13;7;5,88;5,75;6,05;6,70;0,25;5,64;3,45;187;15;4
"c2-33-24";"primuela";17,00;5;3;10;16;5,88;6,00;6,42;6,36;0,25;5,50;3,43;122;3;8
"c2-33-44";"filipulm";5,00;6;4;6;7;6,03;6,11;5,66;6,67;0,20;5,80;3,50;159;24;4
"c2-34-11";"molincae";9,00;6;4;6;4;5,91;5,65;5,67;6,78;0,25;5,68;3,50;141;10;5
"c2-34-14";"molincae";9,00;4;2;6;4;5,61;5,53;5,85;6,73;0,25;5,63;3,50;144;6;5
"c2-34-24";"molincae";8,00;4;2;13;14;5,42;5,25;5,66;6,54;0,19;5,59;3,47;169;9;5
"c2-34-33";"buddldav";13,00;6;4;1;17;6,15;6,25;5,21;6,71;0,22;5,78;3,49;101;17;6
"c2-34-42";"molincae";8,00;3;1;13;14;5,67;5,34;5,80;6,53;0,24;5,65;3,47;182;14;5
"c2-35-13";"molincae";8,00;4;2;13;14;5,80;5,50;5,94;6,16;0,18;5,50;3,54;159;13;5
"c2-35-14";"filipulm";6,00;4;2;6;3;6,14;5,77;6,43;6,46;0,23;5,52;3,56;148;12;4
"c2-35-21";"filipulm";6,00;4;2;10;3;5,41;5,35;6,12;6,76;0,27;5,60;3,50;127;5;4
"c2-35-31";"molincae";10,00;3;1;11;12;5,33;5,41;6,15;6,26;0,16;5,47;3,44;247;12;5
"c2-35-32";"molincae";10,00;3;1;11;12;5,46;5,53;6,21;6,42;0,15;5,56;3,43;228;14;5
"c2-35-34";"primuela";16,00;1;6;13;5;6,04;5,96;6,16;6,46;0,18;5,59;3,62;201;14;8
"c2-35-41";"molincae";9,00;4;2;4;4;5,35;5,23;5,84;6,53;0,26;5,48;3,30;118;11;5
"c2-36-12";"filipulm";5,00;2;5;2;7;6,04;6,04;5,42;6,88;0,23;5,79;3,60;186;25;4
"c2-36-14";"loliumul";4,00;6;4;6;11;6,08;5,90;5,63;6,82;0,29;5,69;3,59;130;14;3
"c2-36-33";"molincae";8,00;3;1;13;14;5,62;5,36;5,91;6,65;0,23;5,63;3,44;181;20;5
"c2-36-43";"molincae";8,00;3;1;13;14;5,53;5,40;5,99;6,63;0,23;5,61;3,36;194;14;5
"c2-37-12";"loliumul";4,00;6;4;6;11;6,45;6,40;5,39;7,12;0,32;5,79;3,67;94;9;3
"c2-37-14";"filipulm";7,00;2;6;3;9;5,94;6,01;5,83;6,87;0,20;5,76;3,67;252;38;4
"c2-37-32";"primuela";17,00;5;3;10;16;6,07;5,83;6,02;6,29;0,16;5,44;3,47;110;8;8
"c2-37-33";"primuela";17,00;5;3;10;16;6,01;5,55;6,25;6,09;0,13;5,50;3,43;95;8;8
"c2-37-42";"loliumul";4,00;6;4;6;11;6,21;6,22;5,67;6,90;0,29;5,76;3,60;130;12;3
"c2-37-44";"molincae";10,00;3;1;11;12;5,52;5,65;6,48;6,45;0,16;5,52;3,52;223;12;5
"c2-38-12";"astertri";14,00;6;7;6;15;6,04;6,50;6,16;7,01;0,30;5,69;3,62;143;10;7
"c2-38-13";"buddldav";13,00;6;4;5;17;6,06;5,92;5,11;6,99;0,25;5,81;3,63;106;16;6
"c2-38-24";"molincae";9,00;6;4;4;4;5,75;5,52;4,96;6,97;0,18;5,79;3,63;88;16;5
"c2-38-31";"buddldav";13,00;6;5;5;17;5,78;6,21;5,16;7,01;0,19;5,88;3,65;157;29;6
"c2-38-33";"molincae";10,00;3;1;11;12;5,53;5,69;6,17;6,51;0,18;5,58;3,50;220;17;5
"c2-38-34";"filipulm";6,00;5;3;13;3;5,76;5,79;5,93;6,55;0,15;5,60;3,53;160;7;4
"c2-38-41";"molincae";9,00;4;2;4;4;5,83;5,31;5,90;6,72;0,19;5,65;3,41;117;8;5
"c2-38-42";"molincae";8,00;3;1;13;14;5,62;5,31;6,00;6,64;0,22;5,65;3,38;175;13;5
"c2-38-43";"filipulm";6,00;6;4;6;3;5,96;6,05;6,86;6,90;0,17;5,62;3,74;127;5;4
"c2-41-22";"filipulm";7,00;2;6;3;9;5,94;6,20;6,25;6,78;0,28;5,72;3,50;242;21;4
"c2-41-23";"filipulm";6,00;5;3;10;3;6,35;6,34;6,05;6,36;0,23;5,58;3,51;116;9;4
"c2-41-33";"primuela";17,00;5;3;10;16;5,95;6,01;5,74;6,33;0,21;5,53;3,37;134;8;8
"c2-41-34";"molincae";8,00;4;2;13;14;5,17;5,16;5,99;6,58;0,25;5,57;3,28;166;10;5
"c2-42-12";"primuela";17,00;5;3;8;16;5,71;5,59;6,14;6,43;0,16;5,57;3,29;189;11;8
"c2-42-14";"primuela";17,00;5;3;8;16;5,41;5,40;5,56;6,28;0,17;5,55;3,26;145;8;8
"c2-42-21";"filipulm";7,00;2;6;3;9;5,68;6,16;6,34;6,78;0,22;5,72;3,54;311;30;4
"c2-42-22";"filipulm";6,00;5;3;9;3;5,58;6,25;7,63;6,86;0,23;5,46;3,53;147;3;4
"c2-42-23";"primuela";17,00;5;3;10;16;5,86;5,74;6,27;6,15;0,15;5,55;3,38;131;5;8
"c2-42-31";"molincae";8,00;4;2;13;14;5,82;5,49;5,60;6,33;0,20;5,54;3,35;163;19;5
"c2-42-44";"filipulm";6,00;5;3;10;3;6,01;6,00;5,81;6,79;0,32;5,59;3,46;92;8;4
"c2-43-11";"filipulm";6,00;5;3;10;3;6,00;5,88;6,37;6,54;0,24;5,54;3,51;140;6;4
"c2-43-21";"filipulm";5,00;6;4;6;7;6,29;6,32;5,93;6,71;0,30;5,69;3,62;147;14;4
"c2-43-32";"filipulm";5,00;2;6;6;7;5,83;5,86;6,11;7,01;0,26;5,72;3,64;190;20;4
"c2-43-41";"molincae";8,00;3;1;13;14;5,42;5,62;5,51;6,88;0,16;5,74;3,43;192;10;5
"c2-43-42";"buddldav";13,00;6;4;6;17;5,96;6,03;5,72;7,00;0,21;5,77;3,62;145;24;6
"c2-44-11";"filipulm";6,00;5;3;10;3;6,23;5,94;6,31;6,51;0,19;5,56;3,50;100;6;4
"c2-44-22";"molincae";8,00;4;2;13;14;5,53;5,19;5,89;6,44;0,19;5,62;3,26;157;16;5
"c2-44-33";"molincae";8,00;2;5;13;14;5,66;5,69;5,48;6,85;0,21;5,73;3,47;205;18;5
"c2-44-34";"filipulm";5,00;2;6;13;7;5,68;5,75;5,85;6,99;0,21;5,75;3,55;225;19;4
"c2-44-43";"filipulm";5,00;2;5;2;7;5,80;6,16;5,73;6,82;0,22;5,82;3,43;201;34;4
"c2-45-13";"loliumul";4,00;6;4;6;11;6,14;5,98;5,60;6,73;0,24;5,75;3,42;141;13;3
"c2-45-14";"loliumul";4,00;6;4;6;11;5,94;5,95;5,67;6,82;0,27;5,76;3,47;126;13;3
"c2-45-21";"molincae";8,00;3;1;13;14;5,52;5,48;5,78;6,78;0,23;5,68;3,44;212;20;5
"c2-45-22";"molincae";8,00;3;1;13;14;5,22;5,16;6,15;6,57;0,19;5,62;3,27;229;15;5
"c2-45-24";"molincae";8,00;3;1;13;14;5,18;5,13;6,04;6,56;0,20;5,54;3,30;218;16;5
"c2-45-31";"filipulm";6,00;5;3;10;3;6,00;6,11;6,40;6,60;0,23;5,51;3,47;137;6;4
"c2-45-42";"molincae";8,00;3;1;13;14;5,25;5,28;5,98;6,55;0,19;5,59;3,29;187;16;5
"c2-45-44";"molincae";8,00;3;1;13;14;5,76;5,72;5,84;6,51;0,24;5,65;3,55;167;15;5
"c2-46-11";"molincae";8,00;3;1;13;14;5,33;5,16;6,19;6,60;0,20;5,57;3,28;242;23;5
"c2-46-12";"molincae";8,00;3;1;13;14;5,50;5,19;5,99;6,63;0,21;5,58;3,32;169;14;5
"c2-46-13";"molincae";8,00;3;1;13;14;5,23;5,24;6,10;6,51;0,23;5,54;3,29;202;14;5
"c2-46-14";"molincae";8,00;3;1;13;14;5,12;5,19;6,00;6,63;0,17;5,52;3,28;224;12;5
"c2-46-24";"molincae";9,00;4;2;4;4;6,01;5,53;5,92;6,79;0,22;5,58;3,60;127;8;5
"c2-46-31";"molincae";11,00;4;2;9;8;4,83;5,13;5,99;6,82;0,22;5,39;3,29;128;7;5
"c2-46-32";"molincae";8,00;3;1;13;14;5,70;5,69;6,08;6,60;0,21;5,65;3,52;227;21;5
"c2-46-33";"molincae";8,00;3;1;13;14;5,98;5,78;6,00;6,38;0,22;5,62;3,41;186;14;5
"c2-46-34";"primuela";17,00;5;3;10;16;5,79;5,77;6,07;6,35;0,15;5,57;3,53;155;10;8
"c2-46-41";"filipulm";6,00;5;3;10;3;5,62;5,44;5,85;6,46;0,23;5,59;3,43;120;11;4
"c2-46-42";"molincae";9,00;4;2;4;4;5,59;5,10;5,66;6,60;0,12;5,71;3,40;140;15;5
"c2-47-14";"filipulm";6,00;6;4;6;3;6,31;6,38;5,99;6,77;0,34;5,64;3,53;125;12;4
"c2-47-22";"molincae";10,00;3;1;11;12;5,50;5,57;6,38;6,50;0,19;5,51;3,42;185;12;5
"c2-47-24";"filipulm";6,00;5;3;10;3;6,38;6,30;6,88;6,61;0,18;5,49;3,58;101;4;4
"c2-47-31";"molincae";9,00;4;2;4;4;5,73;5,23;5,83;6,55;0,22;5,56;3,49;94;9;5
"c2-47-32";"molincae";9,00;4;4;4;4;5,84;5,41;5,74;6,66;0,28;5,57;3,47;124;8;5
"c2-47-33";"molincae";9,00;4;2;4;4;6,21;5,80;5,84;6,68;0,30;5,55;3,57;100;13;5
"c2-47-42";"loliumul";4,00;6;4;12;11;6,71;6,50;5,92;6,97;0,30;5,81;3,50;113;14;3
"c2-48-11";"molincae";11,00;3;1;9;8;5,08;5,20;6,61;6,50;0,21;5,49;3,32;164;8;5
"c2-48-12";"loliumul";4,00;6;4;6;11;6,06;6,16;6,19;6,84;0,22;5,73;3,65;131;13;3
"c2-48-22";"loliumul";4,00;6;4;6;11;5,93;6,13;5,93;6,98;0,32;5,78;3,57;119;11;3
"c2-48-32";"loliumul";4,00;6;4;6;11;6,44;6,53;6,11;6,85;0,27;5,68;3,60;122;9;3
"c2-48-42";"filipulm";5,00;2;6;6;7;6,43;6,34;6,09;6,78;0,26;5,72;3,68;162;18;4
"c2-48-44";"filipulm";6,00;6;4;6;3;6,43;6,47;6,44;6,74;0,26;5,73;3,69;124;10;4
"c2-51-11";"molincae";11,00;4;2;9;8;5,59;5,10;6,30;6,35;0,13;5,50;3,48;100;7;5
"c2-51-12";"molincae";8,00;4;2;13;14;5,23;5,16;5,97;6,66;0,27;5,59;3,34;169;11;5
"c2-51-13";"molincae";9,00;5;3;10;4;6,15;5,57;5,64;6,40;0,25;5,47;3,27;97;11;5
"c2-51-24";"filipulm";5,00;6;4;6;7;5,73;5,60;5,67;6,80;0,27;5,78;3,53;171;26;4
"c2-51-32";"molincae";8,00;5;4;13;14;5,86;5,75;5,76;6,68;0,22;5,63;3,45;153;19;5
"c2-51-41";"molincae";9,00;4;2;4;4;5,83;5,41;5,95;6,57;0,25;5,52;3,53;108;8;5
"c2-52-22";"molincae";8,00;3;1;13;14;5,65;5,40;5,90;6,64;0,24;5,64;3,37;178;19;5
"c2-52-24";"molincae";8,00;4;4;13;14;5,78;5,48;5,49;6,65;0,19;5,69;3,43;156;19;5
"c2-52-32";"primuela";17,00;5;3;10;16;5,76;5,61;6,35;6,19;0,19;5,47;3,36;132;5;8
"c2-52-42";"molincae";8,00;3;1;13;14;5,57;5,48;5,93;6,57;0,18;5,67;3,32;216;27;5
"c2-53-13";"molincae";11,00;4;2;9;8;4,22;4,58;6,69;6,50;0,19;5,40;3,03;100;5;5
"c2-53-14";"molincae";11,00;4;2;9;8;4,33;4,61;6,55;6,55;0,19;5,39;2,95;115;5;5
"c2-53-22";"molincae";8,00;3;1;13;14;5,17;5,13;5,72;6,72;0,18;5,53;3,35;191;9;5
"c2-53-24";"molincae";9,00;4;2;4;4;5,22;5,11;5,43;6,57;0,19;5,59;3,38;137;8;5
"c2-53-33";"molincae";11,00;4;2;9;8;5,48;5,46;6,27;6,45;0,21;5,54;3,42;146;8;5
"c2-53-42";"molincae";9,00;4;2;4;4;5,14;5,02;5,25;6,62;0,24;5,67;3,32;146;10;5
"c2-53-44";"molincae";8,00;4;2;13;14;4,94;4,97;5,70;6,72;0,19;5,57;3,22;183;10;5
"c2-54-13";"molincae";8,00;4;2;13;14;5,20;5,16;5,44;6,70;0,16;5,66;3,32;179;14;5
"c2-54-14";"molincae";10,00;3;1;11;12;5,19;5,23;6,32;6,61;0,18;5,55;3,43;240;12;5
"c2-54-21";"filipulm";5,00;2;6;13;7;5,79;5,93;5,65;6,80;0,20;5,74;3,46;193;17;4
"c2-54-24";"buddldav";13,00;6;4;1;17;5,93;6,05;4,95;6,86;0,27;5,67;3,57;95;19;6
"c2-54-31";"molincae";8,00;3;1;13;14;5,32;5,14;6,05;6,67;0,22;5,59;3,41;202;19;5
"c2-54-32";"molincae";8,00;3;1;13;14;5,47;5,71;6,20;6,46;0,15;5,56;3,56;243;15;5
"c2-54-33";"molincae";9,00;4;2;4;4;5,10;5,15;5,53;6,83;0,24;5,65;3,37;167;15;5
"c2-54-34";"molincae";8,00;4;2;13;14;5,25;5,15;6,03;6,82;0,25;5,62;3,33;164;14;5
"c2-54-42";"molincae";8,00;3;1;13;14;5,34;5,46;5,32;6,70;0,16;5,73;3,48;208;19;5
"c2-55-13";"molincae";9,00;4;2;4;4;5,80;5,65;5,74;6,80;0,28;5,56;3,49;114;6;5
"c2-55-14";"loliumul";4,00;6;4;6;11;6,24;6,18;5,97;6,81;0,33;5,70;3,58;131;8;3
"c2-55-22";"filipulm";6,00;5;6;6;3;6,21;6,07;6,26;6,47;0,20;5,63;3,67;158;14;4
"c2-55-24";"filipulm";5,00;2;4;6;7;6,08;6,16;5,82;7,05;0,26;5,75;3,76;179;15;4
"c2-55-32";"molincae";8,00;5;3;13;14;5,71;5,66;5,57;6,63;0,15;5,68;3,56;175;11;5
"c2-55-33";"molincae";9,00;4;2;4;4;5,60;5,40;5,92;6,66;0,26;5,56;3,52;95;5;5
"c2-55-34";"molincae";9,00;4;2;4;4;5,48;5,20;5,30;6,69;0,20;5,66;3,42;144;13;5
"c2-55-41";"filipulm";6,00;5;3;6;3;5,84;6,19;5,67;6,67;0,23;5,66;3,52;173;14;4
"c2-55-42";"molincae";9,00;6;4;4;4;5,57;5,62;5,12;7,03;0,25;5,75;3,67;122;11;5
"c2-55-43";"filipulm";5,00;2;6;6;7;5,92;6,00;6,04;6,86;0,28;5,68;3,65;171;17;4
"c2-55-44";"loliumul";4,00;6;4;6;11;6,14;6,09;5,32;6,82;0,22;5,84;3,62;123;13;3
"c2-56-11";"filipulm";6,00;1;8;7;3;5,94;6,32;6,35;6,45;0,15;5,54;3,53;187;7;4
"c2-56-12";"filipulm";6,00;5;3;10;3;5,99;6,20;6,35;6,61;0,26;5,50;3,45;161;4;4
"c2-56-13";"filipulm";5,00;6;4;6;7;5,90;5,98;5,76;6,86;0,19;5,72;3,68;152;13;4
"c2-56-14";"filipulm";7,00;2;6;3;9;6,05;6,08;5,91;6,70;0,20;5,70;3,62;236;18;4
"c2-56-22";"filipulm";6,00;5;4;6;3;5,99;6,01;6,09;6,75;0,21;5,63;3,66;159;8;4
"c2-56-23";"filipulm";7,00;3;6;3;9;5,92;5,80;6,28;6,67;0,22;5,64;3,62;211;11;4
"c2-56-24";"filipulm";5,00;2;6;3;7;6,10;6,07;6,13;6,66;0,21;5,63;3,60;206;14;4
"c2-56-32";"filipulm";7,00;2;6;3;9;5,86;6,12;5,78;6,76;0,21;5,76;3,63;260;22;4
"c2-56-34";"filipulm";7,00;3;6;3;9;5,90;5,87;6,05;6,57;0,21;5,66;3,64;224;17;4
"c2-56-41";"filipulm";7,00;2;6;3;9;5,80;6,26;5,93;6,92;0,22;5,79;3,63;276;27;4
"c2-56-42";"filipulm";7,00;2;6;3;9;6,00;6,12;6,21;6,66;0,23;5,67;3,50;244;19;4
"c2-56-43";"filipulm";7,00;2;6;3;9;6,16;6,29;6,02;6,78;0,23;5,76;3,55;218;22;4
"c2-56-44";"filipulm";7,00;2;6;3;9;6,06;6,33;5,74;6,82;0,22;5,77;3,71;237;27;4
"c2-57-13";"filipulm";5,00;2;6;6;7;6,14;6,12;6,19;6,76;0,24;5,67;3,55;189;15;4
"c2-57-24";"buddldav";13,00;6;4;1;17;6,16;5,82;5,22;6,62;0,26;5,89;3,42;104;16;6
"c2-57-31";"filipulm";5,00;2;6;6;7;6,16;6,04;6,15;6,81;0,26;5,67;3,55;187;14;4
"c2-57-33";"filipulm";7,00;2;6;3;9;5,98;6,07;5,94;6,80;0,22;5,72;3,65;225;20;4
"c2-57-34";"filipulm";5,00;6;6;6;7;6,10;6,32;6,25;6,73;0,25;5,71;3,56;167;14;4
"c2-57-42";"filipulm";5,00;6;4;6;7;6,34;6,21;5,97;6,98;0,25;5,75;3,68;151;14;4
"c2-57-43";"filipulm";5,00;2;6;3;7;5,94;6,37;5,94;6,90;0,19;5,77;3,71;220;18;4
"c2-57-44";"filipulm";7,00;2;6;3;9;5,99;6,40;6,15;6,98;0,24;5,75;3,65;219;24;4
"c2-58-11";"loliumul";4,00;6;4;1;11;6,64;6,27;5,30;6,76;0,22;5,74;3,38;98;15;3
"c2-58-23";"filipulm";5,00;6;4;6;7;6,15;6,15;5,96;6,88;0,26;5,76;3,59;164;19;4
"c2-58-24";"filipulm";5,00;6;6;6;7;6,28;6,21;6,39;6,71;0,22;5,66;3,59;153;16;4
"c2-58-33";"filipulm";7,00;2;6;3;9;6,10;6,33;6,05;6,93;0,25;5,77;3,67;228;29;4
"c2-58-34";"filipulm";7,00;2;6;3;9;5,94;6,27;6,23;6,80;0,19;5,71;3,56;228;25;4
"c2-58-41";"filipulm";7,00;2;6;3;9;6,00;6,09;6,72;6,74;0,25;5,62;3,57;213;16;4
"c2-58-42";"buddldav";13,00;6;4;6;17;5,88;5,95;5,48;6,88;0,22;5,78;3,49;144;21;6
"c2-58-43";"filipulm";5,00;2;6;6;7;6,12;6,06;6,03;6,72;0,23;5,73;3,67;174;24;4
"c2-58-44";"filipulm";7,00;2;6;3;9;6,04;6,28;6,25;6,67;0,19;5,68;3,57;220;30;4
"c3-11-13";"loliumul";4,00;6;4;12;11;6,14;6,56;5,25;6,87;0,34;5,69;3,41;107;9;3
"c3-11-14";"filipulm";5,00;6;7;12;7;6,03;6,60;5,73;7,06;0,34;5,80;3,62;179;17;4
"c3-11-21";"coronsqu";3,00;6;7;12;13;5,93;6,82;5,78;6,96;0,61;5,77;3,69;185;10;2
"c3-11-22";"coronsqu";3,00;6;7;12;13;6,02;6,84;6,14;7,09;0,42;5,80;3,65;176;4;2
"c3-11-44";"filipulm";6,00;6;3;10;3;6,17;6,28;6,07;6,87;0,23;5,53;3,39;91;9;4
"c3-12-11";"coronsqu";3,00;6;7;12;13;6,38;6,81;6,21;7,02;0,50;5,76;3,79;147;10;2
"c3-12-13";"loliumul";4,00;6;4;12;11;6,21;6,03;5,38;6,94;0,31;5,65;3,45;108;4;3
"c3-12-14";"filipulm";5,00;6;4;6;7;6,07;6,01;6,02;6,94;0,33;5,68;3,43;155;16;4
"c3-12-21";"coronsqu";3,00;6;7;12;13;6,61;6,83;6,05;7,00;0,35;5,78;3,79;125;8;2
"c3-12-32";"filipulm";5,00;6;4;6;7;6,23;6,34;5,93;6,98;0,26;5,71;3,64;146;15;4
"c3-12-33";"filipulm";5,00;6;4;6;7;6,15;6,44;6,00;6,91;0,31;5,74;3,58;155;11;4
"c3-12-34";"filipulm";5,00;6;4;6;7;6,36;6,49;6,14;6,90;0,29;5,73;3,66;142;13;4
"c3-12-41";"coronsqu";3,00;6;7;12;13;6,40;6,72;6,94;7,14;0,71;5,71;3,86;107;4;2
"c3-13-11";"coronsqu";3,00;6;7;12;13;6,23;6,87;5,79;6,92;0,43;5,81;3,60;169;12;2
"c3-13-13";"coronsqu";3,00;6;7;12;13;5,91;6,72;6,52;6,89;0,46;5,71;3,62;215;5;2
"c3-13-14";"coronsqu";3,00;6;7;12;13;6,39;6,89;6,37;6,96;0,60;5,78;3,65;177;7;2
"c3-13-23";"coronsqu";3,00;6;7;12;13;6,40;6,71;5,88;6,82;0,29;5,75;3,65;166;16;2
"c3-13-24";"loliumul";4,00;6;7;12;11;6,51;6,69;5,80;6,89;0,33;5,74;3,81;92;8;3
"c3-13-31";"filipulm";7,00;2;6;3;9;5,84;6,53;6,40;6,89;0,46;5,77;3,69;330;17;4
"c3-13-34";"coronsqu";3,00;6;7;12;13;6,18;6,75;6,30;6,99;0,33;5,75;3,56;158;6;2
"c3-13-43";"coronsqu";3,00;6;7;12;13;6,37;6,78;5,92;7,03;0,32;5,71;3,67;120;7;2
"c3-17-43";"molincae";8,00;4;2;13;14;5,57;5,46;5,95;6,72;0,21;5,61;3,56;143;12;5
"c3-18-24";"molincae";8,00;3;1;13;14;5,35;5,38;5,58;6,82;0,21;5,70;3,53;191;13;5
"c3-18-33";"molincae";8,00;6;4;6;14;5,95;5,57;5,72;6,73;0,27;5,72;3,57;138;16;5
"c3-18-41";"molincae";11,00;4;2;9;8;5,21;5,17;5,89;6,72;0,19;5,57;3,55;122;4;5
"c3-18-42";"molincae";9,00;4;2;4;4;5,26;5,27;5,82;6,89;0,21;5,62;3,46;155;6;5
"c3-18-43";"filipulm";7,00;3;1;11;9;5,34;5,59;6,13;6,79;0,15;5,70;3,56;331;29;4
"c3-18-44";"molincae";11,00;4;2;9;8;4,66;4,75;6,32;6,74;0,14;5,50;3,25;170;6;5
"c3-21-11";"loliumul";4,00;6;4;6;11;6,39;6,50;6,00;6,87;0,27;5,68;3,70;121;10;3
"c3-21-32";"filipulm";6,00;6;7;6;3;5,48;5,97;5,86;7,13;0,35;5,65;3,59;132;2;4
"c3-21-42";"molincae";9,00;4;2;4;4;5,68;5,60;5,72;7,04;0,31;5,60;3,56;110;0;5
"c3-22-12";"loliumul";4,00;6;4;6;11;6,42;6,50;6,28;7,02;0,31;5,79;3,78;130;16;3
"c3-22-22";"loliumul";4,00;6;4;6;11;6,40;6,54;6,13;6,88;0,22;5,71;3,75;147;13;3
"c3-22-33";"filipulm";5,00;2;6;13;7;5,83;5,89;6,02;6,84;0,25;5,70;3,50;203;18;4
"c3-22-34";"filipulm";6,00;6;4;6;3;5,61;5,79;6,10;6,97;0,28;5,65;3,49;154;6;4
"c3-22-44";"filipulm";5,00;6;4;6;7;5,82;5,60;5,74;6,93;0,30;5,71;3,53;152;9;4
"c3-23-11";"filipulm";5,00;6;4;6;7;6,40;6,44;5,80;6,93;0,26;5,77;3,66;156;17;4
"c3-23-12";"loliumul";4,00;6;4;12;11;6,31;6,47;5,33;7,01;0,26;5,80;3,75;101;13;3
"c3-23-21";"coronsqu";3,00;6;7;12;13;6,18;6,93;6,18;7,04;0,73;5,74;3,70;133;4;2
"c3-23-24";"loliumul";4,00;6;4;12;11;6,49;6,64;5,65;6,98;0,22;5,76;3,53;112;16;3
"c3-23-34";"loliumul";4,00;6;4;6;11;5,84;6,00;5,68;7,13;0,42;5,74;3,56;104;8;3
"c3-24-33";"buddldav";13,00;6;4;5;17;5,82;6,16;5,32;7,12;0,41;5,83;3,62;127;20;6
"c3-24-44";"loliumul";4,00;6;4;6;11;6,39;6,17;6,13;6,94;0,35;5,62;3,60;91;9;3
"c3-25-23";"loliumul";4,00;6;4;5;11;5,88;6,18;5,29;7,07;0,29;5,77;3,82;106;10;3
"c3-25-31";"loliumul";4,00;6;7;12;11;6,25;6,42;5,62;7,04;0,36;5,75;3,54;102;10;3
"c3-25-32";"filipulm";6,00;6;7;12;3;6,24;6,23;6,07;6,96;0,25;5,67;3,47;97;3;4
"c3-25-33";"loliumul";4,00;6;4;12;11;6,57;6,64;6,22;7,12;0,31;5,82;3,75;93;11;3
"c3-25-43";"loliumul";4,00;6;4;6;11;6,19;6,12;5,88;6,99;0,27;5,71;3,62;117;20;3
"c3-26-24";"loliumul";4,00;6;4;6;11;6,19;5,98;5,51;7,05;0,30;5,62;3,85;104;12;3
"c3-26-32";"filipulm";5,00;2;6;3;7;6,08;6,53;5,90;6,98;0,28;5,77;3,71;220;21;4
"c3-26-41";"coronsqu";3,00;6;7;6;13;6,29;6,64;6,57;6,95;0,41;5,69;3,69;165;9;2
"c3-26-42";"filipulm";7,00;2;6;3;9;5,86;6,27;6,06;6,97;0,35;5,78;3,69;247;26;4
"c3-26-43";"molincae";9,00;4;2;4;4;5,83;5,57;5,33;6,69;0,32;5,66;3,54;94;9;5
"c3-26-44";"filipulm";7,00;2;6;3;9;5,67;5,94;5,80;6,79;0,20;5,74;3,60;272;25;4
"c3-27-14";"molincae";9,00;4;2;4;4;4,98;4,98;5,60;6,92;0,18;5,50;3,58;102;4;5
"c3-27-22";"molincae";8,00;4;2;13;14;5,46;5,33;6,24;6,86;0,21;5,59;3,43;165;9;5
"c3-27-33";"molincae";11,00;4;2;9;8;5,28;5,13;6,47;6,69;0,16;5,58;3,39;159;9;5
"c3-27-34";"molincae";9,00;4;2;4;4;5,41;5,03;6,20;6,70;0,20;5,60;3,46;129;7;5
"c3-27-41";"molincae";8,00;3;1;13;14;5,55;5,69;5,84;7,04;0,27;5,71;3,59;173;11;5
"c3-27-43";"molincae";8,00;3;1;13;14;5,66;5,40;5,60;6,82;0,23;5,71;3,47;195;20;5
"c3-27-44";"molincae";8,00;3;1;13;14;5,71;5,55;5,90;6,88;0,22;5,67;3,66;170;22;5
"c3-28-11";"molincae";8,00;3;1;13;14;5,38;5,50;5,80;6,89;0,21;5,73;3,47;190;15;5
"c3-28-12";"molincae";11,00;4;2;9;8;4,37;4,50;6,37;6,79;0,18;5,43;3,34;118;0;5
"c3-28-13";"molincae";8,00;4;4;6;14;5,72;5,65;5,89;6,93;0,27;5,63;3,64;155;12;5
"c3-28-21";"filipulm";7,00;2;6;3;9;5,99;6,08;5,80;6,77;0,20;5,75;3,73;205;29;4
"c3-28-34";"filipulm";6,00;6;4;6;3;5,95;6,29;6,09;6,71;0,22;5,61;3,54;143;10;4
"c3-28-41";"loliumul";4,00;6;4;6;11;6,10;6,05;5,78;6,95;0,22;5,71;3,72;130;19;3
"c3-31-11";"loliumul";4,00;6;4;6;11;6,13;5,89;5,57;6,92;0,29;5,75;3,66;93;11;3
"c3-31-23";"molincae";9,00;4;2;4;4;5,40;5,08;5,95;6,71;0,22;5,58;3,33;141;5;5
"c3-31-31";"molincae";11,00;4;2;9;8;5,54;5,22;6,30;6,42;0,22;5,49;3,36;141;4;5
"c3-31-32";"molincae";8,00;4;2;13;14;6,04;5,47;5,58;6,61;0,22;5,69;3,51;142;18;5
"c3-31-33";"filipulm";7,00;3;6;3;9;5,78;5,86;6,33;6,54;0,20;5,64;3,46;244;17;4
"c3-31-34";"filipulm";6,00;4;4;6;3;6,04;5,60;6,09;6,69;0,25;5,60;3,47;122;12;4
"c3-31-42";"molincae";8,00;3;1;13;14;5,58;5,30;5,50;6,59;0,18;5,70;3,54;177;22;5
"c3-31-44";"filipulm";7,00;3;6;3;9;5,88;5,84;6,62;6,55;0,21;5,60;3,55;215;20;4
"c3-32-22";"molincae";9,00;6;4;6;4;5,88;5,63;5,52;7,08;0,34;5,72;3,63;138;11;5
"c3-32-31";"filipulm";5,00;6;4;6;7;5,86;5,83;5,78;6,75;0,23;5,68;3,45;165;14;4
"c3-32-33";"molincae";8,00;3;6;13;14;6,09;5,86;6,40;6,73;0,23;5,68;3,68;182;16;5
"c3-32-41";"molincae";9,00;4;2;4;4;5,67;5,33;5,63;6,82;0,23;5,68;3,51;130;16;5
"c3-32-43";"filipulm";6,00;2;6;6;3;5,97;6,04;6,28;6,74;0,26;5,64;3,53;170;9;4
"c3-33-13";"filipulm";5,00;4;4;6;7;6,03;5,83;5,83;6,63;0,26;5,72;3,52;146;19;4
"c3-33-23";"astertri";14,00;6;7;5;15;6,09;6,58;6,35;7,47;0,61;5,89;4,22;100;15;7
"c3-33-24";"astertri";14,00;6;4;5;15;6,16;6,23;5,81;7,22;0,40;5,63;3,98;99;10;7
"c3-33-42";"buddldav";12,00;2;5;2;2;5,94;6,04;5,45;6,93;0,29;5,84;3,62;206;35;6
"c3-33-44";"astertri";14,00;6;5;5;15;5,74;6,22;5,24;7,16;0,27;5,81;3,60;156;18;7
"c3-34-11";"astertri";14,00;6;4;5;15;5,81;6,39;5,01;7,26;0,23;5,83;3,83;118;24;7
"c3-34-23";"molincae";8,00;4;2;13;14;4,93;5,21;5,41;6,97;0,19;5,69;3,35;201;7;5
"c3-34-32";"astertri";14,00;4;2;5;15;5,52;5,95;6,29;7,10;0,28;5,67;3,50;96;6;7
"c3-34-41";"molincae";9,00;4;2;4;4;5,10;5,29;5,06;6,93;0,24;5,67;3,38;105;5;5
"c3-35-13";"molincae";11,00;4;2;9;8;5,03;5,06;6,29;6,81;0,26;5,55;3,29;106;3;5
"c3-35-14";"filipulm";7,00;2;6;2;9;5,70;5,89;5,69;6,88;0,18;5,78;3,61;255;25;4
"c3-35-21";"filipulm";5,00;6;4;6;7;6,16;6,22;5,67;6,94;0,24;5,76;3,75;149;11;4
"c3-35-34";"filipulm";5,00;2;6;6;7;6,12;6,12;5,98;6,88;0,25;5,64;3,57;172;14;4
"c3-35-42";"molincae";8,00;3;1;13;14;5,44;5,33;5,52;6,72;0,15;5,61;3,47;182;13;5
"c3-35-43";"filipulm";6,00;6;7;10;3;6,20;6,42;6,38;6,92;0,21;5,62;3,61;117;4;4
"c3-35-44";"filipulm";6,00;6;4;6;3;6,17;6,25;6,22;6,92;0,26;5,56;3,52;128;9;4
"c3-36-12";"filipulm";5,00;2;5;2;7;5,89;6,22;5,47;7,02;0,17;5,77;3,77;190;21;4
"c3-36-13";"molincae";8,00;3;1;13;14;5,70;5,77;5,86;6,72;0,18;5,66;3,44;210;17;5
"c3-36-21";"molincae";9,00;4;2;4;4;5,76;5,64;5,75;6,83;0,26;5,64;3,60;134;14;5
"c3-36-23";"molincae";9,00;4;2;4;4;5,79;5,73;5,84;6,76;0,34;5,62;3,49;122;16;5
"c3-36-31";"molincae";8,00;4;2;13;14;5,63;5,41;5,51;6,82;0,13;5,67;3,47;161;12;5
"c3-36-33";"filipulm";6,00;6;7;6;3;6,32;6,44;6,34;6,98;0,22;5,53;3,56;130;7;4
"c3-36-34";"filipulm";6,00;6;7;6;3;6,30;6,43;6,24;7,03;0,25;5,61;3,63;125;8;4
"c3-36-41";"loliumul";4,00;6;4;6;11;6,14;6,27;5,75;6,85;0,21;5,75;3,49;111;14;3
"c3-36-43";"filipulm";6,00;6;7;12;3;6,44;6,64;6,42;6,90;0,23;5,60;3,68;137;6;4
"c3-36-44";"filipulm";6,00;6;7;6;3;6,09;6,54;6,42;6,79;0,19;5,59;3,55;160;4;4
"c3-37-11";"molincae";11,00;4;2;9;8;5,84;5,68;6,50;6,78;0,12;5,62;3,78;116;7;5
"c3-37-14";"molincae";11,00;5;3;9;8;5,15;4,98;5,71;6,66;0,13;5,49;3,30;96;4;5
"c3-37-21";"molincae";9,00;4;2;4;4;5,71;5,51;6,21;6,73;0,19;5,59;3,59;126;11;5
"c3-37-23";"molincae";11,00;4;2;9;8;5,28;5,19;5,86;6,68;0,17;5,46;3,47;166;4;5
"c3-37-24";"molincae";11,00;4;2;9;8;5,02;5,50;7,02;6,89;0,19;5,53;3,68;171;4;5
"c3-37-33";"filipulm";6,00;6;6;6;3;6,10;6,50;6,44;6,73;0,22;5,56;3,74;179;4;4
"c3-37-41";"filipulm";6,00;5;3;10;3;6,19;5,79;6,54;6,69;0,22;5,48;3,39;115;4;4
"c3-37-42";"filipulm";7,00;3;6;3;9;5,69;5,94;6,30;6,63;0,20;5,61;3,62;263;18;4
"c3-37-43";"filipulm";6,00;3;1;8;3;5,71;6,06;6,73;6,54;0,19;5,52;3,49;216;6;4
"c3-37-44";"filipulm";6,00;3;6;3;3;5,84;5,98;6,26;6,59;0,24;5,55;3,60;197;10;4
"c3-38-11";"filipulm";6,00;6;2;6;3;5,83;5,76;6,55;7,02;0,26;5,65;3,67;110;2;4
"c3-38-12";"filipulm";6,00;5;3;10;3;5,94;6,22;6,39;6,81;0,24;5,50;3,61;99;4;4
"c3-38-13";"filipulm";6,00;4;2;9;3;5,20;5,78;6,98;6,91;0,23;5,52;3,53;167;5;4
"c3-38-14";"loliumul";4,00;6;4;6;11;6,15;6,01;5,98;7,00;0,25;5,59;3,71;115;8;3
"c3-38-23";"loliumul";4,00;6;4;6;11;6,36;6,04;5,93;6,91;0,29;5,66;3,56;125;14;3
"c3-38-31";"filipulm";7,00;2;6;3;9;6,02;6,02;6,18;6,73;0,21;5,69;3,69;212;21;4
"c3-38-32";"filipulm";6,00;5;3;10;3;5,83;5,70;6,43;6,72;0,24;5,52;3,48;108;3;4
"c3-41-12";"filipulm";6,00;4;2;6;3;5,93;5,98;6,99;6,81;0,27;5,55;3,66;121;1;4
"c3-41-14";"filipulm";5,00;6;4;6;7;6,38;6,44;6,28;6,90;0,28;5,70;3,83;141;15;4
"c3-41-21";"filipulm";6,00;6;6;6;3;6,22;6,22;6,52;6,74;0,20;5,64;3,81;153;12;4
"c3-41-31";"filipulm";5,00;6;4;6;7;6,30;6,44;6,10;6,83;0,24;5,70;3,68;157;10;4
"c3-41-34";"filipulm";5,00;6;4;6;7;6,29;6,35;6,16;6,76;0,30;5,64;3,53;142;13;4
"c3-41-43";"filipulm";5,00;2;6;6;7;6,17;6,32;5,92;6,81;0,19;5,78;3,55;190;24;4
"c3-42-12";"loliumul";4,00;6;4;6;11;6,40;6,34;6,31;7,03;0,31;5,75;3,78;133;13;3
"c3-42-13";"filipulm";5,00;6;4;6;7;6,31;6,18;6,31;6,86;0,30;5,68;3,57;137;10;4
"c3-42-22";"loliumul";4,00;6;4;6;11;6,38;6,39;6,42;6,87;0,19;5,72;3,75;130;18;3
"c3-42-23";"filipulm";5,00;6;4;6;7;5,62;5,91;5,74;6,91;0,22;5,70;3,57;166;13;4
"c3-42-34";"filipulm";5,00;6;4;6;7;6,21;6,00;5,98;6,78;0,25;5,67;3,61;135;10;4
"c3-42-42";"loliumul";4,00;6;4;6;11;6,46;6,42;5,84;6,88;0,27;5,76;3,72;110;19;3
"c3-42-43";"filipulm";6,00;5;4;6;3;6,24;6,01;6,09;6,54;0,14;5,62;3,63;154;17;4
"c3-43-13";"loliumul";4,00;6;4;6;11;6,11;6,08;5,60;6,97;0,31;5,77;3,57;117;11;3
"c3-43-14";"filipulm";6,00;3;2;6;3;5,88;5,94;6,59;6,84;0,29;5,61;3,53;162;19;4
"c3-43-21";"filipulm";6,00;4;2;6;3;5,65;5,98;5,98;7,02;0,33;5,64;3,65;141;4;4
"c3-43-23";"buddldav";12,00;2;5;2;2;6,07;6,26;5,46;7,01;0,32;5,92;3,73;190;36;6
"c3-43-24";"buddldav";12,00;2;5;2;2;5,91;6,13;5,75;7,02;0,27;5,80;3,67;200;28;6
"c3-43-32";"loliumul";4,00;6;4;6;11;6,12;6,32;5,73;6,89;0,22;5,70;3,61;131;17;3
"c3-43-33";"filipulm";5,00;6;4;6;7;6,32;6,06;6,18;7,05;0,33;5,72;3,73;126;11;4
"c3-43-41";"buddldav";12,00;2;5;2;2;5,81;6,27;5,36;6,92;0,28;5,86;3,58;235;56;6
"c3-43-42";"astertri";14,00;6;7;5;15;6,33;7,09;5,30;7,26;0,36;5,98;4,16;110;37;7
"c3-43-44";"astertri";14,00;6;5;5;15;5,71;6,45;5,46;7,38;0,36;5,93;3,75;174;42;7
"c3-44-14";"filipulm";5,00;6;4;6;7;5,92;6,38;6,10;6,90;0,29;5,72;3,62;157;10;4
"c3-44-22";"filipulm";5,00;2;6;6;7;5,78;5,92;6,16;6,98;0,23;5,70;3,69;181;15;4
"c3-44-23";"loliumul";4,00;6;4;6;11;6,55;6,54;6,34;7,01;0,27;5,80;3,75;123;11;3
"c3-44-31";"filipulm";5,00;6;4;6;7;6,28;6,41;5,85;7,10;0,31;5,83;3,64;150;31;4
"c3-44-34";"loliumul";4,00;6;4;6;11;6,61;6,36;6,37;6,98;0,32;5,60;3,72;114;10;3
"c3-44-41";"filipulm";6,00;4;2;9;3;5,95;6,06;6,70;6,70;0,22;5,49;3,75;135;4;4
"c3-45-11";"filipulm";6,00;6;4;6;3;6,22;6,39;6,27;7,01;0,26;5,58;3,61;121;7;4
"c3-45-12";"filipulm";6,00;6;4;6;3;6,16;6,33;6,57;6,92;0,33;5,52;3,79;139;4;4
"c3-45-13";"primuela";16,00;1;6;3;5;6,12;6,26;6,31;6,44;0,21;5,53;3,49;216;12;8
"c3-45-14";"primuela";17,00;5;3;10;16;6,22;6,25;6,18;6,04;0,10;5,40;3,48;98;2;8
"c3-45-22";"filipulm";6,00;6;7;6;3;6,18;6,48;6,27;6,89;0,27;5,54;3,71;126;4;4
"c3-45-23";"primuela";17,00;5;3;10;16;5,96;6,14;6,52;6,42;0,20;5,43;3,47;118;2;8
"c3-45-24";"filipulm";6,00;5;3;10;3;5,97;6,24;6,42;6,51;0,22;5,50;3,49;176;6;4
"c3-45-31";"loliumul";4,00;6;7;6;11;6,43;6,45;6,28;7,02;0,25;5,63;3,67;111;6;3
"c3-45-32";"filipulm";6,00;5;3;10;3;6,20;6,23;6,27;6,49;0,18;5,53;3,52;168;5;4
"c3-45-41";"filipulm";6,00;5;6;6;3;6,19;6,17;6,27;6,57;0,21;5,58;3,54;168;9;4
"c3-45-42";"filipulm";7,00;2;6;3;9;6,09;6,21;6,22;6,57;0,19;5,65;3,62;244;13;4
"c3-46-11";"filipulm";6,00;6;7;6;3;6,22;6,64;6,62;7,00;0,25;5,59;3,71;129;3;4
"c3-46-12";"filipulm";7,00;2;6;3;9;6,18;6,51;6,82;6,89;0,29;5,66;3,64;213;12;4
"c3-46-13";"filipulm";7,00;2;6;3;9;5,89;6,15;6,33;6,67;0,22;5,61;3,57;264;14;4
"c3-46-14";"filipulm";7,00;2;6;3;9;6,08;6,36;6,54;6,65;0,24;5,66;3,60;291;17;4
"c3-46-21";"filipulm";6,00;6;7;6;3;6,42;6,58;6,41;6,82;0,22;5,62;3,76;140;4;4
"c3-46-22";"filipulm";6,00;6;7;6;3;6,18;6,44;6,70;6,74;0,23;5,60;3,66;150;7;4
"c3-46-23";"filipulm";6,00;5;3;10;3;6,64;6,47;6,48;6,40;0,15;5,70;3,64;96;8;4
"c3-46-24";"filipulm";7,00;2;6;3;9;6,11;6,25;6,26;6,69;0,21;5,67;3,63;230;19;4
"c3-46-31";"filipulm";7,00;2;6;3;9;6,19;6,40;6,44;6,65;0,27;5,69;3,67;269;24;4
"c3-46-41";"filipulm";5,00;3;6;6;7;6,12;6,06;6,12;6,73;0,28;5,62;3,58;167;14;4
"c3-47-11";"filipulm";7,00;2;6;3;9;5,81;6,16;6,77;6,64;0,21;5,63;3,60;320;20;4
"c3-47-12";"filipulm";6,00;3;6;6;3;5,86;6,01;6,81;6,61;0,18;5,55;3,74;171;11;4
"c3-47-13";"filipulm";6,00;3;6;6;3;5,86;5,88;6,87;6,60;0,23;5,58;3,72;172;11;4
"c3-47-14";"filipulm";7,00;3;6;3;9;5,94;6,04;6,80;6,69;0,21;5,56;3,72;201;15;4
"c3-47-24";"filipulm";5,00;2;6;6;7;6,07;5,98;6,10;6,68;0,20;5,70;3,55;181;13;4
"c3-47-31";"filipulm";6,00;5;3;10;3;5,92;5,85;6,46;6,57;0,15;5,44;3,56;103;3;4
"c3-47-33";"filipulm";6,00;5;3;10;3;5,96;6,24;6,37;6,85;0,26;5,55;3,58;146;6;4
"c3-47-34";"filipulm";7,00;2;6;3;9;5,89;6,02;6,36;6,92;0,21;5,71;3,60;208;17;4
"c3-47-42";"filipulm";6,00;5;6;6;3;6,17;5,95;6,38;6,57;0,23;5,65;3,57;154;14;4
"c3-48-11";"filipulm";6,00;5;3;10;3;6,13;5,79;5,83;6,38;0,18;5,54;3,39;117;10;4
"c3-48-13";"filipulm";6,00;6;4;6;3;6,25;6,04;6,35;6,91;0,27;5,65;3,63;131;8;4
"c3-48-23";"molincae";8,00;3;4;13;14;6,03;5,69;5,98;6,52;0,21;5,68;3,41;148;19;5
"c3-48-31";"filipulm";6,00;6;4;6;3;6,17;6,04;6,27;6,97;0,28;5,67;3,69;129;11;4
"c3-48-32";"filipulm";7,00;2;6;3;9;5,90;5,78;6,29;6,80;0,27;5,62;3,62;209;21;4
"c3-48-33";"molincae";8,00;3;1;13;14;5,84;5,73;6,10;6,72;0,23;5,62;3,53;182;15;5
"c3-51-11";"loliumul";4,00;6;4;6;11;6,59;6,52;6,11;6,90;0,24;5,73;3,75;122;11;3
"c3-51-13";"filipulm";6,00;6;4;6;3;6,20;6,15;6,37;6,71;0,28;5,61;3,53;134;10;4
"c3-51-14";"filipulm";5,00;6;4;6;7;6,22;6,27;6,31;6,82;0,28;5,69;3,64;135;15;4
"c3-51-21";"buddldav";13,00;6;4;1;17;6,39;5,95;5,28;6,80;0,20;5,78;3,61;106;21;6
"c3-51-22";"filipulm";5,00;6;4;6;7;6,13;5,84;5,61;6,72;0,20;5,74;3,67;160;21;4
"c3-51-24";"filipulm";6,00;5;3;10;3;6,22;5,91;5,87;6,68;0,26;5,54;3,54;112;6;4
"c3-51-32";"loliumul";4,00;6;4;6;11;6,27;6,10;6,01;6,86;0,25;5,68;3,61;132;13;3
"c3-51-33";"filipulm";5,00;6;4;6;7;5,99;6,26;5,65;6,85;0,23;5,73;3,65;159;19;4
"c3-51-34";"filipulm";5,00;2;5;2;7;6,19;6,36;5,87;6,92;0,24;5,78;3,69;190;33;4
"c3-51-44";"filipulm";5,00;6;4;6;7;6,25;6,39;6,03;6,85;0,23;5,70;3,50;142;15;4
"c3-52-12";"filipulm";5,00;6;4;6;7;6,24;6,20;5,97;6,78;0,24;5,69;3,68;145;10;4
"c3-52-21";"filipulm";5,00;2;4;6;7;5,91;6,00;5,73;6,67;0,22;5,79;3,55;169;22;4
"c3-52-24";"buddldav";12,00;2;5;2;2;5,90;6,31;5,71;7,00;0,25;5,85;3,70;240;44;6
"c3-52-31";"filipulm";5,00;2;6;6;7;6,02;5,95;5,98;7,00;0,27;5,77;3,69;171;11;4
"c3-52-32";"filipulm";7,00;2;6;3;9;6,08;6,26;5,84;6,80;0,24;5,77;3,67;225;37;4
"c3-52-33";"astertri";14,00;6;7;5;15;5,74;6,66;5,36;7,09;0,36;5,87;4,01;99;17;7
"c3-52-41";"filipulm";7,00;2;6;3;9;5,77;6,26;6,10;7,00;0,29;5,84;3,65;354;79;4
"c3-52-42";"buddldav";12,00;2;5;2;2;5,84;6,27;5,95;7,05;0,27;5,87;3,73;299;67;6
"c3-52-43";"buddldav";13,00;6;4;5;17;5,99;6,27;5,28;7,00;0,25;5,80;3,68;145;24;6
"c3-52-44";"buddldav";12,00;7;5;2;2;5,77;6,54;5,06;7,23;0,27;5,93;3,88;191;58;6
"c3-53-11";"filipulm";5,00;6;4;6;7;6,15;6,36;5,82;6,97;0,30;5,79;3,62;150;25;4
"c3-53-13";"buddldav";13,00;6;4;5;17;5,55;6,16;4,86;7,08;0,25;5,95;3,73;125;35;6
"c3-53-14";"astertri";14,00;6;7;5;15;5,63;6,27;5,30;7,38;0,37;5,91;3,85;132;20;7
"c3-53-22";"filipulm";6,00;6;4;6;3;6,20;6,28;6,31;6,98;0,32;5,65;3,70;125;16;4
"c3-53-24";"astertri";14,00;2;5;5;15;5,53;6,16;5,63;7,18;0,19;5,77;3,73;196;12;7
"c3-53-32";"loliumul";4,00;6;4;6;11;5,86;6,24;5,21;7,04;0,34;5,87;3,67;148;25;3
"c3-53-33";"astertri";14,00;6;5;5;15;5,68;6,65;4,62;7,40;0,30;5,97;4,05;127;42;7
"c3-53-34";"buddldav";13,00;6;5;2;17;6,07;6,22;5,66;6,83;0,19;5,78;3,55;167;32;6
"c3-53-41";"filipulm";5,00;6;4;6;7;5,99;6,05;5,70;6,88;0,23;5,80;3,70;156;26;4
"c3-53-42";"filipulm";5,00;6;4;6;7;5,96;6,00;5,88;6,81;0,24;5,74;3,49;151;18;4
"c3-53-44";"astertri";14,00;6;7;5;15;5,73;6,36;5,76;7,17;0,39;5,79;3,77;128;10;7
"c3-54-12";"filipulm";6,00;6;4;6;3;6,37;6,37;6,02;6,82;0,29;5,63;3,46;111;9;4
"c3-54-14";"filipulm";5,00;6;4;6;7;6,23;6,15;5,99;6,85;0,32;5,67;3,62;133;11;4
"c3-54-21";"filipulm";6,00;6;4;6;3;6,11;6,16;6,29;6,85;0,32;5,65;3,58;126;14;4
"c3-54-42";"loliumul";4,00;6;4;6;11;6,39;6,29;6,07;6,89;0,33;5,70;3,65;104;11;3
"c3-55-13";"loliumul";4,00;6;4;6;11;6,16;6,01;5,93;7,03;0,32;5,69;3,75;116;8;3
"c3-55-22";"filipulm";5,00;6;4;6;7;6,19;6,20;6,06;6,94;0,30;5,74;3,71;137;23;4
"c3-55-41";"loliumul";4,00;6;4;6;11;6,44;5,93;5,70;6,78;0,31;5,67;3,62;96;7;3
"c3-55-44";"filipulm";5,00;6;4;6;7;6,21;6,04;5,92;6,94;0,25;5,77;3,55;132;15;4
"c3-56-11";"loliumul";4,00;6;4;6;11;6,24;6,25;5,94;7,00;0,31;5,68;3,65;115;14;3
"c3-56-13";"filipulm";6,00;6;4;6;3;6,39;6,09;6,45;6,77;0,19;5,60;3,69;113;7;4
"c3-56-23";"filipulm";5,00;6;4;6;7;6,32;6,42;6,06;7,06;0,28;5,85;3,74;143;19;4
"c3-56-31";"loliumul";4,00;6;4;6;11;6,32;5,93;5,77;6,99;0,31;5,73;3,57;100;10;3
"c3-56-33";"loliumul";4,00;6;4;6;11;6,31;6,32;5,96;6,96;0,27;5,69;3,72;129;12;3
"c3-56-34";"filipulm";6,00;6;4;6;3;6,28;6,25;6,29;6,80;0,17;5,64;3,69;129;14;4
"c3-57-11";"filipulm";7,00;2;6;3;9;6,09;6,35;6,47;6,80;0,20;5,69;3,60;232;28;4
"c3-57-12";"filipulm";7,00;2;6;3;9;5,54;5,98;6,56;6,75;0,19;5,72;3,52;374;50;4
"c3-57-13";"filipulm";7,00;2;6;3;9;6,04;6,27;6,43;6,84;0,22;5,72;3,59;254;33;4
"c3-57-14";"filipulm";7,00;2;6;3;9;5,66;6,02;6,31;6,65;0,20;5,70;3,55;335;46;4
"c3-57-23";"filipulm";6,00;5;3;10;3;5,82;6,02;6,12;6,58;0,18;5,64;3,44;143;20;4
"c3-57-24";"molincae";9,00;4;2;6;4;6,04;5,63;5,89;6,79;0,26;5,68;3,63;118;8;5
"c3-57-32";"filipulm";7,00;2;6;3;9;5,96;6,21;6,47;6,74;0,25;5,69;3,51;193;23;4
"c3-57-41";"filipulm";7,00;2;6;3;9;6,08;6,25;7,01;6,80;0,28;5,64;3,59;219;19;4
"c3-57-42";"filipulm";7,00;3;6;3;9;5,55;5,64;6,05;6,82;0,18;5,73;3,47;242;23;4
"c3-57-44";"filipulm";7,00;2;6;3;9;5,76;5,86;6,50;6,83;0,23;5,67;3,55;254;21;4
"c3-58-12";"molincae";8,00;3;1;13;14;5,58;5,49;6,00;6,74;0,21;5,63;3,38;187;15;5
"c3-58-22";"molincae";8,00;3;5;13;14;5,51;5,42;5,43;6,80;0,22;5,78;3,42;230;26;5
"c3-58-24";"molincae";9,00;4;4;4;4;5,79;5,50;5,34;6,67;0,20;5,69;3,50;126;13;5
"c3-58-33";"filipulm";5,00;6;7;6;7;6,13;6,40;6,11;7,14;0,29;5,71;3,60;167;15;4
"c3-58-41";"filipulm";6,00;5;3;10;3;6,18;6,47;6,74;6,68;0,27;5,47;3,54;126;4;4
"c3-58-42";"filipulm";6,00;5;4;6;3;6,17;6,30;6,37;6,86;0,28;5,61;3,51;145;8;4
"c4-11-12";"molincae";9,00;4;2;4;4;5,25;4,89;6,06;6,77;0,21;5,51;3,46;100;1;5
"c4-11-13";"molincae";9,00;4;2;4;4;5,04;4,86;5,19;6,97;0,18;5,63;3,32;104;5;5
"c4-11-21";"molincae";8,00;3;1;13;14;5,52;5,68;5,95;6,90;0,21;5,73;3,56;207;16;5
"c4-11-22";"filipulm";5,00;6;4;6;7;6,45;6,62;6,10;6,96;0,24;5,71;3,76;155;8;4
"c4-11-24";"loliumul";4,00;6;7;12;11;6,33;6,57;5,64;6,95;0,19;5,70;3,60;118;7;3
"c4-11-33";"molincae";8,00;4;2;13;14;5,45;5,37;6,14;6,85;0,21;5,63;3,46;160;7;5
"c4-11-34";"filipulm";7,00;2;6;3;9;5,99;6,04;5,95;6,79;0,19;5,71;3,56;221;19;4
"c4-11-41";"coronsqu";3,00;6;7;12;13;6,34;6,70;6,08;6,96;0,31;5,73;3,68;139;5;2
"c4-11-44";"filipulm";7,00;2;6;3;9;5,72;6,15;6,65;6,87;0,32;5,70;3,51;313;21;4
"c4-12-23";"filipulm";5,00;6;7;6;7;6,46;6,50;6,17;6,96;0,26;5,77;3,70;164;16;4
"c4-12-24";"loliumul";4,00;6;4;6;11;6,05;6,30;6,04;6,98;0,24;5,63;3,68;106;5;3
"c4-12-33";"filipulm";5,00;2;6;3;7;6,07;6,27;6,43;7,00;0,32;5,73;3,69;207;20;4
"c4-12-34";"filipulm";7,00;2;6;3;9;6,16;6,44;6,40;6,93;0,27;5,77;3,70;227;17;4
"c4-12-41";"coronsqu";3,00;6;7;12;13;6,42;6,46;6,20;6,90;0,33;5,68;3,56;113;8;2
"c4-13-14";"astertri";14,00;6;7;5;15;6,42;6,75;5,82;7,14;0,34;5,73;3,88;110;8;7
"c4-13-24";"astertri";14,00;6;7;5;15;6,09;6,71;5,79;7,25;0,40;5,79;3,83;103;3;7
"c4-13-31";"astertri";14,00;6;7;5;15;5,71;6,57;6,12;7,35;0,87;5,83;3,80;157;12;7
"c4-13-32";"astertri";14,00;6;7;5;15;5,92;6,70;6,06;7,35;0,54;5,75;3,88;166;12;7
"c4-13-41";"astertri";14,00;6;7;5;15;5,06;6,48;6,39;7,25;0,56;5,76;3,67;127;6;7
"c4-13-42";"astertri";14,00;6;7;5;15;5,80;6,67;5,84;7,38;0,48;5,92;3,85;174;23;7
"c4-13-43";"astertri";14,00;2;5;2;15;5,79;6,50;6,13;7,21;0,35;5,80;3,62;230;15;7
"c4-13-44";"astertri";14,00;6;7;5;15;6,27;6,68;5,68;7,12;0,39;5,69;3,80;104;6;7
"c4-14-12";"astertri";14,00;6;7;5;15;5,86;6,75;5,48;7,32;0,41;5,88;3,82;152;17;7
"c4-14-21";"astertri";14,00;2;5;5;15;5,67;6,59;5,79;7,31;0,47;5,81;3,84;207;20;7
"c4-14-22";"astertri";14,00;6;7;5;15;6,03;6,91;5,67;7,26;0,50;5,75;3,87;117;8;7
"c4-14-23";"astertri";14,00;2;5;2;15;5,83;6,48;5,97;7,16;0,46;5,80;3,63;241;25;7
"c4-14-24";"astertri";14,00;6;7;5;15;5,56;6,58;5,38;7,38;0,44;5,84;3,70;145;13;7
"c4-14-31";"buddldav";12,00;2;5;2;2;6,12;6,79;6,05;7,14;0,43;5,88;3,78;243;27;6
"c4-14-33";"astertri";14,00;6;7;5;15;5,86;6,46;6,10;7,12;0,34;5,78;3,79;145;8;7
"c4-14-41";"astertri";14,00;6;7;5;15;6,12;6,76;6,19;7,43;0,67;5,74;3,67;149;8;7
"c4-14-42";"astertri";14,00;6;7;5;15;6,11;6,53;6,38;7,19;0,56;5,75;3,82;143;11;7
"c4-14-43";"astertri";14,00;6;7;5;15;5,91;6,64;6,03;7,30;0,43;5,83;3,81;166;16;7
"c4-14-44";"astertri";14,00;6;7;5;15;5,90;6,61;6,07;7,34;0,53;5,85;3,73;184;18;7
"c4-15-11";"astertri";14,00;6;7;5;15;5,77;6,77;5,31;7,41;0,44;5,78;3,88;128;12;7
"c4-15-13";"astertri";14,00;6;5;5;15;5,76;6,62;5,39;7,30;0,36;5,84;3,80;180;25;7
"c4-15-21";"astertri";14,00;6;4;5;15;5,56;6,30;4,84;7,30;0,19;5,83;3,89;85;17;7
"c4-15-22";"astertri";14,00;6;7;5;15;5,64;6,55;5,42;7,35;0,32;5,91;3,94;119;23;7
"c4-15-23";"astertri";14,00;6;5;5;15;5,61;6,65;5,08;7,16;0,32;5,82;3,91;144;28;7
"c4-15-24";"astertri";14,00;6;5;5;15;5,31;6,44;5,05;7,40;0,30;5,92;3,93;124;23;7
"c4-15-32";"astertri";14,00;2;5;5;15;5,70;6,25;5,90;6,99;0,55;5,72;3,67;180;23;7
"c4-15-33";"astertri";14,00;6;7;5;15;5,85;6,59;6,36;7,32;0,70;5,79;3,81;111;7;7
"c4-15-34";"astertri";14,00;6;7;5;15;6,01;6,47;5,51;7,23;0,33;5,62;3,62;99;6;7
"c4-15-41";"astertri";14,00;6;5;5;15;5,75;6,56;5,29;7,29;0,27;5,84;3,84;173;24;7
"c4-15-43";"astertri";14,00;6;5;5;15;5,73;6,53;5,18;7,25;0,27;5,83;3,71;169;20;7
"c4-15-44";"astertri";14,00;6;5;5;15;5,78;6,50;5,30;7,34;0,27;5,83;3,70;157;28;7
"c4-16-11";"astertri";14,00;6;7;5;15;5,49;6,81;6,14;7,38;0,49;5,75;3,82;113;14;7
"c4-16-12";"buddldav";12,00;2;5;2;2;5,43;6,42;6,06;7,14;0,42;5,80;3,75;286;28;6
"c4-16-13";"astertri";14,00;6;5;5;15;5,58;6,60;5,03;7,04;0,22;5,88;3,92;166;36;7
"c4-16-14";"astertri";14,00;6;5;5;15;5,52;6,58;4,92;7,05;0,22;5,87;3,88;155;38;7
"c4-16-21";"astertri";14,00;6;5;5;15;5,69;6,57;5,34;7,23;0,21;5,76;3,84;138;16;7
"c4-16-22";"filipulm";7,00;2;6;3;9;5,38;6,43;5,96;6,99;0,22;5,75;3,67;364;28;4
"c4-16-23";"astertri";14,00;6;7;5;15;6,05;6,56;4,98;7,35;0,31;5,92;3,98;86;19;7
"c4-16-24";"astertri";14,00;6;5;5;15;5,79;6,74;5,11;7,33;0,24;5,94;3,91;134;31;7
"c4-16-33";"astertri";14,00;6;7;5;15;6,00;6,75;5,46;7,13;0,31;5,74;3,63;127;12;7
"c4-16-34";"buddldav";12,00;2;5;2;2;5,87;6,76;5,31;7,17;0,43;5,93;3,87;229;52;6
"c4-16-41";"astertri";14,00;6;4;5;15;6,02;6,65;4,96;7,23;0,17;5,87;3,95;114;27;7
"c4-16-43";"buddldav";12,00;2;5;2;2;5,86;6,57;5,41;7,09;0,39;5,96;3,87;287;76;6
"c4-16-44";"astertri";14,00;6;5;5;15;5,86;6,62;5,02;7,25;0,31;5,89;3,79;123;26;7
"c4-17-11";"astertri";14,00;2;5;2;15;5,72;6,55;5,47;7,16;0,23;5,78;3,71;188;17;7
"c4-17-13";"filipulm";5,00;2;5;2;7;5,97;6,47;6,16;6,97;0,26;5,62;3,54;204;13;4
"c4-17-23";"molincae";8,00;4;4;13;14;5,99;6,10;5,37;6,77;0,20;5,65;3,73;151;15;5
"c4-17-31";"filipulm";6,00;6;7;12;3;6,31;6,57;6,37;6,95;0,20;5,60;3,65;112;6;4
"c4-17-34";"buddldav";13,00;6;4;5;17;6,32;6,53;5,46;6,87;0,18;5,68;3,83;119;18;6
"c4-17-42";"filipulm";7,00;3;6;3;9;5,83;5,75;6,35;6,53;0,19;5,60;3,46;200;19;4
"c4-18-11";"molincae";11,00;4;2;9;8;4,86;4,90;6,71;6,34;0,20;5,49;3,53;106;6;5
"c4-18-13";"filipulm";7,00;3;1;11;9;5,54;5,67;5,93;6,72;0,16;5,73;3,54;296;32;4
"c4-18-14";"molincae";11,00;4;2;9;8;5,45;5,31;6,34;6,64;0,24;5,50;3,54;154;10;5
"c4-18-21";"molincae";11,00;4;3;9;8;5,97;5,63;6,44;6,63;0,24;5,54;3,42;127;7;5
"c4-18-23";"molincae";8,00;4;2;13;14;5,77;5,63;5,84;6,56;0,21;5,63;3,51;143;16;5
"c4-18-32";"filipulm";6,00;6;3;10;3;6,20;6,59;6,16;7,01;0,25;5,66;3,56;94;7;4
"c4-18-34";"filipulm";6,00;5;3;10;3;5,75;6,05;6,13;6,70;0,18;5,59;3,64;128;5;4
"c4-18-42";"molincae";8,00;3;1;8;14;5,67;5,51;6,03;6,38;0,15;5,50;3,41;180;16;5
"c4-18-43";"molincae";8,00;4;2;13;14;5,68;5,50;6,09;6,63;0,20;5,54;3,40;158;13;5
"c4-21-11";"molincae";10,00;3;1;11;12;5,27;5,50;6,54;6,84;0,21;5,63;3,39;278;16;5
"c4-21-12";"molincae";8,00;2;6;13;14;5,63;5,63;5,70;6,78;0,20;5,69;3,53;225;18;5
"c4-21-13";"filipulm";6,00;4;2;9;3;5,56;5,43;6,41;6,69;0,27;5,55;3,51;134;5;4
"c4-21-22";"filipulm";7,00;2;6;3;9;6,13;6,26;6,20;6,91;0,24;5,69;3,61;224;18;4
"c4-21-44";"filipulm";6,00;5;3;10;3;6,19;6,12;6,67;6,61;0,34;5,44;3,46;106;3;4
"c4-22-12";"filipulm";5,00;6;4;6;7;6,14;6,35;5,81;7,00;0,23;5,68;3,62;158;8;4
"c4-22-22";"filipulm";5,00;6;4;6;7;6,23;6,38;5,85;7,01;0,30;5,70;3,74;152;13;4
"c4-22-32";"filipulm";5,00;6;4;6;7;6,30;6,31;6,24;6,88;0,31;5,67;3,66;141;14;4
"c4-22-42";"loliumul";4,00;6;4;6;11;6,32;6,16;6,13;6,81;0,36;5,63;3,60;101;8;3
"c4-23-32";"molincae";11,00;5;3;9;8;5,64;5,67;6,48;6,26;0,08;5,43;3,47;140;3;5
"c4-23-33";"filipulm";5,00;6;4;6;7;6,16;6,19;6,41;6,67;0,28;5,67;3,63;158;16;4
"c4-24-21";"coronsqu";3,00;6;7;12;13;6,16;6,61;5,65;6,99;0,30;5,72;3,72;142;8;2
"c4-24-22";"filipulm";7,00;2;6;3;9;5,90;6,40;5,85;6,91;0,25;5,74;3,66;228;17;4
"c4-24-24";"loliumul";4,00;6;4;6;11;6,19;6,37;5,68;7,02;0,32;5,72;3,68;125;14;3
"c4-24-31";"filipulm";5,00;6;4;1;7;6,26;6,40;5,64;6,68;0,19;5,74;3,56;155;19;4
"c4-24-42";"loliumul";4,00;6;4;6;11;6,21;6,35;5,71;6,89;0,23;5,74;3,57;130;20;3
"c4-24-44";"filipulm";5,00;2;5;2;7;5,85;6,11;5,60;6,73;0,19;5,67;3,53;191;21;4
"c4-25-11";"astertri";14,00;6;7;5;15;5,92;6,55;6,38;7,09;0,38;5,72;3,68;168;13;7
"c4-25-12";"astertri";14,00;6;7;5;15;5,87;6,41;6,08;7,27;0,52;5,76;3,64;168;12;7
"c4-25-14";"buddldav";12,00;2;5;2;2;5,84;6,26;5,69;7,03;0,24;5,82;3,64;261;39;6
"c4-25-21";"buddldav";12,00;2;5;2;2;5,71;6,39;6,11;7,12;0,42;5,85;3,82;288;32;6
"c4-25-22";"buddldav";12,00;2;5;2;2;5,75;6,41;5,59;6,97;0,32;5,81;3,73;274;47;6
"c4-25-23";"filipulm";7,00;2;6;3;9;5,53;6,32;6,04;7,01;0,37;5,82;3,72;336;36;4
"c4-25-24";"buddldav";12,00;2;5;2;2;5,62;6,37;6,05;7,11;0,42;5,83;3,84;333;42;6
"c4-25-31";"loliumul";4,00;6;4;6;11;6,14;6,40;6,11;6,94;0,25;5,69;3,85;132;14;3
"c4-25-33";"filipulm";6,00;5;3;10;3;6,06;5,94;6,64;6,58;0,25;5,44;3,45;111;2;4
"c4-25-34";"filipulm";5,00;2;6;6;7;5,86;6,01;5,85;6,83;0,21;5,72;3,61;190;21;4
"c4-25-41";"buddldav";12,00;2;5;2;2;5,41;6,23;5,59;7,21;0,30;5,80;3,82;222;25;6
"c4-25-42";"buddldav";12,00;2;5;2;2;5,43;6,34;5,68;7,13;0,30;5,82;3,73;282;38;6
"c4-25-44";"buddldav";12,00;2;5;2;2;5,63;6,29;5,61;7,19;0,31;5,88;3,77;298;52;6
"c4-26-11";"buddldav";12,00;2;5;2;2;5,54;6,16;5,38;7,05;0,31;5,87;3,72;281;59;6
"c4-26-12";"astertri";14,00;6;5;2;15;5,97;6,56;5,37;7,23;0,62;5,91;3,88;189;37;7
"c4-26-13";"buddldav";12,00;2;5;2;2;5,61;6,44;5,62;7,17;0,36;5,87;3,82;260;47;6
"c4-26-14";"astertri";14,00;6;4;5;15;6,11;6,52;5,21;7,17;0,36;5,90;3,93;116;21;7
"c4-26-21";"buddldav";12,00;2;5;2;2;5,72;6,58;5,29;7,10;0,37;5,94;3,80;213;45;6
"c4-26-22";"astertri";14,00;6;5;5;15;5,91;6,49;5,27;7,17;0,16;5,93;3,83;163;38;7
"c4-26-23";"buddldav";13,00;6;5;5;17;5,96;6,56;5,33;7,09;0,35;5,94;3,72;152;34;6
"c4-26-24";"buddldav";13,00;6;4;5;17;6,06;6,52;4,97;6,97;0,21;5,94;3,76;92;19;6
"c4-26-31";"buddldav";12,00;2;5;2;2;5,68;6,45;5,56;7,13;0,30;5,87;3,81;279;46;6
"c4-26-32";"buddldav";12,00;6;5;2;2;6,00;6,44;5,31;7,11;0,37;5,93;3,73;175;33;6
"c4-26-33";"buddldav";12,00;2;5;2;2;5,66;6,33;5,38;7,06;0,28;5,90;3,78;287;72;6
"c4-26-34";"buddldav";12,00;2;5;2;2;5,55;6,14;5,12;7,08;0,20;5,87;3,75;206;68;6
"c4-26-41";"buddldav";13,00;6;4;5;17;6,32;6,55;5,45;7,02;0,23;5,96;3,75;110;33;6
"c4-26-42";"filipulm";7,00;2;6;3;9;5,77;6,21;5,94;6,76;0,21;5,80;3,59;313;56;4
"c4-26-43";"buddldav";13,00;6;4;5;17;5,90;6,22;5,10;6,81;0,16;5,90;3,60;115;25;6
"c4-26-44";"buddldav";12,00;2;5;2;2;5,78;6,30;5,14;6,74;0,16;5,84;3,69;180;51;6
"c4-27-11";"buddldav";12,00;2;5;2;2;5,95;6,44;5,40;7,14;0,29;5,89;3,90;206;53;6
"c4-27-12";"astertri";14,00;6;4;5;15;6,00;6,40;5,23;7,17;0,21;5,79;3,94;123;28;7
"c4-27-13";"buddldav";12,00;2;5;2;2;5,77;6,09;5,10;6,89;0,17;5,89;3,66;176;46;6
"c4-27-14";"buddldav";12,00;2;5;2;2;6,02;6,53;5,22;7,02;0,23;5,88;3,82;174;44;6
"c4-27-21";"buddldav";13,00;6;4;5;17;6,20;6,50;5,17;7,04;0,18;5,72;3,88;91;11;6
"c4-27-23";"buddldav";13,00;6;4;5;17;5,93;6,11;5,00;6,77;0,19;5,91;3,55;119;28;6
"c4-27-31";"buddldav";13,00;6;4;5;17;6,11;6,18;5,15;6,81;0,20;5,86;3,54;114;27;6
"c4-27-32";"buddldav";12,00;2;5;2;2;5,98;6,41;5,50;6,85;0,21;5,77;3,68;181;31;6
"c4-27-33";"buddldav";12,00;2;5;2;2;5,97;6,36;5,14;6,87;0,16;5,90;3,70;170;42;6
"c4-27-34";"buddldav";13,00;6;5;5;17;5,83;6,36;5,17;6,99;0,28;5,78;3,73;143;17;6
"c4-27-41";"filipulm";7,00;2;6;3;9;5,80;6,07;6,08;6,70;0,18;5,74;3,59;299;46;4
"c4-27-42";"filipulm";7,00;2;6;3;9;5,87;6,05;6,04;6,68;0,20;5,68;3,61;286;34;4
"c4-27-44";"buddldav";13,00;6;4;5;17;6,32;6,01;5,42;6,87;0,16;5,75;3,49;108;17;6
"c4-28-11";"primuela";16,00;3;8;13;5;5,52;5,64;5,66;6,49;0,15;5,63;3,56;258;23;8
"c4-28-13";"molincae";9,00;4;2;4;4;5,80;5,50;5,47;6,38;0,27;5,62;3,41;139;15;5
"c4-28-21";"buddldav";13,00;6;5;2;17;5,84;6,27;5,26;6,83;0,11;5,76;3,64;163;25;6
"c4-28-23";"filipulm";7,00;2;6;3;9;6,01;6,35;6,15;6,95;0,19;5,67;3,71;210;18;4
"c4-28-32";"filipulm";6,00;1;8;8;3;5,96;6,17;6,26;6,43;0,16;5,47;3,60;188;15;4
"c4-28-41";"filipulm";5,00;2;5;2;7;6,06;6,17;5,55;6,88;0,19;5,71;3,72;178;20;4
"c4-31-14";"filipulm";6,00;5;4;10;3;6,24;6,19;5,97;6,78;0,32;5,55;3,45;108;9;4
"c4-31-21";"filipulm";5,00;6;4;6;7;5,94;5,94;5,83;6,92;0,27;5,70;3,60;154;14;4
"c4-31-31";"molincae";9,00;4;2;4;4;5,80;5,64;5,81;6,84;0,22;5,61;3,69;96;7;5
"c4-31-33";"filipulm";6,00;4;2;6;3;6,05;5,83;6,19;6,70;0,28;5,51;3,41;131;8;4
"c4-32-12";"filipulm";5,00;6;4;6;7;6,16;6,04;6,09;6,80;0,25;5,67;3,70;131;15;4
"c4-32-31";"molincae";9,00;4;2;4;4;6,06;5,50;6,10;6,76;0,34;5,51;3,51;105;12;5
"c4-32-34";"buddldav";13,00;6;4;5;17;5,90;6,12;5,41;7,03;0,22;5,69;3,72;129;20;6
"c4-32-44";"filipulm";6,00;5;3;10;3;5,90;5,58;6,13;6,64;0,24;5,45;3,48;110;4;4
"c4-33-13";"molincae";9,00;4;2;4;4;5,79;5,42;5,57;6,77;0,20;5,71;3,36;114;11;5
"c4-33-14";"filipulm";6,00;5;3;10;3;5,83;5,43;6,15;6,55;0,30;5,47;3,45;114;7;4
"c4-33-21";"filipulm";7,00;2;6;3;9;6,05;6,03;6,02;6,56;0,19;5,67;3,59;226;27;4
"c4-33-23";"filipulm";5,00;6;4;6;7;5,73;5,92;5,89;6,88;0,29;5,61;3,46;163;15;4
"c4-33-24";"loliumul";4,00;6;4;6;11;6,34;6,08;5,92;6,85;0,34;5,77;3,70;101;10;3
"c4-33-32";"molincae";8,00;3;1;13;14;5,92;5,74;6,20;6,69;0,25;5,65;3,54;197;17;5
"c4-33-33";"molincae";8,00;3;1;13;14;5,72;5,57;5,95;6,60;0,20;5,65;3,46;192;19;5
"c4-33-43";"filipulm";5,00;2;6;6;7;5,78;6,02;6,06;6,79;0,24;5,67;3,46;179;14;4
"c4-34-12";"filipulm";6,00;6;4;6;3;6,31;6,36;6,39;6,83;0,25;5,66;3,57;121;10;4
"c4-34-13";"loliumul";4,00;6;4;6;11;6,32;6,33;6,02;6,93;0,25;5,67;3,71;129;9;3
"c4-34-14";"filipulm";5,00;6;4;6;7;6,29;6,41;6,24;6,78;0,29;5,63;3,58;155;14;4
"c4-34-21";"filipulm";5,00;2;6;6;7;6,37;6,37;6,25;6,73;0,26;5,64;3,61;181;13;4
"c4-34-24";"filipulm";6,00;6;4;6;3;5,85;5,87;6,28;6,89;0,26;5,67;3,48;159;7;4
"c4-34-32";"loliumul";4,00;6;4;6;11;6,30;6,15;6,35;6,88;0,31;5,59;3,64;121;10;3
"c4-34-34";"filipulm";5,00;6;4;6;7;6,32;6,34;6,32;6,93;0,27;5,65;3,72;158;12;4
"c4-34-43";"filipulm";5,00;6;4;6;7;6,35;6,37;6,24;6,84;0,28;5,63;3,66;155;16;4
"c4-35-11";"filipulm";6,00;5;6;6;3;6,00;5,97;6,20;6,71;0,24;5,53;3,52;163;5;4
"c4-35-12";"buddldav";12,00;2;5;2;2;6,07;6,51;5,58;7,05;0,25;5,79;3,80;218;36;6
"c4-35-13";"buddldav";12,00;2;5;2;2;5,88;6,43;5,85;6,87;0,27;5,81;3,64;272;41;6
"c4-35-14";"filipulm";7,00;2;6;3;9;5,90;6,40;6,26;6,94;0,31;5,75;3,73;227;26;4
"c4-35-21";"buddldav";12,00;2;5;2;2;5,62;6,44;5,73;7,01;0,27;5,85;3,81;298;58;6
"c4-35-22";"buddldav";12,00;2;5;2;2;5,79;6,41;5,27;7,15;0,28;5,94;3,88;250;67;6
"c4-35-23";"filipulm";7,00;2;6;3;9;5,82;6,49;6,05;6,87;0,22;5,74;3,75;276;31;4
"c4-35-24";"astertri";14,00;6;5;5;15;5,70;6,48;5,53;7,22;0,24;5,82;3,95;153;41;7
"c4-35-31";"filipulm";5,00;6;4;6;7;6,39;6,50;5,99;6,88;0,35;5,70;3,58;157;13;4
"c4-35-32";"buddldav";12,00;2;5;2;2;5,93;6,51;5,74;7,16;0,33;5,80;3,71;201;29;6
"c4-35-33";"filipulm";6,00;6;6;6;3;6,38;6,59;6,63;6,95;0,31;5,64;3,52;153;10;4
"c4-35-43";"primuela";17,00;5;3;10;16;5,96;6,04;6,06;6,51;0,20;5,56;3,59;117;13;8
"c4-35-44";"molincae";8,00;2;6;13;14;5,57;5,90;5,89;6,65;0,17;5,76;3,48;238;37;5
"c4-36-11";"buddldav";12,00;2;5;2;2;5,63;6,28;5,61;7,20;0,27;5,80;3,78;189;30;6
"c4-36-12";"buddldav";12,00;2;5;2;2;5,72;6,30;5,38;6,94;0,21;5,86;3,69;252;50;6
"c4-36-21";"buddldav";13,00;2;5;2;17;6,00;6,21;5,20;6,43;0,16;5,78;3,63;179;39;6
"c4-36-22";"buddldav";12,00;2;5;2;2;5,86;6,35;5,25;6,85;0,19;5,84;3,70;248;62;6
"c4-36-23";"buddldav";12,00;2;5;2;2;5,90;6,11;5,20;7,05;0,20;5,86;3,76;193;35;6
"c4-36-24";"buddldav";12,00;2;5;2;2;5,78;6,05;5,21;6,81;0,17;5,82;3,63;209;36;6
"c4-36-33";"buddldav";12,00;2;5;2;2;5,65;6,08;5,54;6,82;0,19;5,68;3,56;235;33;6
"c4-36-34";"buddldav";13,00;6;5;2;17;5,82;6,14;5,07;6,89;0,15;5,81;3,69;169;30;6
"c4-36-42";"buddldav";13,00;2;5;2;17;5,76;5,90;5,27;6,80;0,21;5,73;3,56;171;24;6
"c4-37-11";"buddldav";12,00;2;5;2;2;5,73;6,43;5,54;6,83;0,22;5,83;3,70;321;64;6
"c4-37-12";"loliumul";4,00;6;4;1;11;6,42;6,40;5,21;6,86;0,21;5,77;3,54;95;12;3
"c4-37-13";"buddldav";12,00;2;5;2;2;5,86;6,32;5,44;6,85;0,17;5,85;3,71;269;54;6
"c4-37-14";"buddldav";13,00;6;4;5;17;5,87;6,18;5,19;6,95;0,19;5,82;3,77;103;16;6
"c4-37-21";"primuela";16,00;1;8;7;5;5,84;6,05;5,48;6,31;0,18;5,68;3,51;237;29;8
"c4-37-22";"buddldav";12,00;2;5;2;2;5,95;6,32;5,33;6,83;0,18;5,79;3,63;234;33;6
"c4-37-24";"buddldav";12,00;2;5;2;2;5,71;6,31;5,37;6,96;0,23;5,83;3,71;234;38;6
"c4-37-33";"buddldav";12,00;2;5;2;2;5,60;6,07;5,38;6,73;0,15;5,80;3,58;295;63;6
"c4-37-41";"buddldav";12,00;2;5;2;2;5,68;6,33;5,43;6,94;0,19;5,80;3,75;278;49;6
"c4-37-42";"loliumul";4,00;6;4;10;11;5,88;6,45;5,38;7,07;0,34;5,66;3,68;100;6;3
"c4-37-44";"buddldav";13,00;6;4;5;17;5,96;6,21;5,50;6,94;0,25;5,64;3,79;119;10;6
"c4-38-12";"filipulm";5,00;6;4;6;7;6,12;6,18;5,78;6,76;0,26;5,66;3,67;145;18;4
"c4-38-13";"buddldav";13,00;6;4;5;17;5,76;6,20;5,17;7,07;0,25;5,62;3,67;109;6;6
"c4-38-14";"filipulm";6,00;5;3;10;3;6,02;6,21;5,88;6,27;0,14;5,52;3,52;151;9;4
"c4-38-22";"filipulm";6,00;5;4;10;3;6,43;6,33;6,01;6,40;0,19;5,64;3,72;95;13;4
"c4-38-23";"loliumul";4,00;6;4;6;11;6,27;6,10;6,09;6,76;0,29;5,55;3,65;116;11;3
"c4-38-24";"filipulm";5,00;6;4;6;7;6,13;6,10;6,10;6,77;0,35;5,65;3,54;157;13;4
"c4-38-33";"buddldav";13,00;6;4;1;17;6,08;6,02;5,39;6,53;0,26;5,72;3,57;138;15;6
"c4-38-41";"filipulm";6,00;5;4;10;3;6,15;6,26;5,55;6,56;0,30;5,52;3,56;118;6;4
"c4-38-44";"molincae";10,00;3;6;3;12;5,69;5,81;6,42;6,73;0,17;5,52;3,61;208;12;5
"c4-41-31";"filipulm";5,00;2;4;6;7;6,03;6,04;5,84;6,65;0,20;5,65;3,48;171;20;4
"c4-41-32";"filipulm";6,00;5;3;10;3;5,92;5,78;6,31;6,42;0,20;5,54;3,32;139;8;4
"c4-41-33";"molincae";8,00;3;1;13;14;5,73;5,63;6,02;6,76;0,24;5,64;3,50;204;14;5
"c4-41-43";"molincae";8,00;3;1;13;14;5,94;5,64;5,74;6,63;0,19;5,68;3,36;182;22;5
"c4-42-13";"buddldav";13,00;6;4;1;17;5,68;5,75;5,49;6,67;0,20;5,73;3,42;132;17;6
"c4-42-21";"filipulm";5,00;6;4;6;7;6,10;6,01;5,97;6,74;0,24;5,66;3,62;152;12;4
"c4-42-34";"filipulm";5,00;6;4;6;7;6,25;6,23;6,12;6,84;0,32;5,63;3,72;134;12;4
"c4-43-11";"filipulm";6,00;6;4;6;3;6,18;5,86;6,25;6,64;0,25;5,63;3,56;132;10;4
"c4-43-13";"loliumul";4,00;6;4;6;11;6,33;6,39;6,14;6,95;0,32;5,66;3,71;125;8;3
"c4-43-22";"filipulm";5,00;2;6;6;7;6,20;6,31;6,19;6,76;0,28;5,68;3,53;174;14;4
"c4-43-32";"loliumul";4,00;6;4;6;11;6,22;6,21;6,09;6,93;0,34;5,64;3,58;130;8;3
"c4-43-44";"filipulm";6,00;5;3;10;3;6,42;6,33;6,37;6,63;0,27;5,60;3,53;121;4;4
"c4-44-11";"filipulm";5,00;2;6;3;7;6,13;6,29;6,11;6,93;0,24;5,76;3,61;197;21;4
"c4-44-14";"filipulm";6,00;6;4;6;3;6,37;6,32;6,20;6,59;0,27;5,64;3,53;133;5;4
"c4-44-22";"loliumul";4,00;6;4;6;11;6,19;6,16;6,06;6,96;0,27;5,64;3,71;128;10;3
"c4-44-24";"filipulm";7,00;2;6;3;9;6,17;6,20;6,27;6,66;0,22;5,61;3,54;210;15;4
"c4-44-31";"filipulm";6,00;5;3;10;3;6,20;6,46;6,01;6,70;0,24;5,53;3,52;97;4;4
"c4-44-32";"loliumul";4,00;6;4;1;11;6,42;6,45;5,99;6,50;0,25;5,65;3,41;150;13;3
"c4-44-33";"filipulm";5,00;2;6;6;7;6,20;6,44;6,33;6,90;0,25;5,67;3,76;181;9;4
"c4-44-42";"filipulm";7,00;2;6;3;9;5,97;6,26;6,63;6,57;0,20;5,61;3,59;268;20;4
"c4-44-44";"filipulm";7,00;2;6;3;9;6,18;6,38;6,71;6,61;0,21;5,65;3,64;220;20;4
"c4-45-11";"filipulm";7,00;2;6;3;9;6,25;6,54;6,61;6,80;0,27;5,73;3,64;242;26;4
"c4-45-12";"filipulm";6,00;6;7;6;3;6,38;6,53;6,88;7,09;0,39;5,65;3,75;127;3;4
"c4-45-13";"filipulm";6,00;5;3;10;3;6,14;6,23;6,65;6,61;0,20;5,51;3,54;118;10;4
"c4-45-14";"buddldav";12,00;2;5;2;2;6,04;6,52;6,03;7,05;0,33;5,79;3,73;252;29;6
"c4-45-21";"buddldav";13,00;6;5;5;17;5,90;6,37;5,51;6,96;0,23;5,74;3,67;148;17;6
"c4-45-31";"filipulm";7,00;2;6;3;9;6,17;6,55;6,39;6,88;0,27;5,73;3,66;259;25;4
"c4-45-32";"buddldav";12,00;2;5;2;2;5,80;6,35;5,84;6,92;0,26;5,75;3,73;289;40;6
"c4-45-34";"buddldav";12,00;2;5;2;2;5,92;6,50;5,69;6,94;0,25;5,76;3,72;207;31;6
"c4-45-41";"molincae";9,00;4;2;13;4;5,61;5,75;5,92;6,47;0,24;5,63;3,50;144;16;5
"c4-45-42";"filipulm";6,00;5;3;10;3;6,31;5,94;6,38;6,40;0,28;5,48;3,52;121;10;4
"c4-45-43";"primuela";17,00;5;3;10;16;5,98;5,81;6,19;6,14;0,17;5,43;3,48;112;3;8
"c4-45-44";"filipulm";6,00;3;1;8;3;6,00;5,89;6,43;6,45;0,25;5,54;3,60;178;14;4
"c4-46-11";"molincae";8,00;1;8;13;14;5,61;5,82;5,72;6,40;0,18;5,63;3,56;196;24;5
"c4-46-12";"buddldav";12,00;2;5;2;2;6,05;6,37;5,78;7,03;0,23;5,79;3,73;201;37;6
"c4-46-21";"filipulm";7,00;2;6;3;9;5,93;6,22;6,07;6,79;0,20;5,69;3,58;247;23;4
"c4-46-23";"primuela";17,00;5;3;10;16;6,22;6,25;6,14;6,26;0,21;5,50;3,50;106;12;8
"c4-46-24";"filipulm";5,00;6;5;6;7;6,00;6,22;5,28;6,98;0,23;5,74;3,73;149;20;4
"c4-46-31";"filipulm";6,00;6;4;6;3;6,00;6,24;6,25;7,02;0,27;5,57;3,77;124;7;4
"c4-46-32";"molincae";9,00;4;4;4;4;5,89;5,90;5,57;6,89;0,25;5,65;3,45;99;10;5
"c4-46-34";"molincae";9,00;4;2;4;4;5,73;5,51;5,37;6,41;0,18;5,67;3,39;115;23;5
"c4-46-42";"molincae";8,00;3;1;13;14;5,48;5,65;6,03;6,84;0,21;5,65;3,61;207;20;5
"c4-46-44";"primuela";17,00;5;3;8;16;5,80;5,77;5,93;6,15;0,17;5,54;3,52;155;12;8
"c4-47-11";"primuela";16,00;1;8;8;5;6,07;6,00;5,90;6,26;0,19;5,56;3,43;191;19;8
"c4-47-12";"primuela";17,00;5;3;8;16;6,07;5,91;5,80;6,14;0,14;5,58;3,41;160;17;8
"c4-47-13";"primuela";16,00;1;8;8;5;6,11;6,20;5,57;6,32;0,12;5,62;3,48;185;17;8
"c4-47-31";"filipulm";7,00;2;6;3;9;5,53;5,95;5,87;6,90;0,20;5,72;3,63;260;27;4
"c4-47-42";"primuela";17,00;5;3;10;16;6,10;5,92;6,36;6,16;0,14;5,49;3,48;105;8;8
"c4-47-43";"primuela";16,00;1;8;8;5;5,93;5,82;6,22;6,36;0,14;5,58;3,57;194;18;8
"c4-48-14";"filipulm";6,00;4;2;9;3;5,53;5,61;6,50;6,84;0,27;5,48;3,39;124;6;4
"c4-48-24";"loliumul";4,00;6;4;1;11;6,06;6,49;5,40;6,97;0,25;5,78;3,63;106;21;3
"c4-48-34";"primuela";17,00;5;3;10;16;5,76;6,02;5,61;6,53;0,24;5,59;3,46;138;6;8
"c4-48-41";"primuela";16,00;1;8;8;5;5,90;5,75;5,83;6,33;0,20;5,61;3,44;186;14;8
"c4-48-42";"primuela";16,00;1;8;8;5;5,74;5,83;5,91;6,05;0,14;5,52;3,55;197;15;8
"c4-48-43";"primuela";16,00;1;8;8;5;5,57;5,57;5,90;6,31;0,19;5,51;3,43;199;14;8
"c4-51-11";"buddldav";13,00;4;2;4;17;5,82;5,49;5,40;6,39;0,17;5,66;3,31;141;24;6
"c4-51-13";"molincae";9,00;5;3;4;4;5,65;5,47;5,23;6,44;0,15;5,58;3,46;138;8;5
"c4-51-14";"molincae";8,00;3;1;13;14;5,79;5,68;5,86;6,54;0,18;5,56;3,46;191;14;5
"c4-51-23";"molincae";8,00;3;8;13;14;5,92;5,73;6,08;6,49;0,21;5,63;3,49;178;15;5
"c4-51-24";"filipulm";5,00;6;4;6;7;6,30;6,21;6,17;6,79;0,26;5,64;3,47;140;13;4
"c4-51-32";"filipulm";6,00;5;3;10;3;6,34;6,50;6,68;6,88;0,23;5,65;3,78;118;4;4
"c4-51-42";"filipulm";7,00;2;6;3;9;6,24;6,40;6,47;6,79;0,24;5,70;3,60;238;23;4
"c4-52-13";"primuela";16,00;1;6;7;5;6,05;6,02;6,15;6,50;0,18;5,64;3,58;209;16;8
"c4-52-21";"filipulm";6,00;6;4;10;3;6,29;6,48;6,31;6,83;0,32;5,52;3,49;112;7;4
"c4-52-24";"filipulm";5,00;6;4;6;7;6,31;6,39;6,17;6,92;0,30;5,70;3,63;164;14;4
"c4-52-31";"filipulm";6,00;6;4;6;3;6,40;6,48;6,27;6,74;0,17;5,62;3,69;148;9;4
"c4-52-32";"filipulm";6,00;5;3;10;3;6,34;6,40;6,56;6,58;0,16;5,61;3,65;163;13;4
"c4-52-41";"filipulm";6,00;5;3;10;3;6,41;6,55;6,96;6,76;0,24;5,61;3,63;128;8;4
"c4-52-42";"filipulm";6,00;6;4;6;3;6,29;6,70;6,45;6,97;0,32;5,69;3,68;151;17;4
"c4-52-43";"filipulm";6,00;5;3;10;3;6,57;6,63;6,75;6,71;0,31;5,65;3,72;113;7;4
"c4-52-44";"filipulm";7,00;2;6;3;9;6,01;6,42;6,49;6,69;0,23;5,65;3,72;238;18;4
"c4-53-13";"filipulm";6,00;2;6;3;3;6,05;6,46;6,35;6,78;0,30;5,63;3,60;181;17;4
"c4-53-14";"filipulm";7,00;2;6;3;9;6,01;6,40;6,45;6,78;0,20;5,65;3,62;228;18;4
"c4-53-21";"filipulm";7,00;2;6;3;9;6,23;6,51;6,42;6,76;0,26;5,67;3,54;215;16;4
"c4-53-22";"filipulm";7,00;2;6;3;9;6,03;6,25;6,04;6,66;0,19;5,72;3,58;232;35;4
"c4-53-23";"filipulm";6,00;2;6;3;3;5,99;6,41;6,74;6,71;0,25;5,58;3,57;198;16;4
"c4-53-24";"filipulm";7,00;2;6;3;9;5,94;6,54;6,61;6,92;0,18;5,65;3,59;219;10;4
"c4-53-31";"filipulm";7,00;2;6;3;9;6,18;6,44;6,51;6,62;0,24;5,68;3,66;242;19;4
"c4-53-32";"filipulm";6,00;5;6;3;3;6,16;6,36;6,61;6,62;0,22;5,59;3,58;178;12;4
"c4-53-34";"filipulm";6,00;3;6;3;3;5,73;5,97;6,54;6,60;0,23;5,51;3,64;193;12;4
"c4-53-41";"filipulm";7,00;2;6;3;9;5,90;6,12;6,16;6,71;0,17;5,66;3,64;215;19;4
"c4-53-42";"filipulm";6,00;2;6;3;3;6,10;6,48;6,82;6,84;0,21;5,68;3,66;194;6;4
"c4-53-43";"filipulm";7,00;2;6;3;9;6,15;6,33;6,31;6,66;0,20;5,69;3,65;207;20;4
"c4-53-44";"buddldav";13,00;6;4;6;17;5,70;5,82;5,29;7,02;0,18;5,84;3,84;130;24;6
"c4-54-11";"filipulm";7,00;2;6;3;9;5,87;6,19;5,92;6,77;0,23;5,70;3,57;239;23;4
"c4-54-12";"filipulm";7,00;2;6;3;9;6,05;6,41;6,37;6,69;0,25;5,71;3,64;216;22;4
"c4-54-13";"filipulm";6,00;2;6;3;3;6,00;6,52;6,63;6,73;0,22;5,59;3,60;196;10;4
"c4-54-14";"filipulm";6,00;5;6;3;3;6,35;6,28;7,00;6,62;0,20;5,60;3,59;173;11;4
"c4-54-21";"filipulm";6,00;6;7;6;3;6,29;6,70;6,74;7,01;0,24;5,64;3,58;159;7;4
"c4-54-22";"filipulm";7,00;2;6;3;9;6,05;6,58;6,61;7,11;0,27;5,75;3,78;204;19;4
"c4-54-23";"filipulm";6,00;2;6;3;3;6,09;6,42;7,19;6,53;0,17;5,56;3,65;209;10;4
"c4-54-24";"filipulm";7,00;2;6;3;9;5,73;6,33;6,45;7,08;0,37;5,73;3,63;268;23;4
"c4-54-31";"filipulm";7,00;1;8;7;9;5,87;6,03;6,06;6,46;0,15;5,60;3,49;252;22;4
"c4-54-32";"filipulm";7,00;2;6;3;9;5,86;5,93;6,10;6,56;0,14;5,68;3,48;270;23;4
"c4-54-33";"filipulm";7,00;3;6;3;9;5,68;5,82;6,38;6,81;0,22;5,66;3,55;217;15;4
"c4-54-34";"filipulm";6,00;2;6;6;3;5,93;6,09;6,18;6,74;0,25;5,64;3,64;184;14;4
"c4-54-41";"filipulm";5,00;2;6;6;7;6,02;6,15;6,23;6,59;0,17;5,57;3,61;182;15;4
"c4-54-42";"astertri";14,00;4;7;5;15;5,72;6,22;6,75;7,16;0,38;5,72;3,68;160;16;7
"c4-54-43";"molincae";10,00;3;6;3;12;5,88;5,89;6,51;6,66;0,16;5,57;3,67;203;16;5
"c4-54-44";"filipulm";5,00;2;6;6;7;6,22;6,40;6,42;6,82;0,24;5,69;3,76;170;13;4
"c4-55-11";"filipulm";7,00;2;6;3;9;5,71;6,12;6,06;6,62;0,23;5,72;3,54;236;20;4
"c4-55-12";"filipulm";5,00;2;5;2;7;5,96;6,19;5,87;6,88;0,20;5,77;3,62;199;23;4
"c4-55-13";"buddldav";12,00;2;5;2;2;5,99;6,22;5,85;6,98;0,25;5,78;3,71;213;29;6
"c4-55-23";"molincae";9,00;4;2;6;4;6,19;6,14;6,12;6,98;0,27;5,70;3,76;144;15;5
"c4-55-31";"filipulm";7,00;2;6;3;9;6,19;6,48;6,54;6,92;0,29;5,72;3,71;220;15;4
"c4-55-33";"filipulm";7,00;2;6;3;9;5,98;6,53;6,26;6,94;0,25;5,78;3,71;278;31;4
"c4-55-34";"astertri";14,00;6;4;5;15;6,22;6,51;5,90;7,16;0,29;5,76;3,70;139;14;7
"c4-55-41";"molincae";8,00;3;1;13;14;5,73;6,14;6,74;6,84;0,23;5,58;3,67;177;16;5
"c4-55-43";"astertri";14,00;6;4;5;15;6,04;6,29;6,14;7,00;0,31;5,73;3,78;135;17;7
"c4-55-44";"buddldav";12,00;2;6;2;2;5,66;6,14;5,99;6,97;0,21;5,76;3,70;249;29;6
"c4-56-14";"molincae";8,00;4;4;13;14;5,83;6,03;5,83;6,88;0,23;5,69;3,64;163;14;5
"c4-56-23";"filipulm";5,00;2;6;3;7;6,01;6,11;5,84;6,72;0,26;5,66;3,54;201;21;4
"c4-56-33";"molincae";8,00;3;1;13;14;5,61;5,71;5,93;6,46;0,17;5,66;3,48;222;34;5
"c4-57-12";"buddldav";13,00;6;4;5;17;5,47;5,49;5,20;7,04;0,29;5,79;3,43;95;16;6
"c4-57-14";"filipulm";5,00;6;4;6;7;5,98;6,08;6,19;6,84;0,20;5,57;3,73;157;14;4
"c4-57-22";"buddldav";13,00;6;4;10;17;5,97;6,20;5,62;6,91;0,26;5,69;3,52;108;17;6
"c4-57-41";"molincae";8,00;3;6;13;14;5,81;5,93;5,78;6,79;0,26;5,71;3,58;178;27;5
"c4-57-43";"primuela";17,00;5;3;10;16;5,62;5,75;5,66;6,46;0,25;5,45;3,42;138;9;8
"c4-58-14";"primuela";17,00;5;3;8;16;6,08;5,91;6,25;6,43;0,24;5,56;3,43;168;12;8
"c4-58-21";"primuela";16,00;1;8;7;5;5,87;5,86;6,07;6,36;0,16;5,59;3,47;273;28;8
"c4-58-22";"filipulm";5,00;3;1;6;7;5,94;6,02;6,15;6,67;0,25;5,70;3,51;176;16;4
"c4-58-24";"filipulm";5,00;3;6;6;7;5,93;6,04;6,28;6,82;0,24;5,66;3,62;162;16;4
"c4-58-32";"filipulm";5,00;3;6;3;7;5,80;6,00;6,33;6,78;0,24;5,58;3,54;202;12;4
"c4-58-33";"buddldav";13,00;6;4;6;17;5,82;5,93;5,41;6,99;0,27;5,73;3,50;139;22;6
"c4-58-42";"molincae";8,00;2;6;13;14;5,44;6,00;5,82;6,98;0,25;5,68;3,54;220;17;5
"c5-11-11";"molincae";8,00;3;1;13;14;5,68;5,61;5,82;6,67;0,18;5,65;3,50;185;15;5
"c5-11-12";"molincae";8,00;3;1;13;14;5,48;5,26;5,73;6,48;0,21;5,55;3,35;165;18;5
"c5-11-21";"molincae";8,00;3;1;13;14;5,84;5,76;6,36;6,77;0,20;5,58;3,60;186;15;5
"c5-11-22";"molincae";8,00;3;1;13;14;5,77;5,62;6,10;6,38;0,18;5,51;3,60;179;14;5
"c5-11-23";"molincae";9,00;4;2;4;4;5,44;5,45;5,82;6,68;0,22;5,46;3,32;126;9;5
"c5-11-24";"molincae";8,00;3;1;13;14;5,63;5,55;5,90;6,63;0,15;5,63;3,53;189;18;5
"c5-11-32";"molincae";9,00;4;2;4;4;5,55;5,33;6,01;6,29;0,25;5,43;3,43;112;6;5
"c5-11-41";"molincae";9,00;4;2;4;4;5,68;5,32;5,80;6,59;0,25;5,50;3,49;110;12;5
"c5-11-42";"molincae";9,00;4;2;4;4;5,51;5,37;5,70;6,46;0,15;5,60;3,41;131;12;5
"c5-12-11";"molincae";9,00;4;2;4;4;5,66;5,35;5,97;6,50;0,20;5,55;3,31;134;19;5
"c5-12-33";"molincae";10,00;3;1;11;12;5,42;5,52;6,08;6,65;0,16;5,59;3,47;248;21;5
"c5-12-41";"filipulm";6,00;3;1;13;3;5,98;5,88;6,35;6,52;0,18;5,52;3,50;157;13;4
"c5-12-42";"molincae";8,00;3;1;13;14;5,55;5,66;6,28;6,57;0,16;5,52;3,54;167;11;5
"c5-12-44";"molincae";9,00;4;2;4;4;5,70;5,50;6,12;6,62;0,16;5,54;3,60;111;14;5
"c5-13-22";"molincae";9,00;4;2;9;4;5,56;5,33;5,94;6,42;0,23;5,56;3,52;122;10;5
"c5-13-24";"molincae";11,00;4;2;9;8;5,21;5,28;6,31;6,47;0,12;5,53;3,37;130;9;5
"c5-13-32";"molincae";10,00;3;1;11;12;5,26;5,35;6,62;6,35;0,15;5,46;3,36;272;15;5
"c5-13-34";"molincae";10,00;3;1;11;12;5,20;5,18;6,30;6,52;0,20;5,49;3,40;198;14;5
"c5-13-42";"molincae";10,00;3;1;11;12;5,62;5,67;6,15;6,81;0,18;5,54;3,53;213;10;5
"c5-14-11";"filipulm";6,00;3;6;6;3;6,12;5,97;6,55;6,57;0,17;5,52;3,67;168;11;4
"c5-14-12";"molincae";11,00;5;3;9;8;5,53;5,76;6,76;6,27;0,14;5,41;3,63;179;5;5
"c5-14-13";"filipulm";5,00;6;4;6;7;6,00;5,88;5,75;6,58;0,24;5,69;3,58;162;18;4
"c5-14-24";"molincae";10,00;3;1;11;12;4,77;4,87;5,99;6,83;0,18;5,63;3,25;216;14;5
"c5-14-31";"molincae";11,00;4;2;9;8;5,35;5,61;7,53;6,79;0,18;5,31;3,34;103;1;5
"c5-14-32";"molincae";11,00;4;2;9;8;5,51;5,28;6,22;6,64;0,22;5,44;3,45;158;7;5
"c5-14-34";"molincae";11,00;4;2;9;8;5,12;5,12;6,73;6,66;0,22;5,36;3,38;136;2;5
"c5-14-42";"molincae";10,00;3;1;11;12;5,38;5,30;6,64;6,64;0,18;5,52;3,43;238;14;5
"c5-14-43";"primuela";17,00;5;3;9;16;5,53;5,45;6,48;6,10;0,16;5,26;3,57;116;3;8
"c5-14-44";"molincae";8,00;3;1;11;14;5,27;5,38;5,90;7,09;0,23;5,69;3,57;228;33;5
"c5-15-11";"molincae";11,00;4;2;9;8;5,77;5,54;5,97;6,15;0,17;5,41;3,41;97;5;5
"c5-15-13";"molincae";8,00;3;1;13;14;5,55;5,61;5,75;6,75;0,23;5,62;3,41;179;13;5
"c5-15-21";"molincae";10,00;3;1;11;12;5,25;5,14;6,39;6,74;0,16;5,57;3,35;243;19;5
"c5-15-22";"molincae";10,00;3;1;11;12;4,81;5,10;6,72;6,74;0,20;5,48;3,29;270;16;5
"c5-15-23";"molincae";11,00;4;2;9;8;5,36;5,64;6,63;6,97;0,35;5,55;3,53;108;3;5
"c5-15-32";"molincae";10,00;3;1;11;12;5,38;5,33;6,57;6,84;0,28;5,60;3,36;171;9;5
"c5-15-34";"molincae";10,00;3;1;11;12;5,13;5,26;6,60;6,80;0,20;5,58;3,38;259;16;5
"c5-15-41";"molincae";11,00;4;1;9;8;5,18;5,01;6,45;6,84;0,22;5,52;3,48;162;6;5
"c5-16-12";"molincae";10,00;3;1;11;12;5,19;5,17;6,44;6,23;0,14;5,46;3,43;187;15;5
"c5-16-14";"molincae";11,00;4;2;9;8;5,53;5,44;6,44;6,30;0,25;5,44;3,43;152;16;5
"c5-16-21";"molincae";9,00;4;2;13;4;5,89;5,65;5,89;6,49;0,22;5,54;3,54;151;19;5
"c5-16-24";"molincae";11,00;4;2;9;8;5,71;5,50;6,61;6,50;0,16;5,50;3,64;143;13;5
"c5-16-41";"molincae";9,00;4;2;4;4;5,78;5,13;5,29;6,67;0,21;5,71;3,42;139;27;5
"c5-17-22";"molincae";10,00;3;1;11;12;5,40;5,31;6,91;6,66;0,17;5,52;3,55;207;13;5
"c5-17-23";"molincae";10,00;3;1;11;12;5,52;5,61;6,80;6,74;0,17;5,54;3,54;201;13;5
"c5-17-24";"molincae";10,00;3;1;11;12;5,56;5,53;6,68;6,71;0,16;5,52;3,51;188;11;5
"c5-17-33";"molincae";9,00;5;3;10;4;5,46;5,67;5,11;6,87;0,24;5,58;3,54;106;10;5
"c5-17-43";"molincae";9,00;4;2;4;4;5,11;4,95;5,93;6,89;0,22;5,58;3,49;136;8;5
"c5-18-22";"molincae";11,00;4;2;9;8;5,01;4,68;6,85;6,88;0,21;5,44;3,42;145;5;5
"c5-18-23";"molincae";9,00;4;2;4;4;4,97;4,80;6,24;6,94;0,23;5,58;3,34;122;7;5
"c5-18-24";"molincae";9,00;4;2;4;4;5,56;5,22;6,36;6,92;0,25;5,56;3,51;104;4;5
"c5-18-32";"molincae";11,00;4;2;9;8;5,08;4,95;6,42;6,81;0,32;5,42;3,44;112;7;5
"c5-21-12";"molincae";8,00;4;2;13;14;5,68;5,51;5,53;6,84;0,19;5,61;3,43;151;14;5
"c5-21-14";"primuela";16,00;1;8;8;5;5,67;5,93;6,26;6,51;0,19;5,51;3,55;228;14;8
"c5-21-23";"primuela";16,00;1;8;7;5;5,63;5,91;6,23;6,50;0,19;5,60;3,46;263;28;8
"c5-21-32";"filipulm";5,00;6;4;6;7;6,14;6,14;6,05;6,81;0,26;5,66;3,60;142;19;4
"c5-21-34";"molincae";8,00;6;4;6;14;6,04;6,00;5,74;6,76;0,26;5,61;3,51;152;12;5
"c5-21-41";"filipulm";5,00;2;5;2;7;5,86;6,21;5,82;6,95;0,18;5,68;3,72;182;27;4
"c5-22-11";"molincae";10,00;3;1;11;12;5,36;5,21;6,07;6,63;0,19;5,61;3,39;223;22;5
"c5-22-13";"molincae";10,00;3;1;11;12;5,17;5,50;6,70;6,51;0,16;5,52;3,42;334;23;5
"c5-22-14";"molincae";10,00;3;1;11;12;5,69;5,57;6,43;6,62;0,20;5,55;3,42;209;17;5
"c5-22-23";"molincae";9,00;6;4;6;4;6,03;5,97;5,76;6,95;0,27;5,67;3,55;125;12;5
"c5-22-31";"molincae";10,00;3;1;11;12;5,58;5,45;6,22;6,51;0,16;5,61;3,50;217;16;5
"c5-22-32";"molincae";8,00;2;6;13;14;5,84;5,97;5,93;6,81;0,17;5,66;3,49;223;19;5
"c5-22-33";"molincae";8,00;3;1;13;14;5,58;5,88;6,31;6,96;0,23;5,66;3,60;193;17;5
"c5-22-34";"filipulm";7,00;3;6;3;9;5,59;5,94;6,33;6,65;0,23;5,61;3,60;294;27;4
"c5-22-41";"molincae";11,00;5;3;10;8;5,50;5,61;6,68;6,67;0,16;5,39;3,57;109;6;5
"c5-22-43";"molincae";10,00;3;1;11;12;5,75;5,69;6,30;6,60;0,17;5,56;3,53;199;14;5
"c5-23-11";"molincae";8,00;3;1;13;14;5,56;5,43;5,99;6,55;0,25;5,60;3,38;189;16;5
"c5-23-24";"molincae";8,00;3;4;13;14;6,09;5,71;5,64;6,68;0,19;5,71;3,57;166;29;5
"c5-23-32";"molincae";10,00;3;1;8;12;5,41;5,64;6,64;6,30;0,14;5,36;3,37;238;9;5
"c5-23-34";"primuela";17,00;5;3;8;16;5,66;5,83;6,57;6,15;0,07;5,33;3,57;177;5;8
"c5-23-41";"molincae";9,00;4;2;13;4;5,98;5,92;5,83;6,53;0,18;5,54;3,61;151;11;5
"c5-24-12";"molincae";11,00;3;1;9;8;5,22;5,36;7,14;6,65;0,17;5,42;3,29;169;3;5
"c5-24-13";"molincae";10,00;3;1;11;12;5,30;5,38;6,85;6,69;0,23;5,58;3,42;220;12;5
"c5-24-14";"primuela";17,00;5;3;8;16;5,74;5,75;6,70;6,06;0,12;5,41;3,51;152;4;8
"c5-24-31";"molincae";10,00;3;1;11;12;5,73;5,59;6,60;6,62;0,24;5,57;3,41;176;10;5
"c5-24-32";"molincae";11,00;3;1;9;8;5,53;5,57;6,72;6,32;0,15;5,50;3,59;180;7;5
"c5-24-34";"filipulm";6,00;6;4;6;3;6,25;6,24;5,83;6,89;0,17;5,64;3,68;124;17;4
"c5-24-41";"primuela";17,00;5;3;10;16;5,68;5,35;5,68;6,34;0,18;5,56;3,39;130;8;8
"c5-24-43";"molincae";9,00;4;2;4;4;5,90;4,98;5,40;6,19;0,14;5,42;3,34;93;14;5
"c5-25-12";"molincae";10,00;3;1;11;12;5,16;5,18;6,86;6,75;0,17;5,50;3,50;189;13;5
"c5-25-34";"molincae";10,00;3;1;11;12;5,56;5,59;6,74;6,73;0,29;5,51;3,44;190;7;5
"c5-25-42";"molincae";8,00;3;1;13;14;5,71;5,49;5,47;6,71;0,21;5,67;3,53;187;26;5
"c5-26-22";"filipulm";5,00;3;6;6;7;5,93;5,84;6,24;6,74;0,24;5,68;3,65;173;18;4
"c5-26-31";"molincae";9,00;4;2;4;4;5,76;5,70;6,19;6,83;0,20;5,63;3,63;141;8;5
"c5-26-41";"molincae";8,00;3;1;13;14;5,53;5,23;5,49;6,81;0,13;5,69;3,50;176;23;5
"c5-26-43";"molincae";11,00;4;2;4;8;4,87;4,98;6,09;6,81;0,21;5,54;3,44;157;9;5
"c5-27-11";"molincae";9,00;4;2;9;4;5,84;5,50;6,60;6,79;0,14;5,56;3,64;127;10;5
"c5-27-12";"molincae";9,00;4;2;9;4;5,77;5,26;6,37;6,84;0,22;5,56;3,68;109;7;5
"c5-27-33";"molincae";9,00;4;2;4;4;5,53;5,24;5,53;6,61;0,20;5,58;3,54;140;21;5
"c5-27-42";"molincae";9,00;4;2;9;4;5,92;5,96;6,30;6,86;0,16;5,61;3,67;101;6;5
"c5-28-23";"molincae";10,00;3;1;11;12;5,48;5,53;6,53;6,66;0,20;5,59;3,53;237;15;5
"c5-28-31";"molincae";8,00;3;1;13;14;5,81;5,70;6,23;6,89;0,23;5,59;3,62;162;11;5
"c5-28-33";"molincae";11,00;4;2;9;8;4,69;4,95;7,93;6,92;0,15;5,45;3,43;106;3;5
"c5-28-41";"molincae";9,00;4;2;9;4;5,93;5,73;6,38;6,73;0,21;5,60;3,59;131;11;5
"c5-28-42";"molincae";10,00;3;1;11;12;5,64;5,48;6,34;6,78;0,23;5,61;3,46;190;15;5
"c5-28-43";"molincae";8,00;3;1;13;14;5,65;5,85;5,83;6,88;0,16;5,67;3,61;214;29;5
"c5-28-44";"molincae";8,00;3;1;13;14;5,74;5,99;5,96;6,88;0,19;5,62;3,65;179;13;5
"c5-31-11";"primuela";16,00;1;8;8;5;5,98;5,90;5,87;6,12;0,15;5,50;3,47;191;16;8
"c5-31-12";"primuela";16,00;1;8;8;5;5,73;5,95;6,14;6,17;0,17;5,48;3,46;239;21;8
"c5-31-21";"primuela";16,00;1;8;8;5;5,74;5,87;6,13;6,13;0,16;5,46;3,52;210;17;8
"c5-31-33";"filipulm";7,00;1;6;3;9;5,84;5,89;6,10;6,47;0,20;5,64;3,45;229;16;4
"c5-31-34";"primuela";16,00;1;8;7;5;5,99;5,92;6,19;6,54;0,21;5,59;3,53;209;15;8
"c5-31-42";"primuela";17,00;5;3;8;16;5,90;5,93;6,00;6,24;0,17;5,50;3,51;174;12;8
"c5-31-43";"filipulm";6,00;5;3;10;3;6,02;6,05;6,53;6,42;0,21;5,44;3,41;171;5;4
"c5-32-12";"molincae";8,00;4;2;13;14;5,36;5,75;6,03;6,69;0,26;5,56;3,51;161;15;5
"c5-32-21";"molincae";10,00;3;1;11;12;5,62;5,80;6,13;6,64;0,19;5,63;3,56;256;20;5
"c5-32-32";"molincae";9,00;4;2;4;4;5,72;5,61;5,36;6,77;0,21;5,62;3,50;138;11;5
"c5-32-34";"filipulm";7,00;3;1;11;9;5,42;5,83;6,23;6,74;0,15;5,68;3,64;321;38;4
"c5-32-41";"molincae";10,00;3;1;11;12;5,46;5,76;6,26;6,83;0,17;5,63;3,68;282;25;5
"c5-32-42";"filipulm";7,00;3;1;11;9;5,37;5,82;6,43;6,88;0,19;5,70;3,62;326;41;4
"c5-32-43";"molincae";10,00;3;1;11;12;5,54;5,65;6,61;6,84;0,20;5,59;3,67;259;24;5
"c5-32-44";"filipulm";6,00;4;2;10;3;6,01;5,86;6,42;6,79;0,17;5,52;3,48;110;9;4
"c5-33-12";"filipulm";6,00;5;3;10;3;6,15;5,93;6,15;6,53;0,15;5,38;3,57;96;4;4
"c5-33-13";"molincae";10,00;3;1;11;12;5,43;5,53;6,42;6,87;0,24;5,54;3,49;199;15;5
"c5-33-14";"molincae";10,00;3;1;11;12;5,42;5,53;6,20;6,85;0,23;5,62;3,43;236;18;5
"c5-33-22";"molincae";9,00;4;2;4;4;5,50;5,33;5,09;6,61;0,19;5,69;3,35;153;19;5
"c5-33-23";"molincae";9,00;4;2;4;4;5,17;5,06;5,07;6,60;0,17;5,58;3,42;120;13;5
"c5-33-31";"molincae";10,00;3;1;11;12;5,73;5,96;6,27;6,92;0,18;5,66;3,69;230;20;5
"c5-33-32";"molincae";10,00;3;1;11;12;5,68;5,70;6,37;6,90;0,22;5,64;3,57;209;21;5
"c5-33-33";"molincae";9,00;4;2;4;4;5,61;5,53;6,04;6,94;0,26;5,66;3,49;142;9;5
"c5-33-34";"molincae";8,00;3;1;13;14;5,70;5,53;5,79;6,79;0,17;5,65;3,50;192;20;5
"c5-33-41";"molincae";10,00;3;1;11;12;5,28;5,59;6,46;6,94;0,22;5,56;3,61;199;11;5
"c5-33-42";"molincae";10,00;3;1;11;12;5,65;5,69;6,59;6,85;0,18;5,60;3,62;185;14;5
"c5-34-13";"molincae";10,00;3;1;11;12;5,80;5,58;6,34;6,79;0,20;5,59;3,51;194;14;5
"c5-34-14";"filipulm";7,00;3;1;11;9;5,54;5,82;6,09;6,77;0,18;5,68;3,52;304;37;4
"c5-34-21";"molincae";9,00;4;2;4;4;6,39;6,06;6,07;6,80;0,29;5,68;3,68;92;8;5
"c5-34-22";"molincae";10,00;3;1;11;12;5,42;5,71;6,73;6,57;0,19;5,54;3,56;269;24;5
"c5-34-23";"filipulm";7,00;2;6;3;9;5,79;5,97;6,01;6,82;0,19;5,73;3,63;239;31;4
"c5-34-24";"molincae";11,00;3;1;9;8;4,71;4,93;6,27;6,94;0,14;5,50;3,39;183;8;5
"c5-34-31";"molincae";10,00;3;1;11;12;5,40;5,63;6,03;6,86;0,18;5,63;3,56;249;23;5
"c5-34-32";"molincae";8,00;3;1;11;14;5,35;5,46;6,00;6,86;0,20;5,61;3,43;232;19;5
"c5-34-41";"molincae";8,00;3;1;13;14;5,52;5,67;5,73;6,93;0,18;5,67;3,57;217;24;5
"c5-34-44";"molincae";10,00;3;1;11;12;5,06;5,13;6,09;6,72;0,18;5,58;3,43;209;17;5
"c5-35-11";"molincae";11,00;4;2;9;8;5,63;5,58;7,15;6,72;0,17;5,47;3,65;140;5;5
"c5-35-13";"molincae";10,00;3;1;11;12;5,25;5,50;6,10;6,71;0,17;5,71;3,51;288;22;5
"c5-35-14";"molincae";11,00;4;2;9;8;5,42;5,28;6,58;6,70;0,15;5,57;3,51;146;12;5
"c5-35-24";"molincae";8,00;3;1;13;14;5,47;5,59;5,90;6,66;0,14;5,66;3,45;241;22;5
"c5-35-32";"molincae";11,00;4;2;9;8;4,43;4,82;5,83;6,70;0,13;5,52;3,38;164;10;5
"c5-35-33";"molincae";9,00;4;2;4;4;5,61;5,37;5,75;6,86;0,28;5,63;3,42;114;6;5
"c5-35-43";"molincae";8,00;3;5;13;14;5,45;5,58;5,16;6,93;0,23;5,83;3,45;219;34;5
"c5-36-13";"molincae";8,00;3;5;13;14;5,61;5,78;5,35;6,90;0,19;5,69;3,42;175;18;5
"c5-36-14";"molincae";8,00;3;1;13;14;5,64;5,61;6,50;6,96;0,22;5,71;3,60;172;15;5
"c5-36-22";"molincae";11,00;4;2;9;8;5,18;5,34;7,99;6,98;0,15;5,51;3,49;135;8;5
"c5-36-23";"molincae";10,00;3;1;11;12;5,24;5,50;6,50;6,74;0,18;5,60;3,50;304;22;5
"c5-36-24";"molincae";11,00;4;2;9;8;5,02;4,96;7,08;6,89;0,22;5,57;3,45;146;11;5
"c5-36-31";"molincae";9,00;4;2;4;4;5,37;5,76;5,01;7,00;0,18;5,69;3,70;116;7;5
"c5-36-34";"molincae";9,00;4;2;4;4;5,62;5,79;5,39;6,97;0,25;5,73;3,63;132;20;5
"c5-36-41";"molincae";8,00;3;1;13;14;5,46;5,72;5,68;6,78;0,19;5,60;3,57;197;15;5
"c5-37-22";"molincae";10,00;3;1;11;12;5,12;5,44;7,48;6,89;0,17;5,53;3,48;269;13;5
"c5-37-23";"molincae";11,00;4;2;9;8;5,84;5,82;7,35;6,90;0,21;5,48;3,64;94;10;5
"c5-37-24";"molincae";10,00;3;1;11;12;5,24;5,64;6,56;6,80;0,20;5,55;3,57;297;20;5
"c5-38-11";"molincae";10,00;3;1;11;12;5,09;5,06;6,63;6,92;0,21;5,59;3,32;224;14;5
"c5-38-12";"molincae";10,00;3;1;11;12;5,54;5,56;6,53;6,83;0,18;5,67;3,59;228;19;5
"c5-38-13";"molincae";10,00;3;1;11;12;5,26;5,57;6,68;6,89;0,20;5,55;3,54;231;19;5
"c5-38-21";"molincae";8,00;4;2;13;14;5,50;5,48;6,02;6,77;0,24;5,64;3,58;149;15;5
"c5-38-31";"molincae";9,00;4;4;4;4;6,18;5,90;5,68;6,85;0,31;5,70;3,63;97;10;5
"c5-38-32";"molincae";9,00;4;2;4;4;5,83;5,58;5,56;6,89;0,26;5,75;3,65;129;17;5
"c5-38-33";"molincae";9,00;4;2;4;4;6,13;5,59;5,36;6,92;0,29;5,64;3,54;104;10;5
"c5-38-34";"molincae";9,00;4;2;4;4;5,67;5,61;5,48;6,90;0,30;5,72;3,56;108;11;5
"c5-41-21";"filipulm";7,00;2;6;3;9;5,89;5,99;6,40;6,72;0,18;5,64;3,62;221;21;4
"c5-41-22";"filipulm";7,00;2;6;3;9;5,78;6,07;5,85;6,87;0,19;5,72;3,67;241;30;4
"c5-41-23";"filipulm";6,00;4;2;6;3;6,01;6,13;6,25;6,93;0,16;5,57;3,77;106;6;4
"c5-41-24";"molincae";10,00;3;1;11;12;5,36;5,59;6,46;6,73;0,15;5,67;3,60;325;31;5
"c5-41-32";"filipulm";5,00;6;4;6;7;5,98;6,15;5,82;6,92;0,25;5,76;3,69;148;22;4
"c5-41-33";"primuela";17,00;5;3;10;16;6,04;6,19;5,68;6,62;0,26;5,45;3,61;104;1;8
"c5-41-34";"filipulm";5,00;2;5;2;7;5,86;6,12;5,67;6,90;0,26;5,81;3,62;176;30;4
"c5-41-41";"filipulm";7,00;2;6;3;9;5,79;6,20;6,05;6,93;0,21;5,75;3,69;262;40;4
"c5-41-42";"molincae";8,00;3;1;13;14;5,37;5,55;5,63;6,81;0,16;5,69;3,57;231;27;5
"c5-41-43";"filipulm";6,00;3;6;6;3;5,84;6,18;6,45;7,04;0,17;5,60;3,68;162;17;4
"c5-41-44";"filipulm";7,00;3;6;3;9;5,68;5,80;6,02;6,75;0,17;5,71;3,65;234;36;4
"c5-42-11";"filipulm";7,00;3;6;3;9;5,62;6,03;6,30;6,90;0,17;5,71;3,74;264;35;4
"c5-42-12";"molincae";10,00;3;1;11;12;5,38;5,56;6,38;6,73;0,18;5,61;3,56;273;26;5
"c5-42-13";"molincae";10,00;3;1;11;12;5,36;5,51;6,63;6,74;0,16;5,60;3,58;265;24;5
"c5-42-14";"molincae";11,00;4;2;9;8;5,63;5,51;6,19;6,94;0,26;5,54;3,70;98;9;5
"c5-42-21";"molincae";11,00;4;2;4;8;4,88;4,84;6,01;7,04;0,17;5,54;3,51;165;10;5
"c5-42-22";"molincae";10,00;3;1;11;12;5,10;5,14;5,77;6,64;0,17;5,58;3,44;217;14;5
"c5-42-23";"molincae";8,00;3;1;13;14;5,31;5,49;5,58;6,63;0,17;5,67;3,51;250;22;5
"c5-42-24";"molincae";11,00;4;2;9;8;5,36;5,18;6,28;6,33;0,21;5,47;3,48;157;6;5
"c5-42-31";"molincae";8,00;3;1;13;14;5,55;5,66;5,78;6,62;0,16;5,63;3,46;249;25;5
"c5-42-33";"filipulm";7,00;3;6;3;9;5,74;5,99;6,04;6,79;0,21;5,62;3,56;246;30;4
"c5-42-34";"molincae";10,00;3;1;11;12;5,81;5,97;6,70;6,78;0,22;5,66;3,62;225;18;5
"c5-42-43";"filipulm";6,00;3;1;11;3;5,61;5,83;6,33;6,57;0,17;5,58;3,47;192;14;4
"c5-42-44";"molincae";8,00;3;1;13;14;5,84;5,53;6,11;6,51;0,21;5,53;3,52;164;11;5
"c5-43-13";"filipulm";6,00;4;2;9;3;5,52;5,40;6,31;6,49;0,15;5,50;3,58;149;8;4
"c5-43-22";"molincae";10,00;3;1;13;12;5,38;5,36;6,04;6,64;0,16;5,50;3,42;182;8;5
"c5-43-24";"molincae";9,00;4;2;4;4;5,61;5,07;5,49;6,68;0,24;5,65;3,42;93;7;5
"c5-43-32";"molincae";9,00;4;2;4;4;5,56;5,35;5,70;6,62;0,20;5,63;3,57;125;6;5
"c5-43-33";"filipulm";6,00;4;2;6;3;6,15;5,90;6,27;6,82;0,20;5,56;3,60;118;10;4
"c5-43-34";"molincae";10,00;3;1;11;12;5,63;5,55;6,52;6,80;0,25;5,55;3,58;180;15;5
"c5-43-42";"molincae";11,00;4;2;9;8;5,37;4,98;5,90;6,48;0,25;5,38;3,31;101;6;5
"c5-43-44";"molincae";9,00;4;2;4;4;5,24;5,23;5,75;6,51;0,19;5,49;3,23;122;8;5
"c5-44-12";"molincae";9,00;4;2;4;4;5,69;5,51;5,96;6,71;0,19;5,63;3,53;138;15;5
"c5-44-21";"molincae";8,00;3;1;13;14;5,92;5,72;5,99;6,75;0,21;5,62;3,61;159;17;5
"c5-44-22";"molincae";8,00;3;1;13;14;5,79;5,43;5,67;6,57;0,23;5,64;3,51;159;25;5
"c5-44-23";"filipulm";6,00;4;2;6;3;5,75;5,55;6,61;6,78;0,29;5,59;3,63;140;10;4
"c5-44-24";"molincae";8,00;4;2;13;14;5,86;5,45;5,74;6,61;0,14;5,65;3,57;152;23;5
"c5-44-32";"molincae";9,00;4;2;4;4;5,48;5,01;5,81;6,47;0,23;5,51;3,37;125;10;5
"c5-44-43";"molincae";9,00;4;4;4;4;5,93;5,69;5,12;6,95;0,27;5,63;3,52;101;9;5
"c5-45-11";"molincae";9,00;4;2;4;4;5,09;5,00;6,32;7,04;0,24;5,61;3,27;127;7;5
"c5-45-12";"molincae";8,00;3;5;13;14;5,82;5,58;5,59;6,91;0,20;5,75;3,49;181;24;5
"c5-45-21";"buddldav";13,00;6;4;4;17;5,80;5,53;5,29;7,01;0,24;5,80;3,52;137;20;6
"c5-45-23";"molincae";9,00;6;4;4;4;5,95;5,58;5,25;6,87;0,24;5,69;3,53;138;23;5
"c5-45-24";"molincae";9,00;6;4;4;4;5,89;5,85;5,62;6,88;0,20;5,68;3,59;127;14;5
"c5-45-42";"molincae";9,00;4;2;4;4;5,84;5,76;5,53;6,60;0,22;5,65;3,50;143;13;5
"c5-45-44";"molincae";9,00;4;2;4;4;5,76;5,57;5,54;6,80;0,24;5,70;3,47;128;11;5
"c5-46-11";"molincae";9,00;4;2;4;4;5,73;5,65;5,41;6,81;0,31;5,67;3,65;128;16;5
"c5-46-13";"molincae";9,00;4;4;4;4;5,90;5,70;5,29;6,71;0,17;5,74;3,54;128;18;5
"c5-46-14";"molincae";8,00;3;5;13;14;5,55;5,51;5,22;6,74;0,15;5,74;3,52;213;22;5
"c5-46-21";"molincae";9,00;4;2;4;4;5,38;5,51;5,49;6,81;0,26;5,60;3,53;127;14;5
"c5-46-22";"molincae";9,00;4;2;4;4;5,55;5,27;5,65;6,83;0,20;5,62;3,46;144;15;5
"c5-46-23";"molincae";9,00;4;2;4;4;5,81;5,76;5,14;6,74;0,28;5,65;3,63;122;13;5
"c5-46-24";"molincae";9,00;4;2;4;4;5,52;5,25;5,21;6,55;0,20;5,69;3,50;127;16;5
"c5-46-31";"molincae";9,00;4;2;4;4;5,91;5,62;5,55;6,66;0,17;5,72;3,48;133;17;5
"c5-46-32";"molincae";9,00;4;2;4;4;5,78;5,70;5,16;6,73;0,20;5,68;3,51;120;16;5
"c5-46-33";"molincae";9,00;4;2;4;4;5,66;5,53;5,15;6,71;0,24;5,71;3,59;140;16;5
"c5-46-34";"molincae";9,00;4;2;4;4;5,59;5,26;5,18;6,60;0,18;5,69;3,59;151;20;5
"c5-46-41";"molincae";9,00;4;2;13;4;5,63;5,51;5,41;6,69;0,23;5,62;3,48;156;17;5
"c5-46-42";"molincae";8,00;4;2;4;14;5,00;5,05;5,05;6,88;0,23;5,71;3,48;167;20;5
"c5-46-43";"molincae";9,00;4;2;4;4;5,34;4,90;5,20;6,52;0,23;5,52;3,32;106;8;5
"c5-47-13";"molincae";8,00;3;1;13;14;5,59;5,45;5,50;6,71;0,23;5,71;3,41;187;25;5
"c5-47-14";"molincae";9,00;4;2;4;4;5,89;5,75;5,21;6,71;0,25;5,58;3,55;97;13;5
"c5-47-23";"molincae";9,00;4;2;4;4;5,60;5,48;5,57;6,79;0,16;5,61;3,54;148;9;5
"c5-47-24";"molincae";9,00;4;4;4;4;6,01;5,74;5,55;6,69;0,25;5,60;3,48;116;12;5
"c5-47-31";"molincae";9,00;4;2;4;4;5,57;5,22;5,52;6,60;0,18;5,56;3,40;138;13;5
"c5-47-32";"molincae";9,00;4;2;4;4;5,83;5,77;5,39;6,73;0,20;5,66;3,64;149;15;5
"c5-47-33";"molincae";9,00;4;2;4;4;5,79;5,39;5,42;6,59;0,20;5,64;3,48;135;17;5
"c5-47-34";"molincae";9,00;4;2;4;4;6,08;5,87;5,26;6,68;0,22;5,62;3,51;103;10;5
"c5-47-41";"molincae";9,00;4;2;4;4;5,52;5,82;5,31;6,83;0,20;5,60;3,67;128;11;5
"c5-47-44";"molincae";8,00;3;1;13;14;5,72;5,81;6,18;6,83;0,21;5,63;3,52;208;24;5
"c5-48-31";"molincae";8,00;3;1;13;14;5,74;5,70;5,90;6,91;0,25;5,68;3,52;196;23;5
"c5-48-32";"molincae";9,00;4;2;4;4;5,69;5,29;5,44;6,77;0,28;5,68;3,56;124;13;5
"c5-48-33";"molincae";8,00;3;1;13;14;5,59;5,66;5,83;6,83;0,22;5,61;3,55;204;24;5
"c5-48-34";"molincae";8,00;3;1;11;14;5,51;5,69;5,94;6,86;0,21;5,61;3,59;221;15;5
"c5-48-41";"molincae";9,00;4;2;4;4;6,05;5,94;5,58;6,86;0,24;5,56;3,59;95;11;5
"c5-48-43";"molincae";9,00;4;2;4;4;5,81;5,73;5,66;6,87;0,25;5,60;3,57;118;14;5
"c5-48-44";"molincae";10,00;3;1;11;12;5,65;5,67;6,13;6,78;0,22;5,57;3,51;216;15;5
"c5-51-12";"filipulm";5,00;2;6;3;7;5,92;6,29;6,01;6,87;0,20;5,67;3,60;204;26;4
"c5-51-13";"filipulm";5,00;2;6;6;7;6,18;6,42;6,41;6,95;0,25;5,67;3,71;171;21;4
"c5-51-14";"filipulm";6,00;6;4;6;3;6,02;6,16;6,05;6,91;0,25;5,62;3,56;130;12;4
"c5-51-21";"buddldav";12,00;2;6;2;2;5,97;6,15;5,85;6,77;0,19;5,75;3,70;247;43;6
"c5-51-23";"filipulm";5,00;2;6;6;7;5,98;5,99;6,09;6,91;0,21;5,69;3,64;190;15;4
"c5-51-24";"filipulm";7,00;2;6;3;9;5,96;6,29;5,72;6,78;0,19;5,70;3,61;214;20;4
"c5-51-31";"loliumul";4,00;6;4;5;11;6,16;6,26;5,45;7,05;0,26;5,75;3,54;121;14;3
"c5-51-32";"filipulm";6,00;6;4;6;3;6,10;6,08;5,90;6,74;0,23;5,62;3,51;145;13;4
"c5-51-44";"primuela";16,00;1;8;13;5;5,94;5,71;5,82;6,39;0,19;5,61;3,52;204;28;8
"c5-52-12";"filipulm";7,00;2;6;3;9;5,79;6,03;6,22;6,73;0,20;5,65;3,63;254;18;4
"c5-52-13";"filipulm";6,00;5;3;10;3;5,70;5,98;5,88;6,59;0,25;5,57;3,31;146;7;4
"c5-52-21";"filipulm";7,00;2;6;3;9;6,02;6,00;6,27;6,86;0,24;5,65;3,62;210;23;4
"c5-52-22";"molincae";11,00;4;2;9;8;5,45;5,59;6,59;6,98;0,28;5,48;3,71;127;7;5
"c5-52-31";"filipulm";5,00;6;4;6;7;6,03;6,10;6,06;6,88;0,32;5,72;3,64;164;21;4
"c5-52-41";"molincae";9,00;4;2;13;4;5,63;5,74;5,64;6,60;0,18;5,68;3,59;152;11;5
"c5-53-12";"molincae";8,00;3;1;13;14;5,77;5,85;6,14;6,70;0,18;5,48;3,61;174;10;5
"c5-53-14";"filipulm";7,00;3;6;3;9;5,68;5,93;6,21;6,81;0,20;5,64;3,58;236;19;4
"c5-53-21";"molincae";8,00;3;1;13;14;5,67;5,60;6,00;6,66;0,21;5,59;3,50;215;15;5
"c5-53-22";"molincae";10,00;3;1;11;12;5,59;5,65;6,57;6,85;0,20;5,58;3,64;181;12;5
"c5-53-23";"molincae";10,00;3;1;11;12;5,63;5,68;6,10;6,53;0,19;5,59;3,57;235;19;5
"c5-53-33";"loliumul";4,00;6;4;6;11;6,02;6,00;5,65;6,91;0,30;5,74;3,53;124;14;3
"c5-53-34";"filipulm";5,00;6;4;6;7;6,21;6,03;5,63;6,93;0,27;5,73;3,68;142;22;4
"c5-53-42";"molincae";9,00;4;2;4;4;5,80;5,33;5,43;6,64;0,19;5,60;3,43;102;14;5
"c5-54-11";"molincae";10,00;3;1;11;12;5,34;5,47;6,21;6,69;0,19;5,54;3,49;214;17;5
"c5-54-12";"molincae";8,00;3;1;13;14;5,84;5,44;6,03;6,44;0,14;5,56;3,43;158;18;5
"c5-54-21";"molincae";10,00;3;1;11;12;5,49;5,55;6,49;6,50;0,11;5,57;3,49;263;22;5
"c5-54-22";"molincae";8,00;3;1;13;14;5,64;5,26;6,31;6,74;0,25;5,59;3,45;159;14;5
"c5-54-33";"molincae";11,00;5;3;9;8;5,70;5,34;6,25;6,02;0,08;5,47;3,38;117;7;5
"c5-55-11";"molincae";9,00;4;2;4;4;6,00;5,64;5,85;6,85;0,26;5,67;3,62;127;9;5
"c5-55-12";"molincae";9,00;4;2;4;4;5,67;5,30;5,66;6,78;0,30;5,67;3,47;112;15;5
"c5-55-13";"molincae";9,00;4;2;4;4;5,80;5,51;5,44;6,73;0,25;5,64;3,46;109;9;5
"c5-55-14";"molincae";9,00;4;2;4;4;5,56;5,22;5,45;6,75;0,21;5,65;3,56;135;8;5
"c5-55-21";"molincae";9,00;4;2;4;4;5,85;5,61;5,57;6,76;0,21;5,68;3,63;115;14;5
"c5-55-22";"molincae";9,00;4;4;4;4;5,74;5,62;5,15;6,90;0,31;5,72;3,62;106;13;5
"c5-55-23";"molincae";9,00;4;2;4;4;5,68;5,54;5,64;6,74;0,23;5,67;3,64;124;8;5
"c5-55-24";"molincae";9,00;4;2;4;4;5,68;5,63;5,62;6,80;0,21;5,63;3,61;135;13;5
"c5-55-31";"molincae";9,00;4;2;4;4;5,89;5,59;5,72;6,81;0,31;5,66;3,56;127;11;5
"c5-55-32";"filipulm";5,00;2;5;2;7;5,93;6,22;5,88;7,05;0,35;5,77;3,63;196;20;4
"c5-55-33";"molincae";9,00;4;2;4;4;5,87;5,49;5,47;6,69;0,22;5,69;3,53;131;14;5
"c5-55-34";"molincae";9,00;4;4;4;4;5,80;5,48;5,36;6,89;0,25;5,72;3,55;104;11;5
"c5-55-41";"molincae";9,00;4;2;4;4;5,82;5,50;5,61;6,83;0,27;5,62;3,43;114;12;5
"c5-55-42";"molincae";8,00;3;1;13;14;5,45;5,53;5,80;6,74;0,19;5,70;3,56;235;22;5
"c5-55-43";"molincae";9,00;4;2;4;4;5,66;5,59;5,49;6,78;0,25;5,62;3,54;124;11;5
"c5-55-44";"molincae";8,00;3;1;13;14;5,34;5,48;5,58;6,60;0,20;5,64;3,48;192;16;5
"c5-56-12";"molincae";9,00;4;2;4;4;5,68;5,30;5,30;6,61;0,23;5,67;3,41;131;11;5
"c5-56-13";"molincae";9,00;4;2;4;4;5,81;5,59;5,49;6,76;0,28;5,62;3,43;123;8;5
"c5-56-14";"molincae";9,00;4;2;4;4;5,59;5,40;5,21;6,82;0,27;5,73;3,44;105;8;5
"c5-56-23";"molincae";9,00;4;2;4;4;5,84;5,63;5,53;6,86;0,28;5,71;3,63;128;18;5
"c5-56-24";"molincae";8,00;3;1;13;14;5,78;5,53;5,56;6,64;0,20;5,65;3,48;183;25;5
"c5-56-31";"molincae";8,00;3;1;13;14;5,81;5,56;5,93;6,71;0,20;5,62;3,50;176;15;5
"c5-56-41";"molincae";9,00;4;4;4;4;5,97;5,84;5,44;6,88;0,17;5,65;3,65;130;11;5
"c5-56-42";"molincae";8,00;3;1;13;14;5,76;5,75;5,81;6,63;0,24;5,57;3,50;162;13;5
"c5-56-43";"molincae";9,00;4;2;4;4;5,66;5,76;5,81;6,88;0,25;5,69;3,59;149;11;5
"c5-56-44";"molincae";8,00;3;1;13;14;5,65;5,45;5,56;6,77;0,22;5,66;3,46;170;23;5
"c5-57-11";"molincae";9,00;4;2;4;4;5,47;5,28;5,41;6,76;0,22;5,68;3,62;125;10;5
"c5-57-13";"molincae";8,00;3;1;13;14;5,65;5,67;6,01;6,68;0,19;5,61;3,50;179;15;5
"c5-57-14";"molincae";9,00;4;2;4;4;5,88;5,53;5,69;6,59;0,20;5,63;3,50;134;13;5
"c5-57-21";"molincae";9,00;4;2;4;4;5,57;5,34;5,43;6,72;0,25;5,64;3,43;144;10;5
"c5-57-23";"molincae";9,00;4;4;4;4;5,83;5,57;5,44;6,93;0,25;5,73;3,58;108;10;5
"c5-57-24";"molincae";9,00;4;2;4;4;5,61;5,39;5,44;6,55;0,26;5,71;3,43;117;7;5
"c5-57-31";"molincae";8,00;4;2;13;14;5,61;5,42;5,64;6,81;0,19;5,68;3,62;163;13;5
"c5-57-32";"molincae";10,00;3;1;11;12;5,69;5,74;6,07;6,59;0,19;5,64;3,54;243;28;5
"c5-57-33";"molincae";9,00;4;2;4;4;5,53;5,33;5,51;6,70;0,20;5,68;3,60;156;10;5
"c5-57-34";"molincae";9,00;4;2;13;4;5,56;5,43;5,34;6,61;0,18;5,65;3,47;162;12;5
"c5-57-41";"molincae";9,00;4;2;4;4;5,79;5,68;5,45;6,45;0,20;5,63;3,61;118;11;5
"c5-57-42";"molincae";9,00;4;2;4;4;5,45;5,27;5,30;6,59;0,20;5,60;3,60;139;8;5
"c5-57-43";"molincae";9,00;4;2;4;4;5,37;5,23;5,12;6,59;0,20;5,73;3,47;149;12;5
"c5-57-44";"molincae";8,00;3;1;13;14;5,64;5,48;5,81;6,67;0,25;5,57;3,43;167;9;5
"c5-58-11";"molincae";8,00;3;1;13;14;5,77;5,55;5,97;6,76;0,26;5,64;3,56;183;21;5
"c5-58-12";"molincae";8,00;3;2;13;14;5,74;5,71;5,59;6,68;0,24;5,66;3,56;165;21;5
"c5-58-13";"molincae";9,00;4;2;4;4;5,64;5,47;5,22;6,93;0,24;5,73;3,57;156;10;5
"c5-58-14";"molincae";8,00;3;1;13;14;5,64;5,61;6,03;6,78;0,22;5,63;3,54;207;15;5
"c5-58-21";"molincae";9,00;4;2;4;4;5,87;5,77;5,84;6,84;0,14;5,61;3,57;134;17;5
"c5-58-22";"molincae";10,00;3;1;11;12;5,66;5,79;6,52;6,86;0,21;5,63;3,65;218;20;5
"c5-58-23";"molincae";8,00;3;1;13;14;5,82;5,77;5,97;6,80;0,26;5,61;3,66;155;15;5
"c5-58-24";"molincae";10,00;3;1;11;12;5,51;5,73;6,52;6,85;0,21;5,62;3,60;254;21;5
"c5-58-31";"molincae";8,00;3;1;13;14;5,68;5,67;6,23;6,76;0,19;5,57;3,55;180;10;5
"c5-58-32";"molincae";9,00;4;2;4;4;6,00;5,69;5,58;6,73;0,18;5,72;3,66;123;16;5
"c5-58-33";"filipulm";6,00;3;1;9;3;5,67;5,84;6,75;6,72;0,23;5,50;3,62;170;6;4
"c5-58-34";"molincae";10,00;3;1;11;12;5,45;5,58;6,71;6,76;0,19;5,59;3,50;225;11;5
"c5-58-41";"molincae";8,00;3;1;13;14;5,88;5,81;6,28;6,77;0,22;5,64;3,61;161;15;5
"c5-58-42";"molincae";10,00;3;1;11;12;5,68;5,74;6,34;6,76;0,15;5,66;3,64;284;26;5
"c5-58-43";"molincae";11,00;4;2;9;8;5,40;5,57;7,56;7,00;0,28;5,50;3,68;109;5;5
"c6-11-11";"molincae";9,00;4;2;4;4;5,12;4,83;6,16;7,03;0,25;5,60;3,43;98;7;5
"c6-11-12";"molincae";9,00;4;2;4;4;5,47;4,89;6,53;6,87;0,21;5,52;3,37;115;6;5
"c6-11-14";"molincae";10,00;3;1;11;12;5,25;5,31;6,44;6,84;0,24;5,59;3,51;213;10;5
"c6-11-21";"molincae";9,00;4;2;4;4;4,94;4,83;6,03;6,95;0,25;5,61;3,49;101;6;5
"c6-11-22";"molincae";9,00;4;2;4;4;4,98;4,68;5,71;6,95;0,23;5,45;3,21;109;7;5
"c6-11-31";"molincae";9,00;4;2;4;4;5,50;5,32;6,43;6,84;0,25;5,62;3,52;150;15;5
"c6-11-32";"molincae";11,00;4;2;9;8;5,14;5,27;7,14;6,99;0,27;5,54;3,48;170;9;5
"c6-11-33";"molincae";11,00;4;2;9;8;5,65;5,58;7,34;6,95;0,25;5,58;3,56;146;11;5
"c6-11-34";"molincae";10,00;3;1;11;12;5,45;5,60;6,63;6,97;0,21;5,62;3,52;216;19;5
"c6-11-41";"molincae";10,00;3;1;11;12;5,28;5,25;6,78;6,92;0,23;5,61;3,48;203;12;5
"c6-11-42";"molincae";11,00;4;2;9;8;4,85;4,79;7,41;6,84;0,19;5,39;3,42;104;4;5
"c6-11-43";"molincae";10,00;3;1;11;12;4,74;4,98;6,96;7,07;0,23;5,48;3,37;268;11;5
"c6-11-44";"molincae";10,00;3;1;11;12;5,49;5,53;6,66;6,83;0,22;5,59;3,57;223;19;5
"c6-12-11";"molincae";8,00;3;1;13;14;5,86;5,79;5,88;6,74;0,27;5,59;3,57;163;18;5
"c6-12-12";"molincae";8,00;3;1;13;14;5,93;5,80;6,12;6,72;0,19;5,55;3,55;170;15;5
"c6-12-21";"buddldav";13,00;6;4;6;17;6,06;6,00;5,48;6,92;0,27;5,86;3,73;146;35;6
"c6-12-33";"molincae";11,00;4;2;9;8;5,73;5,62;7,38;6,87;0,24;5,61;3,74;119;14;5
"c6-12-41";"molincae";8,00;3;1;13;14;5,79;5,72;6,45;6,86;0,25;5,63;3,59;160;13;5
"c6-13-11";"molincae";8,00;4;2;13;14;5,40;5,43;5,67;6,48;0,19;5,59;3,53;161;17;5
"c6-13-12";"molincae";11,00;4;2;9;8;5,44;5,46;6,83;6,78;0,23;5,63;3,71;162;15;5
"c6-13-14";"molincae";8,00;4;2;4;14;5,52;5,51;6,33;6,89;0,19;5,64;3,70;166;13;5
"c6-13-21";"molincae";11,00;4;2;9;8;5,42;5,30;6,13;6,97;0,22;5,58;3,51;112;8;5
"c6-13-24";"molincae";11,00;4;2;9;8;5,23;5,09;6,94;6,74;0,25;5,48;3,33;127;13;5
"c6-13-32";"molincae";11,00;4;2;9;8;6,02;5,98;6,65;6,76;0,23;5,60;3,71;92;8;5
"c6-13-33";"molincae";8,00;3;1;13;14;5,83;5,80;5,98;6,82;0,21;5,75;3,57;180;40;5
"c6-13-42";"molincae";8,00;3;1;13;14;5,38;5,36;6,47;6,87;0,20;5,59;3,34;182;17;5
"c6-13-43";"molincae";9,00;4;2;4;4;5,32;5,17;5,87;7,00;0,23;5,60;3,44;95;9;5
"c6-13-44";"molincae";10,00;3;1;11;12;5,38;5,46;6,21;6,88;0,19;5,64;3,44;212;18;5
"c6-14-12";"molincae";9,00;4;2;4;4;6,02;5,65;5,91;6,60;0,22;5,60;3,54;140;16;5
"c6-14-13";"molincae";8,00;3;1;13;14;5,53;5,39;6,27;6,71;0,19;5,60;3,34;195;16;5
"c6-14-14";"molincae";9,00;4;2;4;4;5,74;5,40;6,21;6,74;0,20;5,53;3,52;131;9;5
"c6-14-32";"molincae";10,00;3;1;11;12;5,06;5,18;6,83;6,93;0,23;5,60;3,52;210;20;5
"c6-14-34";"molincae";10,00;3;1;11;12;5,04;5,49;6,93;6,82;0,18;5,58;3,42;314;25;5
"c6-14-42";"molincae";11,00;4;2;9;8;5,26;5,92;6,00;6,94;0,17;5,67;3,69;110;12;5
"c6-14-43";"molincae";11,00;3;1;9;8;5,60;5,62;6,70;6,76;0,17;5,58;3,52;174;18;5
"c6-14-44";"molincae";11,00;4;2;9;8;5,86;5,84;6,86;6,72;0,27;5,59;3,60;102;7;5
"c6-15-14";"molincae";9,00;4;2;4;4;5,59;5,35;6,02;6,93;0,23;5,64;3,65;101;7;5
"c6-15-43";"molincae";9,00;4;2;4;4;5,29;5,41;4,97;7,12;0,29;5,75;3,47;120;10;5
"c6-16-13";"molincae";9,00;4;2;4;4;5,35;5,58;5,92;6,96;0,22;5,62;3,53;131;10;5
"c6-16-14";"molincae";8,00;3;1;13;14;5,64;5,46;5,76;6,95;0,19;5,67;3,55;194;13;5
"c6-16-22";"molincae";9,00;4;2;4;4;5,92;5,72;6,23;6,74;0,26;5,65;3,65;138;11;5
"c6-16-24";"molincae";8,00;3;1;13;14;5,65;5,66;5,94;6,74;0,13;5,62;3,63;175;19;5
"c6-16-31";"molincae";8,00;4;2;4;14;5,41;5,35;6,11;7,01;0,21;5,66;3,52;163;16;5
"c6-16-42";"molincae";11,00;4;2;9;8;5,27;5,37;6,24;6,81;0,20;5,46;3,45;110;4;5
"c6-17-11";"filipulm";6,00;3;1;9;3;5,77;6,19;6,80;6,81;0,18;5,54;3,54;186;12;4
"c6-17-12";"filipulm";6,00;3;1;9;3;5,76;6,27;6,74;6,82;0,17;5,55;3,60;201;17;4
"c6-17-22";"molincae";11,00;4;2;9;8;5,79;6,22;7,39;7,06;0,25;5,55;3,55;109;2;5
"c6-17-23";"molincae";11,00;4;2;9;8;5,46;5,89;6,27;6,79;0,22;5,44;3,36;124;2;5
"c6-17-24";"molincae";11,00;4;2;9;8;5,92;5,96;6,62;6,80;0,18;5,52;3,55;105;3;5
"c6-17-31";"molincae";11,00;4;2;9;8;5,77;5,79;6,41;6,83;0,24;5,51;3,56;104;6;5
"c6-18-11";"molincae";10,00;3;1;11;12;5,49;5,68;6,35;6,81;0,21;5,68;3,52;255;27;5
"c6-18-12";"molincae";10,00;3;1;11;12;4,77;5,33;7,36;7,09;0,23;5,55;3,41;253;11;5
"c6-18-13";"molincae";11,00;4;2;9;8;5,16;5,51;7,58;7,00;0,24;5,49;3,48;131;6;5
"c6-18-14";"molincae";11,00;4;2;9;8;5,20;5,68;7,52;6,74;0,16;5,41;3,52;124;3;5
"c6-18-21";"molincae";11,00;4;2;9;8;5,10;5,00;6,29;6,97;0,27;5,55;3,64;96;7;5
"c6-18-22";"molincae";11,00;4;2;9;8;5,33;5,29;6,15;6,79;0,19;5,68;3,43;159;6;5
"c6-18-32";"molincae";11,00;4;2;9;8;5,59;5,53;6,98;6,80;0,22;5,54;3,47;116;3;5
"c6-18-34";"filipulm";6,00;5;3;9;3;5,79;6,03;6,63;6,54;0,16;5,48;3,39;153;17;4
"c6-18-44";"molincae";8,00;4;2;4;14;5,20;5,72;5,42;6,87;0,18;5,66;3,62;171;17;5
"c6-21-12";"molincae";11,00;4;2;4;8;5,18;4,88;6,36;6,93;0,20;5,59;3,50;136;11;5
"c6-21-14";"molincae";8,00;3;1;13;14;5,60;5,53;6,24;6,82;0,21;5,57;3,66;172;13;5
"c6-21-21";"molincae";10,00;3;1;11;12;5,07;5,07;6,99;6,72;0,22;5,44;3,24;216;10;5
"c6-21-22";"molincae";11,00;4;2;9;8;4,93;4,98;6,37;6,61;0,11;5,54;3,50;97;4;5
"c6-21-23";"molincae";11,00;4;2;9;8;5,61;5,44;6,97;6,81;0,20;5,53;3,58;162;10;5
"c6-21-24";"molincae";11,00;3;1;9;8;4,86;5,04;6,62;6,82;0,21;5,56;3,37;182;13;5
"c6-21-33";"molincae";11,00;4;2;9;8;5,10;5,41;6,33;7,31;0,20;5,58;3,57;105;3;5
"c6-21-34";"molincae";10,00;3;1;11;12;5,38;5,45;6,69;6,91;0,25;5,56;3,51;184;12;5
"c6-21-41";"molincae";11,00;3;1;9;8;5,37;5,66;6,30;6,80;0,21;5,50;3,49;166;7;5
"c6-22-13";"molincae";9,00;4;2;4;4;5,80;6,03;5,71;6,97;0,17;5,57;3,62;105;7;5
"c6-22-22";"molincae";9,00;4;2;6;4;5,89;6,01;6,12;6,97;0,20;5,73;3,70;134;20;5
"c6-22-23";"molincae";8,00;3;1;11;14;5,47;5,77;5,93;7,04;0,19;5,76;3,61;232;27;5
"c6-22-24";"molincae";8,00;3;1;13;14;5,64;5,86;5,82;7,10;0,21;5,72;3,71;173;25;5
"c6-22-32";"molincae";11,00;4;2;9;8;4,53;4,93;7,55;6,79;0,22;5,43;3,34;107;5;5
"c6-22-42";"molincae";8,00;3;1;13;14;5,63;5,64;5,94;6,79;0,15;5,72;3,63;210;37;5
"c6-23-11";"molincae";8,00;3;5;13;14;5,82;6,06;5,92;7,02;0,21;5,66;3,65;179;25;5
"c6-23-12";"molincae";9,00;4;2;4;4;5,66;5,94;5,97;6,90;0,26;5,66;3,57;107;18;5
"c6-23-13";"molincae";10,00;3;1;11;12;5,46;5,63;6,12;6,98;0,25;5,70;3,61;226;28;5
"c6-23-14";"molincae";8,00;3;1;13;14;5,35;5,27;5,96;7,00;0,23;5,66;3,49;175;20;5
"c6-23-21";"molincae";11,00;4;2;9;8;5,39;5,46;6,18;6,87;0,23;5,65;3,50;113;14;5
"c6-23-22";"molincae";10,00;3;1;11;12;5,46;5,55;6,23;6,91;0,18;5,69;3,57;251;25;5
"c6-23-23";"molincae";10,00;3;1;11;12;5,71;5,86;6,54;6,76;0,19;5,58;3,50;193;10;5
"c6-23-24";"molincae";11,00;4;2;9;8;5,14;5,27;7,43;6,83;0,17;5,53;3,48;121;11;5
"c6-23-31";"molincae";9,00;4;2;4;4;5,75;5,68;5,84;6,87;0,17;5,63;3,48;150;15;5
"c6-23-41";"molincae";10,00;3;1;11;12;4,78;5,05;7,14;6,92;0,17;5,48;3,33;219;20;5
"c6-23-42";"molincae";10,00;3;1;11;12;4,97;5,19;6,97;7,01;0,18;5,54;3,40;269;21;5
"c6-23-44";"molincae";10,00;3;1;11;12;5,23;5,63;5,96;6,86;0,22;5,69;3,52;262;31;5
"c6-24-11";"molincae";10,00;3;1;11;12;5,12;5,57;6,17;6,84;0,17;5,60;3,44;212;13;5
"c6-24-12";"molincae";11,00;4;2;9;8;5,11;5,32;7,34;6,93;0,14;5,46;3,39;139;8;5
"c6-24-21";"molincae";11,00;4;2;9;8;5,86;5,93;6,69;6,74;0,14;5,56;3,54;106;10;5
"c6-24-23";"molincae";9,00;4;2;4;4;5,94;5,77;6,45;7,05;0,29;5,64;3,70;123;13;5
"c6-24-31";"molincae";11,00;4;2;9;8;4,25;4,97;7,66;7,15;0,20;5,39;3,30;168;8;5
"c6-24-42";"molincae";11,00;4;2;9;8;5,52;5,89;7,18;6,74;0,31;5,55;3,36;128;11;5
"c6-24-43";"molincae";8,00;3;1;13;14;5,36;5,53;6,08;6,77;0,22;5,54;3,47;188;17;5
"c6-25-11";"molincae";8,00;3;1;13;14;5,41;5,63;5,79;6,91;0,23;5,71;3,60;207;34;5
"c6-25-21";"molincae";8,00;3;1;13;14;5,39;5,28;5,52;6,96;0,20;5,67;3,42;178;21;5
"c6-25-42";"molincae";8,00;4;5;13;14;5,43;5,60;5,35;7,02;0,22;5,70;3,50;176;22;5
"c6-26-13";"buddldav";13,00;6;5;2;17;5,54;5,62;4,94;7,06;0,27;5,86;3,71;174;42;6
"c6-26-24";"molincae";8,00;3;1;13;14;5,64;5,63;5,53;6,84;0,29;5,68;3,55;197;34;5
"c6-26-32";"buddldav";13,00;4;2;4;17;5,19;5,63;4,79;7,13;0,19;5,75;3,61;146;20;6
"c6-26-41";"molincae";9,00;4;2;4;4;5,13;5,03;5,32;6,87;0,18;5,51;3,49;117;3;5
"c6-26-44";"molincae";9,00;4;2;4;4;4,82;5,01;5,46;6,80;0,23;5,63;3,39;124;8;5
"c6-27-21";"buddldav";12,00;2;5;2;2;5,59;5,75;5,41;7,08;0,25;5,79;3,72;176;36;6
"c6-27-34";"molincae";8,00;3;1;13;14;4,97;5,01;5,90;6,93;0,21;5,63;3,31;209;31;5
"c6-27-42";"molincae";11,00;4;2;9;8;4,72;4,87;6,59;6,66;0,21;5,32;3,35;123;1;5
"c6-27-43";"molincae";11,00;4;2;9;8;4,46;4,84;6,84;6,90;0,18;5,32;3,26;124;2;5
"c6-27-44";"molincae";11,00;4;2;9;8;4,52;4,41;6,64;7,01;0,23;5,26;3,32;117;2;5
"c6-28-12";"molincae";11,00;4;2;9;8;5,86;5,75;6,39;6,52;0,13;5,50;3,47;122;11;5
"c6-28-21";"molincae";8,00;3;5;13;14;5,69;6,12;5,68;6,68;0,17;5,74;3,54;196;29;5
"c6-28-31";"molincae";11,00;4;2;9;8;5,25;4,92;6,09;6,66;0,25;5,42;3,53;116;5;5
"c6-28-41";"molincae";11,00;4;2;9;8;5,21;5,37;6,57;6,65;0,14;5,33;3,52;111;2;5
"c6-28-43";"molincae";11,00;4;2;9;8;5,29;5,13;6,29;6,71;0,26;5,43;3,51;112;3;5
"c6-31-23";"molincae";9,00;4;2;4;4;5,38;5,16;5,60;6,77;0,17;5,66;3,44;134;21;5
"c6-31-34";"molincae";9,00;4;2;4;4;5,94;5,84;6,08;6,81;0,25;5,66;3,66;141;15;5
"c6-31-42";"molincae";10,00;3;1;11;12;5,45;5,50;6,26;6,77;0,18;5,60;3,43;190;22;5
"c6-31-43";"molincae";11,00;4;2;9;8;6,06;6,04;7,10;7,00;0,23;5,53;3,76;106;6;5
"c6-31-44";"molincae";8,00;3;1;13;14;5,80;5,83;6,30;6,83;0,23;5,69;3,63;209;26;5
"c6-32-22";"molincae";9,00;4;2;4;4;5,53;5,37;5,02;6,85;0,21;5,75;3,63;119;18;5
"c6-32-33";"molincae";8,00;3;1;13;14;5,87;5,66;6,13;6,84;0,22;5,63;3,60;176;15;5
"c6-32-42";"molincae";8,00;3;1;13;14;5,75;5,57;5,77;6,88;0,17;5,70;3,62;195;26;5
"c6-32-43";"molincae";9,00;4;2;4;4;5,87;5,52;6,18;6,83;0,25;5,56;3,47;121;13;5
"c6-33-12";"molincae";10,00;3;1;13;12;5,49;5,86;6,20;6,82;0,24;5,62;3,48;209;23;5
"c6-33-21";"molincae";9,00;4;2;4;4;5,34;6,01;5,04;7,10;0,26;5,69;3,68;103;11;5
"c6-33-22";"molincae";8,00;3;1;13;14;5,48;5,76;5,53;6,85;0,19;5,77;3,61;183;32;5
"c6-33-23";"molincae";10,00;3;1;11;12;5,34;5,43;6,26;6,77;0,20;5,64;3,57;176;22;5
"c6-33-31";"molincae";8,00;3;1;13;14;5,63;5,68;5,77;6,86;0,20;5,72;3,63;226;40;5
"c6-33-34";"molincae";8,00;3;1;13;14;5,54;5,31;5,59;6,72;0,16;5,74;3,35;177;27;5
"c6-33-41";"molincae";8,00;3;1;11;14;5,32;5,50;5,99;6,91;0,20;5,63;3,58;195;22;5
"c6-33-44";"molincae";8,00;3;5;13;14;5,45;5,68;5,45;6,82;0,14;5,74;3,54;186;38;5
"c6-34-11";"molincae";9,00;4;2;4;4;5,12;5,49;4,85;6,97;0,19;5,89;3,63;114;19;5
"c6-34-12";"molincae";8,00;3;1;13;14;5,53;5,65;5,65;6,68;0,18;5,69;3,41;171;35;5
"c6-34-23";"molincae";11,00;4;2;9;8;5,46;5,66;6,42;6,93;0,20;5,56;3,58;134;8;5
"c6-34-24";"molincae";8,00;3;1;13;14;5,34;5,39;5,92;6,86;0,18;5,61;3,56;213;31;5
"c6-34-32";"molincae";9,00;4;2;4;4;5,83;5,37;5,36;6,73;0,17;5,74;3,54;148;27;5
"c6-34-33";"buddldav";12,00;2;5;2;2;5,77;5,92;5,13;6,78;0,17;5,75;3,61;207;33;6
"c6-34-34";"molincae";11,00;4;2;9;8;5,58;5,34;7,09;6,84;0,27;5,46;3,73;102;4;5
"c6-34-44";"molincae";10,00;3;1;13;12;5,37;5,31;6,19;6,73;0,15;5,55;3,53;185;22;5
"c6-35-11";"buddldav";12,00;2;5;2;2;5,62;6,04;5,73;7,00;0,27;5,83;3,60;187;40;6
"c6-35-31";"molincae";11,00;4;2;9;8;5,12;4,76;6,54;6,75;0,26;5,43;3,47;103;6;5
"c6-35-32";"molincae";11,00;4;2;9;8;5,28;5,05;7,48;6,75;0,20;5,46;3,42;114;4;5
"c6-35-41";"molincae";11,00;4;2;9;8;5,29;5,27;6,90;6,82;0,20;5,49;3,54;115;9;5
"c6-36-12";"molincae";9,00;4;2;4;4;5,35;5,35;5,50;6,65;0,28;5,62;3,39;132;17;5
"c6-36-14";"molincae";11,00;4;2;9;8;4,46;4,46;6,46;6,84;0,21;5,39;3,35;99;3;5
"c6-36-31";"molincae";9,00;4;2;4;4;5,24;4,98;4,93;6,88;0,24;5,81;3,49;143;25;5
"c6-37-12";"molincae";8,00;3;1;11;14;5,16;5,18;6,08;6,92;0,18;5,59;3,41;219;34;5
"c6-37-23";"molincae";11,00;4;2;9;8;4,36;4,11;6,47;6,78;0,26;5,37;3,10;117;4;5
"c6-37-24";"molincae";10,00;3;1;9;12;4,82;4,80;6,35;6,67;0,15;5,45;3,32;202;5;5
"c6-37-34";"molincae";9,00;4;2;4;4;5,08;4,76;4,79;7,00;0,23;5,66;3,44;97;8;5
"c6-38-11";"molincae";9,00;4;2;4;4;5,35;5,01;5,56;6,67;0,20;5,47;3,36;98;5;5
"c6-38-13";"molincae";9,00;4;2;4;4;4,60;4,43;5,73;6,93;0,26;5,47;3,19;102;6;5
"c6-38-14";"molincae";9,00;4;2;4;4;4,65;4,85;5,23;6,78;0,24;5,47;3,29;110;6;5
"c6-38-21";"molincae";11,00;4;2;9;8;4,23;4,82;6,23;6,79;0,15;5,36;3,34;116;2;5
"c6-38-32";"molincae";11,00;4;2;9;8;4,55;4,75;6,26;6,82;0,13;5,41;3,35;134;7;5
"c6-38-34";"molincae";9,00;4;2;4;4;4,97;5,26;5,08;6,81;0,19;5,57;3,50;151;7;5
"c6-38-41";"molincae";11,00;4;2;9;8;5,31;5,24;6,82;6,57;0,15;5,29;3,49;109;2;5
"c6-38-43";"molincae";11,00;4;1;9;8;4,92;4,90;6,64;6,63;0,14;5,40;3,35;181;4;5
"c6-38-44";"molincae";10,00;3;1;11;12;5,19;5,01;6,01;6,72;0,18;5,46;3,51;180;11;5
"c6-41-14";"filipulm";6,00;4;2;9;3;5,86;6,03;7,35;7,02;0,17;5,55;3,76;146;9;4
"c6-41-23";"molincae";8,00;4;2;4;14;5,24;5,15;6,05;7,09;0,24;5,64;3,54;157;11;5
"c6-41-31";"filipulm";6,00;4;2;6;3;5,99;5,97;7,07;6,92;0,21;5,66;3,86;142;14;4
"c6-41-32";"molincae";10,00;3;1;11;12;5,61;5,51;6,38;6,92;0,21;5,66;3,53;219;19;5
"c6-41-44";"molincae";11,00;4;2;4;8;5,18;4,96;5,97;6,64;0,24;5,59;3,33;159;13;5
"c6-42-12";"molincae";11,00;4;2;9;8;4,39;4,41;6,13;6,79;0,18;5,54;3,50;105;4;5
"c6-42-13";"molincae";10,00;3;1;11;12;5,38;5,41;6,66;6,90;0,17;5,55;3,54;180;10;5
"c6-42-24";"molincae";8,00;3;1;13;14;5,42;5,21;5,49;6,67;0,16;5,74;3,46;208;25;5
"c6-42-31";"molincae";10,00;3;1;11;12;5,45;5,54;6,72;6,89;0,22;5,60;3,55;215;14;5
"c6-42-41";"molincae";11,00;4;2;9;8;5,64;5,35;6,17;6,86;0,23;5,53;3,52;109;6;5
"c6-42-42";"molincae";10,00;3;1;11;12;5,79;5,67;6,59;6,59;0,16;5,54;3,60;187;14;5
"c6-42-43";"molincae";10,00;3;1;11;12;5,59;5,57;6,05;6,70;0,17;5,58;3,60;208;14;5
"c6-43-14";"molincae";10,00;3;1;11;12;5,64;5,55;6,16;6,77;0,19;5,67;3,50;253;27;5
"c6-43-21";"molincae";8,00;3;1;13;14;5,32;5,47;5,69;6,89;0,24;5,69;3,42;206;22;5
"c6-43-23";"molincae";10,00;3;1;11;12;5,59;5,68;6,18;6,84;0,21;5,64;3,55;252;24;5
"c6-43-24";"molincae";10,00;3;1;11;12;5,72;5,61;6,38;6,75;0,20;5,52;3,44;205;11;5
"c6-43-31";"molincae";10,00;3;1;11;12;5,70;5,59;6,37;6,80;0,22;5,56;3,53;234;24;5
"c6-43-43";"molincae";8,00;3;1;13;14;5,68;5,61;5,70;6,68;0,18;5,63;3,43;195;21;5
"c6-44-11";"filipulm";7,00;3;1;13;9;5,56;5,82;5,91;6,76;0,18;5,70;3,64;257;46;4
"c6-44-12";"molincae";10,00;3;1;11;12;5,33;5,62;6,26;6,81;0,19;5,60;3,62;227;17;5
"c6-44-13";"molincae";10,00;3;1;11;12;5,48;5,64;6,90;6,61;0,18;5,47;3,53;222;18;5
"c6-44-14";"molincae";11,00;4;2;9;8;5,68;5,47;7,44;6,72;0,20;5,40;3,32;102;4;5
"c6-44-21";"molincae";11,00;4;2;9;8;5,80;5,76;7,78;6,97;0,17;5,45;3,48;109;5;5
"c6-44-23";"molincae";8,00;3;1;13;14;5,20;5,42;5,68;6,98;0,17;5,66;3,51;219;25;5
"c6-44-31";"molincae";11,00;4;2;9;8;5,19;5,11;6,68;6,88;0,28;5,51;3,60;151;7;5
"c6-44-32";"molincae";11,00;4;2;9;8;4,65;4,61;6,89;6,81;0,25;5,33;3,44;100;2;5
"c6-44-42";"molincae";10,00;3;1;11;12;5,09;5,43;6,07;6,76;0,15;5,63;3,42;227;25;5
"c6-45-14";"molincae";8,00;3;1;13;14;5,40;5,48;6,24;6,90;0,22;5,66;3,40;175;22;5
"c6-45-21";"molincae";11,00;4;2;9;8;4,99;5,08;6,51;6,72;0,26;5,45;3,45;154;13;5
"c6-45-31";"molincae";11,00;3;1;9;8;5,24;5,56;6,46;6,58;0,14;5,46;3,49;175;11;5
"c6-45-32";"molincae";9,00;4;2;4;4;5,31;5,21;6,02;6,64;0,31;5,51;3,39;124;8;5
"c6-45-34";"molincae";8,00;4;2;13;14;5,42;5,40;5,66;6,82;0,24;5,64;3,54;155;21;5
"c6-45-43";"molincae";9,00;4;2;4;4;5,33;5,38;5,10;6,99;0,14;5,70;3,53;105;11;5
"c6-46-11";"molincae";11,00;4;2;9;8;4,55;4,66;6,65;6,78;0,13;5,29;3,46;117;4;5
"c6-46-12";"molincae";11,00;4;2;9;8;4,11;4,62;7,22;6,98;0,18;5,21;3,26;102;1;5
"c6-46-22";"molincae";11,00;3;1;9;8;4,73;4,69;6,37;6,79;0,18;5,43;3,45;193;6;5
"c6-47-24";"molincae";9,00;4;2;4;4;5,38;5,22;4,96;6,87;0,20;5,68;3,49;135;13;5
"c6-47-32";"molincae";9,00;4;2;4;4;5,05;4,74;5,69;6,80;0,24;5,55;3,33;130;8;5
"c6-47-41";"molincae";9,00;4;2;4;4;5,01;4,50;5,57;6,75;0,19;5,52;3,36;109;4;5
"c6-47-43";"molincae";8,00;4;2;13;14;5,42;5,44;5,34;6,77;0,21;5,71;3,50;167;23;5
"c6-48-12";"molincae";10,00;3;1;11;12;5,18;5,42;6,14;6,72;0,16;5,60;3,50;314;31;5
"c6-48-14";"molincae";11,00;4;2;9;8;5,04;5,16;7,04;6,71;0,20;5,46;3,50;177;5;5
"c6-48-21";"molincae";11,00;4;2;9;8;4,88;4,73;6,88;6,52;0,15;5,36;3,40;101;3;5
"c6-48-23";"molincae";9,00;4;2;4;4;5,17;5,06;5,80;6,69;0,15;5,57;3,67;147;8;5
"c6-48-31";"molincae";9,00;4;2;4;4;5,37;5,76;5,66;6,85;0,17;5,57;3,46;140;8;5
"c6-48-32";"molincae";9,00;4;2;4;4;5,22;4,81;5,28;6,78;0,22;5,63;3,40;135;8;5
"c6-48-33";"molincae";8,00;3;1;13;14;5,28;5,44;5,54;7,00;0,19;5,65;3,47;209;16;5
"c6-48-41";"molincae";10,00;3;1;11;12;5,25;5,42;5,68;6,65;0,16;5,60;3,49;244;18;5
"c6-48-43";"molincae";11,00;4;2;9;8;4,53;4,75;6,28;6,84;0,21;5,48;3,34;112;3;5
"c6-48-44";"molincae";8,00;3;1;13;14;5,40;5,56;5,67;6,85;0,25;5,69;3,49;173;17;5
"c6-51-14";"molincae";8,00;3;1;11;14;5,44;5,64;5,89;6,94;0,20;5,73;3,59;272;31;5
"c6-51-21";"molincae";8,00;3;1;13;14;5,47;5,32;6,20;6,70;0,20;5,55;3,46;174;19;5
"c6-51-23";"molincae";9,00;4;2;4;4;5,02;5,07;6,01;7,00;0,26;5,54;3,64;121;8;5
"c6-51-31";"molincae";8,00;3;1;13;14;5,90;5,84;6,17;6,77;0,17;5,63;3,56;187;16;5
"c6-51-42";"molincae";8,00;3;1;13;14;5,67;5,61;5,67;6,96;0,19;5,68;3,49;192;24;5
"c6-52-12";"molincae";9,00;4;2;4;4;5,93;5,48;5,99;6,66;0,21;5,52;3,51;141;11;5
"c6-52-14";"molincae";8,00;4;2;13;14;5,83;5,47;5,90;6,60;0,20;5,51;3,47;156;14;5
"c6-52-22";"molincae";9,00;4;2;4;4;5,61;5,43;6,10;6,60;0,18;5,53;3,43;112;4;5
"c6-52-24";"molincae";8,00;3;1;13;14;5,76;5,55;5,43;6,66;0,19;5,73;3,53;171;29;5
"c6-52-31";"molincae";11,00;4;2;9;8;5,47;5,24;6,39;6,57;0,20;5,52;3,45;128;10;5
"c6-52-32";"molincae";8,00;3;1;13;14;5,60;5,68;5,99;6,88;0,20;5,69;3,52;218;27;5
"c6-52-44";"molincae";8,00;3;1;13;14;5,83;5,96;5,69;6,82;0,22;5,66;3,52;163;18;5
"c6-53-11";"molincae";10,00;3;1;11;12;5,24;5,23;6,42;6,68;0,20;5,52;3,53;203;15;5
"c6-53-14";"molincae";10,00;3;1;11;12;5,24;5,38;6,41;6,70;0,16;5,59;3,52;262;23;5
"c6-53-21";"molincae";11,00;4;2;9;8;5,60;5,41;6,49;6,79;0,28;5,42;3,53;125;9;5
"c6-53-23";"molincae";10,00;3;1;11;12;5,38;5,35;6,11;6,84;0,21;5,60;3,45;213;20;5
"c6-53-32";"molincae";11,00;4;2;9;8;4,84;4,70;6,53;6,85;0,29;5,46;3,26;102;5;5
"c6-53-34";"molincae";8,00;3;1;13;14;5,66;5,90;5,94;6,82;0,21;5,66;3,63;196;23;5
"c6-53-41";"molincae";8,00;4;2;13;14;5,42;5,34;5,38;6,87;0,20;5,68;3,49;157;25;5
"c6-53-42";"molincae";9,00;4;2;4;4;4,95;5,41;4,75;6,84;0,24;5,72;3,51;120;13;5
"c6-53-43";"molincae";9,00;4;2;4;4;4,72;4,91;5,19;6,97;0,21;5,53;3,42;109;6;5
"c6-54-11";"molincae";9,00;4;2;4;4;5,13;4,92;5,85;6,65;0,24;5,52;3,33;140;12;5
"c6-54-14";"molincae";9,00;4;2;4;4;5,45;5,30;5,32;6,57;0,24;5,62;3,25;145;13;5
"c6-54-22";"molincae";8,00;4;2;4;14;5,02;4,93;5,49;6,87;0,19;5,66;3,38;166;19;5
"c6-54-32";"molincae";9,00;4;2;4;4;4,91;5,01;4,65;6,93;0,18;5,67;3,39;118;5;5
"c6-54-33";"molincae";8,00;3;1;13;14;5,57;5,36;5,36;6,81;0,20;5,72;3,40;198;25;5
"c6-54-34";"molincae";9,00;4;2;4;4;5,36;5,22;5,74;6,70;0,17;5,46;3,38;101;8;5
"c6-54-42";"molincae";8,00;3;1;13;14;5,20;5,57;5,19;6,76;0,16;5,73;3,45;226;30;5
"c6-54-43";"molincae";11,00;4;2;9;8;5,66;5,29;6,21;6,64;0,16;5,44;3,36;125;5;5
"c6-55-11";"molincae";8,00;4;2;13;14;5,42;5,43;5,40;6,70;0,15;5,74;3,49;173;29;5
"c6-55-14";"molincae";8,00;3;1;13;14;5,03;5,56;5,22;7,01;0,14;5,70;3,48;200;18;5
"c6-55-21";"molincae";8,00;3;5;13;14;5,20;5,60;4,80;6,83;0,14;5,84;3,49;195;35;5
"c6-55-22";"molincae";9,00;4;2;4;4;5,44;4,91;5,00;6,85;0,21;5,71;3,51;101;12;5
"c6-55-31";"molincae";10,00;3;1;11;12;5,13;5,48;5,76;6,76;0,16;5,58;3,50;224;16;5
"c6-55-33";"molincae";8,00;3;1;13;14;5,21;5,43;5,78;6,75;0,17;5,63;3,48;222;22;5
"c6-55-34";"molincae";11,00;4;2;9;8;5,43;5,26;6,21;6,72;0,18;5,51;3,56;124;5;5
"c6-55-42";"molincae";8,00;3;1;13;14;5,61;5,63;5,77;6,68;0,23;5,71;3,61;188;30;5
"c6-55-43";"molincae";9,00;4;2;4;4;5,20;4,94;5,94;6,86;0,27;5,56;3,54;101;10;5
"c6-56-13";"astertri";14,00;4;2;5;15;5,37;5,61;5,50;7,12;0,17;5,78;3,57;139;23;7
"c6-56-21";"molincae";9,00;4;2;4;4;4,91;5,11;5,28;7,13;0,26;5,80;3,52;168;22;5
"c6-56-43";"molincae";10,00;3;1;11;12;4,74;4,93;6,69;6,72;0,15;5,36;3,38;266;12;5
"c6-56-44";"molincae";11,00;3;1;9;8;4,47;4,73;7,03;6,73;0,13;5,34;3,42;217;5;5
"c6-57-21";"molincae";9,00;4;2;4;4;5,31;5,04;5,39;6,77;0,25;5,61;3,41;146;14;5
"c6-57-24";"molincae";8,00;3;1;13;14;4,96;4,96;6,08;6,77;0,22;5,58;3,21;195;15;5
"c6-57-33";"molincae";10,00;3;1;11;12;4,50;4,66;6,73;6,79;0,13;5,42;3,34;267;8;5
"c6-57-34";"molincae";11,00;4;2;9;8;4,22;4,39;6,73;6,88;0,24;5,29;3,22;144;7;5
"c6-57-42";"molincae";11,00;4;2;9;8;4,44;4,53;7,15;6,82;0,21;5,31;3,42;118;7;5
"c6-57-43";"molincae";11,00;4;2;9;8;4,58;4,59;6,33;6,81;0,22;5,37;3,17;165;8;5
"c6-58-11";"molincae";8,00;4;2;13;14;5,04;5,17;5,06;6,93;0,21;5,72;3,43;193;19;5
"c6-58-14";"molincae";9,00;4;2;4;4;4,38;4,26;5,26;6,82;0,25;5,43;3,28;95;5;5
"c6-58-21";"molincae";11,00;4;2;9;8;4,71;4,58;6,08;6,53;0,18;5,28;3,42;119;3;5
"c6-58-22";"molincae";10,00;3;1;11;12;5,06;5,09;5,86;6,85;0,20;5,62;3,37;208;12;5
"c6-58-24";"molincae";9,00;4;2;4;4;5,28;5,14;5,92;6,69;0,24;5,44;3,43;133;3;5
"c6-58-31";"molincae";10,00;3;1;11;12;4,90;4,97;6,08;6,93;0,18;5,55;3,40;212;21;5
"c6-58-34";"molincae";11,00;4;2;9;8;4,37;4,38;5,97;6,79;0,20;5,32;3,27;95;5;5
"c6-58-42";"molincae";9,00;4;2;4;4;5,60;5,20;6,09;6,87;0,27;5,51;3,48;105;6;5
"c6-58-44";"molincae";8,00;3;1;13;14;5,60;5,69;5,94;6,78;0,18;5,69;3,58;171;24;5
"c7-11-13";"molincae";11,00;4;2;9;8;5,30;5,61;6,26;6,70;0,19;5,58;3,58;153;4;5
"c7-11-14";"molincae";9,00;4;2;4;4;5,76;5,61;5,35;6,92;0,30;5,66;3,64;113;10;5
"c7-11-21";"molincae";10,00;3;1;11;12;5,32;5,34;7,07;6,83;0,16;5,53;3,59;207;11;5
"c7-11-23";"molincae";11,00;4;2;9;8;5,65;5,56;6,46;6,66;0,20;5,57;3,50;155;10;5
"c7-11-31";"molincae";11,00;3;1;9;8;5,74;5,75;6,53;6,69;0,19;5,55;3,45;177;13;5
"c7-11-41";"molincae";10,00;3;1;11;12;5,28;5,70;6,22;6,60;0,19;5,55;3,50;220;17;5
"c7-11-43";"molincae";11,00;4;2;9;8;5,85;5,93;6,60;6,77;0,20;5,57;3,67;150;13;5
"c7-12-21";"molincae";11,00;4;2;9;8;5,50;5,44;6,42;6,75;0,25;5,46;3,52;98;2;5
"c7-12-41";"molincae";9,00;6;4;6;4;5,68;6,00;5,44;6,96;0,24;5,68;3,65;149;21;5
"c7-21-11";"molincae";11,00;4;2;9;8;5,64;5,69;6,46;6,72;0,21;5,48;3,50;126;5;5
"c7-21-22";"molincae";11,00;4;2;9;8;5,60;6,04;6,32;6,81;0,21;5,45;3,59;104;7;5
"c7-21-32";"molincae";9,00;4;2;4;4;5,20;5,04;5,29;6,76;0,27;5,64;3,43;112;8;5
"c7-21-41";"molincae";10,00;3;1;11;12;5,25;5,23;6,23;6,78;0,20;5,47;3,46;200;11;5
"c7-22-32";"molincae";11,00;3;1;9;8;5,19;5,43;6,68;6,75;0,14;5,54;3,41;191;10;5
"c7-22-34";"molincae";11,00;4;2;9;8;5,36;5,46;6,47;6,67;0,19;5,63;3,32;133;11;5
"c7-22-41";"molincae";10,00;3;1;11;12;5,55;6,15;7,26;6,74;0,18;5,57;3,58;228;13;5
"c7-22-43";"molincae";11,00;4;2;9;8;5,52;5,92;6,72;6,64;0,17;5,52;3,59;145;6;5
"c7-23-32";"molincae";9,00;4;2;4;4;5,87;5,79;5,96;6,74;0,28;5,52;3,44;110;5;5
"c7-23-41";"molincae";11,00;4;2;9;8;5,39;5,37;7,05;6,87;0,22;5,45;3,43;95;6;5
"c7-23-44";"molincae";10,00;3;1;11;12;5,24;5,52;6,40;6,88;0,23;5,55;3,53;202;10;5
"c7-24-33";"molincae";10,00;3;1;11;12;5,40;5,66;6,65;6,77;0,19;5,57;3,60;254;17;5
"c7-24-34";"molincae";11,00;4;2;9;8;5,37;5,62;6,63;6,94;0,30;5,55;3,62;138;12;5
"c7-31-13";"molincae";9,00;4;2;4;4;4,92;4,64;5,31;6,65;0,24;5,47;3,37;120;7;5
"c7-31-21";"molincae";9,00;4;2;4;4;5,50;5,37;5,94;6,90;0,33;5,50;3,37;115;7;5
"c7-31-42";"molincae";11,00;4;2;9;8;4,94;4,71;6,68;6,86;0,25;5,53;3,42;132;8;5
"c7-31-44";"molincae";9,00;4;2;4;4;5,71;5,49;5,38;6,82;0,25;5,59;3,43;127;8;5
"c7-32-21";"molincae";11,00;4;2;9;8;5,58;5,47;6,41;6,85;0,21;5,56;3,45;109;6;5
"c7-32-22";"molincae";8,00;3;1;6;14;5,76;6,07;6,38;6,95;0,25;5,63;3,54;171;13;5
"c7-32-32";"molincae";9,00;4;2;4;4;5,73;5,28;6,23;6,82;0,31;5,66;3,59;98;12;5
"c7-32-34";"molincae";9,00;4;2;4;4;4,62;4,63;5,52;6,79;0,18;5,42;3,41;138;10;5
"c7-32-43";"molincae";9,00;4;2;4;4;5,65;5,21;6,04;6,62;0,22;5,56;3,36;140;16;5
"c7-33-14";"molincae";11,00;4;2;9;8;5,37;5,52;5,95;6,84;0,18;5,57;3,57;154;5;5
"c7-33-34";"molincae";11,00;5;3;9;8;5,73;5,70;6,57;6,57;0,15;5,49;3,56;99;4;5
"c7-33-44";"molincae";11,00;4;2;9;8;5,66;5,45;6,40;6,79;0,25;5,50;3,45;111;5;5
"c7-34-11";"molincae";9,00;4;2;4;4;5,00;4,97;5,62;6,84;0,24;5,56;3,41;107;7;5
"c7-34-21";"molincae";11,00;4;2;9;8;4,97;4,71;6,27;6,87;0,16;5,45;3,42;114;5;5
"c7-34-23";"molincae";11,00;4;2;9;8;5,27;5,26;7,39;6,79;0,15;5,50;3,47;161;4;5
"c7-34-24";"molincae";11,00;4;2;9;8;5,33;5,56;7,41;6,96;0,17;5,57;3,56;177;7;5
"c7-34-33";"molincae";9,00;4;2;4;4;4,67;4,30;5,79;6,61;0,23;5,43;3,59;101;3;5
"c7-34-41";"molincae";11,00;4;2;9;8;4,54;4,55;6,76;6,82;0,19;5,38;3,42;106;2;5
"c7-34-44";"molincae";10,00;3;1;9;12;5,56;5,58;6,84;6,89;0,27;5,56;3,42;170;12;5
"c7-35-13";"molincae";10,00;3;1;11;12;5,04;5,21;7,09;6,86;0,16;5,53;3,57;211;8;5
"c7-35-24";"molincae";11,00;4;2;9;8;4,89;4,93;7,35;6,74;0,23;5,50;3,50;106;8;5
"c7-35-31";"molincae";11,00;4;2;9;8;5,05;5,28;7,45;6,89;0,17;5,53;3,65;166;4;5
"c7-35-44";"molincae";11,00;4;2;9;8;5,63;5,76;6,59;6,79;0,21;5,58;3,63;127;8;5
"c7-36-33";"molincae";11,00;4;2;9;8;5,75;5,74;6,67;6,65;0,19;5,63;3,59;146;11;5
"c7-36-41";"molincae";8,00;3;1;13;14;5,61;5,48;6,00;6,84;0,24;5,60;3,67;181;11;5
"c7-37-34";"filipulm";7,00;2;6;3;9;5,66;6,03;6,31;6,71;0,18;5,62;3,62;314;20;4
"c7-41-12";"molincae";9,00;4;2;4;4;5,29;5,29;5,23;6,76;0,23;5,59;3,43;142;10;5
"c7-41-22";"molincae";9,00;4;2;4;4;5,38;5,43;4,90;6,90;0,15;5,72;3,54;118;14;5
"c7-41-23";"molincae";11,00;4;2;9;8;4,80;4,74;6,51;6,90;0,21;5,40;3,37;128;8;5
"c7-41-32";"molincae";9,00;4;2;4;4;5,61;5,52;4,95;6,78;0,30;5,70;3,52;127;10;5
"c7-41-41";"molincae";9,00;4;2;4;4;5,14;5,26;5,75;6,85;0,27;5,56;3,50;156;9;5
"c7-41-43";"molincae";9,00;4;2;4;4;5,38;5,03;5,03;6,59;0,14;5,57;3,43;112;7;5
"c7-41-44";"molincae";9,00;4;2;4;4;5,70;5,47;5,24;6,71;0,22;5,65;3,47;142;19;5
"c7-42-14";"molincae";10,00;3;1;11;12;5,24;5,35;6,38;6,75;0,18;5,51;3,45;274;21;5
"c7-42-21";"molincae";10,00;3;1;11;12;5,57;5,65;6,44;6,59;0,18;5,56;3,45;273;31;5
"c7-42-22";"molincae";11,00;5;3;9;8;5,63;5,69;7,14;6,49;0,13;5,29;3,71;132;6;5
"c7-42-23";"molincae";11,00;4;3;9;8;5,66;5,72;7,27;6,59;0,16;5,46;3,57;150;9;5
"c7-42-31";"molincae";10,00;3;1;11;12;5,32;5,55;6,18;6,72;0,18;5,50;3,56;222;17;5
"c7-42-33";"primuela";17,00;5;3;10;16;5,43;5,48;6,04;6,41;0,13;5,33;3,46;108;4;8
"c7-43-13";"molincae";11,00;4;2;9;8;5,75;5,59;6,05;6,61;0,21;5,46;3,43;123;5;5
"c7-43-33";"molincae";9,00;4;2;4;4;5,31;5,22;5,17;6,69;0,26;5,57;3,35;141;7;5
"c7-43-43";"molincae";11,00;4;2;9;8;5,43;5,22;5,98;6,38;0,15;5,39;3,33;134;7;5
"c7-44-11";"molincae";10,00;3;1;11;12;5,39;5,58;6,21;6,68;0,20;5,50;3,45;206;12;5
"c7-44-22";"molincae";11,00;4;2;9;8;5,59;5,58;6,71;6,80;0,25;5,52;3,60;147;8;5
"c7-44-33";"molincae";9,00;6;4;4;4;5,86;5,91;5,11;6,87;0,23;5,64;3,63;105;10;5
"c7-45-21";"molincae";11,00;4;2;9;8;5,38;5,13;6,85;6,70;0,16;5,46;3,67;120;4;5
"c7-45-22";"filipulm";6,00;5;3;10;3;5,79;5,75;6,19;6,62;0,22;5,51;3,54;120;6;4
"c7-45-34";"molincae";11,00;4;2;9;8;4,97;4,95;6,61;6,74;0,27;5,46;3,50;126;3;5
"c7-45-41";"molincae";10,00;3;1;11;12;5,35;5,41;6,75;6,72;0,22;5,54;3,49;210;11;5
"c7-45-43";"molincae";11,00;4;2;9;8;5,38;5,33;6,85;6,63;0,15;5,51;3,53;101;6;5
"c7-46-12";"molincae";11,00;4;2;9;8;5,78;5,54;6,86;6,80;0,22;5,43;3,54;109;1;5
"c7-46-21";"molincae";9,00;4;2;9;4;5,67;5,64;6,55;6,89;0,26;5,59;3,67;121;5;5
"c7-46-33";"filipulm";6,00;4;2;6;3;5,83;5,71;7,07;6,71;0,25;5,58;3,51;157;8;4
"c7-46-41";"molincae";9,00;4;2;4;4;5,32;5,17;5,59;6,93;0,14;5,70;3,60;143;8;5
"c7-46-42";"molincae";9,00;4;2;4;4;5,27;5,03;5,53;6,83;0,19;5,70;3,73;100;5;5
"c7-46-44";"molincae";9,00;4;4;4;4;5,90;5,82;5,64;6,86;0,24;5,63;3,68;130;10;5
"c7-47-12";"primuela";15,00;5;3;1;6;6,15;6,25;5,58;6,69;0,17;5,72;3,66;149;6;8
"c7-47-14";"filipulm";6,00;6;4;6;3;5,78;6,16;5,73;6,87;0,22;5,63;3,65;117;5;4
"c7-47-23";"filipulm";6,00;6;7;6;3;5,84;6,47;6,05;6,83;0,29;5,70;3,62;159;9;4
"c7-47-24";"euphoesu";18,00;2;6;3;10;5,73;6,61;6,35;7,02;0,23;5,72;3,79;283;18;9
"c7-47-32";"euphoesu";18,00;6;7;6;10;5,53;6,43;6,00;7,02;0,25;5,65;3,79;175;10;9
"c7-47-41";"euphoesu";18,00;6;7;12;10;5,90;6,64;6,26;7,04;0,26;5,70;3,73;154;7;9
"c7-47-42";"euphoesu";18,00;6;4;1;10;5,98;6,64;5,56;6,87;0,15;5,68;3,69;157;11;9
"c7-51-13";"molincae";11,00;4;2;9;8;5,29;4,81;6,03;6,74;0,23;5,55;3,34;107;5;5
"c7-51-14";"molincae";11,00;4;2;9;8;4,85;4,63;5,79;6,72;0,21;5,39;3,29;128;3;5
"c7-51-22";"molincae";11,00;4;2;9;8;4,80;4,96;6,81;6,49;0,13;5,25;3,44;151;4;5
"c7-51-24";"molincae";11,00;4;2;9;8;5,26;5,30;6,23;6,62;0,22;5,53;3,49;171;8;5
"c7-51-31";"molincae";9,00;4;2;4;4;5,04;4,74;5,68;6,76;0,23;5,44;3,35;134;7;5
"c7-51-32";"molincae";9,00;4;2;4;4;4,79;4,37;5,79;6,76;0,24;5,40;3,28;111;3;5
"c7-51-43";"molincae";9,00;4;2;4;4;5,35;4,87;5,10;6,91;0,30;5,60;3,52;94;8;5
"c7-52-11";"molincae";8,00;3;1;13;14;5,48;5,20;5,59;6,49;0,16;5,57;3,47;186;12;5
"c7-52-12";"molincae";9,00;4;2;4;4;4,98;4,86;4,92;6,77;0,28;5,63;3,46;130;9;5
"c7-52-13";"molincae";9,00;4;2;4;4;5,10;5,05;5,79;6,64;0,25;5,54;3,46;106;5;5
"c7-53-13";"molincae";10,00;3;1;11;12;5,17;5,13;6,28;6,79;0,22;5,49;3,34;193;7;5
"c7-53-14";"molincae";11,00;3;1;9;8;5,44;5,45;6,29;6,67;0,21;5,47;3,61;176;9;5
"c7-53-22";"molincae";11,00;4;2;9;8;4,86;4,77;6,63;6,86;0,17;5,38;3,37;103;2;5
"c7-53-23";"molincae";11,00;4;2;9;8;4,71;4,77;6,81;6,58;0,18;5,32;3,36;140;5;5
"c7-53-24";"molincae";10,00;3;1;11;12;5,15;5,04;6,24;6,60;0,18;5,47;3,33;207;8;5
"c7-53-34";"molincae";9,00;4;2;4;4;5,66;5,25;5,63;6,53;0,21;5,51;3,48;121;7;5
"c7-53-41";"molincae";11,00;4;2;9;8;5,41;5,47;6,33;6,66;0,25;5,43;3,52;157;6;5
"c7-53-42";"molincae";11,00;4;2;9;8;4,78;5,11;6,40;6,47;0,14;5,35;3,27;155;2;5
"c7-53-43";"molincae";11,00;4;2;9;8;5,39;5,24;6,10;6,55;0,16;5,37;3,45;111;5;5
"c7-54-11";"molincae";11,00;3;1;9;8;5,18;5,28;6,60;6,45;0,14;5,46;3,51;186;8;5
"c7-54-12";"primuela";17,00;5;3;8;16;5,51;5,72;6,22;6,40;0,12;5,45;3,53;209;13;8
"c7-54-13";"molincae";10,00;3;1;11;12;4,79;4,86;6,48;6,71;0,17;5,38;3,34;224;8;5
"c7-54-21";"molincae";8,00;3;1;13;14;5,83;5,74;6,00;6,71;0,23;5,59;3,57;185;14;5
"c7-54-33";"molincae";9,00;4;2;4;4;4,58;4,56;4,88;6,74;0,25;5,56;3,20;128;8;5
"c7-54-34";"molincae";9,00;4;2;4;4;4,59;4,47;5,27;6,72;0,30;5,54;3,38;98;6;5
"c7-55-12";"filipulm";6,00;4;2;9;3;5,93;5,79;6,23;6,62;0,24;5,50;3,46;109;7;4
"c7-55-24";"molincae";11,00;4;2;9;8;5,02;5,31;6,78;6,50;0,16;5,34;3,46;129;4;5
"c7-55-31";"buddldav";12,00;2;5;2;2;5,83;6,07;5,75;6,72;0,18;5,76;3,50;227;35;6
"c7-55-32";"molincae";9,00;4;2;4;4;5,63;5,71;5,91;6,66;0,24;5,53;3,64;142;11;5
"c7-55-41";"filipulm";6,00;3;1;13;3;5,74;5,85;6,07;6,59;0,15;5,53;3,42;183;12;4
"c7-55-44";"molincae";11,00;4;2;9;8;5,19;5,18;6,87;6,68;0,30;5,37;3,36;97;5;5
"c7-56-24";"filipulm";6,00;5;3;10;3;5,94;5,79;5,75;6,54;0,19;5,54;3,62;160;5;4
"c7-56-32";"molincae";10,00;3;1;11;12;5,58;5,44;6,25;6,79;0,22;5,61;3,41;199;13;5
"c7-56-33";"molincae";11,00;3;1;9;8;5,40;5,40;6,71;6,72;0,15;5,49;3,60;177;7;5
"c7-56-34";"molincae";9,00;4;2;4;4;5,75;5,42;6,11;6,81;0,16;5,56;3,91;105;5;5
"c7-56-44";"euphoesu";18,00;2;6;3;10;5,85;6,69;5,87;6,99;0,18;5,77;3,68;241;14;9
"c7-57-13";"primuela";17,00;5;3;10;16;5,72;6,63;5,81;6,53;0,18;5,64;3,76;113;3;8
"c7-57-14";"euphoesu";18,00;2;5;2;10;6,01;6,62;5,88;6,96;0,20;5,82;3,75;225;25;9
"c7-57-23";"euphoesu";18,00;6;4;1;10;6,12;6,69;5,57;6,92;0,19;5,70;3,74;150;11;9
"c7-57-31";"buddldav";12,00;2;5;2;2;5,94;6,45;5,83;6,86;0,21;5,82;3,60;264;43;6
"c7-57-33";"loliumul";4,00;6;4;5;11;6,45;6,59;5,82;7,17;0,19;5,89;4,08;97;13;3
"c7-57-41";"euphoesu";18,00;6;4;1;10;6,16;6,83;5,69;7,02;0,14;5,69;3,81;116;9;9
"d0-16-11";"ammopare";2,00;7;9;14;18;5,02;6,62;5,21;6,88;0,24;5,72;3,71;181;12;1
"d0-16-12";"ammopare";2,00;7;9;14;18;5,36;6,52;5,65;6,99;0,30;5,87;3,61;357;39;1
"d0-16-14";"ammopare";2,00;7;9;14;18;5,62;6,34;5,51;7,00;0,28;5,79;3,59;232;22;1
"d0-16-21";"ammopare";1,00;5;3;10;1;5,25;6,63;5,23;6,55;0,11;5,62;3,54;107;7;1
"d0-16-22";"astertri";14,00;6;7;5;15;6,03;6,63;5,20;7,20;0,36;5,77;3,72;94;8;7
"d0-16-23";"ammopare";2,00;7;9;14;18;5,39;6,25;5,23;6,96;0,27;5,86;3,60;248;23;1
"d0-16-24";"ammopare";2,00;7;9;14;18;5,65;6,37;5,53;7,18;0,40;5,91;3,62;266;35;1
"d0-16-32";"ammopare";2,00;7;9;14;18;5,55;6,35;5,34;7,21;0,25;5,90;3,65;222;27;1
"d0-16-42";"coronsqu";3,00;6;7;12;13;6,25;6,95;6,13;7,01;0,50;5,77;3,45;109;6;2
"d0-17-11";"coronsqu";3,00;6;5;2;13;6,09;6,81;5,39;6,97;0,27;5,83;3,69;176;29;2
"d0-17-13";"coronsqu";3,00;6;7;12;13;5,96;6,74;5,51;7,18;0,41;5,81;3,60;146;10;2
"d0-17-22";"coronsqu";3,00;6;7;12;13;6,26;6,89;5,67;7,04;0,29;5,82;3,64;165;18;2
"d0-17-23";"coronsqu";3,00;6;7;12;13;6,45;6,72;5,72;6,94;0,31;5,75;3,53;110;7;2
"d0-17-24";"coronsqu";3,00;6;7;12;13;6,48;6,74;5,89;6,86;0,28;5,68;3,47;115;10;2
"d0-17-42";"coronsqu";3,00;6;7;12;13;6,30;6,93;6,13;7,17;0,43;5,80;3,72;116;10;2
"d0-17-43";"coronsqu";3,00;6;7;12;13;6,45;6,82;6,04;7,00;0,40;5,66;3,64;108;4;2
"d0-17-44";"coronsqu";3,00;6;7;12;13;6,35;6,94;5,87;6,90;0,25;5,88;3,53;118;10;2
"d0-18-11";"buddldav";13,00;6;5;2;17;6,11;6,73;5,38;6,93;0,22;5,90;3,62;177;33;6
"d0-18-12";"buddldav";12,00;2;5;2;2;5,98;6,58;5,46;6,95;0,24;5,80;3,67;232;38;6
"d0-18-13";"buddldav";13,00;6;5;2;17;6,01;6,69;5,29;6,85;0,22;5,88;3,59;180;36;6
"d0-18-14";"buddldav";12,00;2;5;2;2;6,11;6,77;5,58;7,07;0,35;5,90;3,67;229;38;6
"d0-18-22";"coronsqu";3,00;6;7;12;13;6,48;6,89;5,78;7,00;0,29;5,85;3,69;131;14;2
"d0-18-24";"coronsqu";3,00;6;7;12;13;6,23;6,92;6,00;7,14;0,30;5,86;3,65;132;9;2
"d0-18-34";"coronsqu";3,00;6;7;12;13;6,36;6,93;5,84;6,98;0,29;5,80;3,71;147;12;2
"d0-18-41";"coronsqu";3,00;6;7;12;13;6,26;6,89;5,73;7,02;0,35;5,86;3,53;167;19;2
"d0-18-43";"coronsqu";3,00;6;7;12;13;6,30;6,79;6,04;6,98;0,33;5,81;3,54;159;13;2
"d0-18-44";"coronsqu";3,00;6;7;12;13;6,28;6,71;5,76;7,01;0,30;5,80;3,62;136;10;2
"d0-26-21";"coronsqu";3,00;6;7;12;13;6,32;6,81;5,44;7,01;0,24;5,73;3,47;115;9;2
"d0-26-41";"coronsqu";3,00;6;7;12;13;6,52;6,80;6,09;6,94;0,40;5,74;3,72;104;9;2
"d0-26-42";"coronsqu";3,00;6;7;12;13;6,61;7,01;6,34;7,00;0,45;5,82;3,73;134;15;2
"d0-26-43";"coronsqu";3,00;6;7;12;13;6,48;6,98;6,40;6,94;0,40;5,77;3,57;140;4;2
"d0-26-44";"coronsqu";3,00;6;7;12;13;6,54;6,92;6,03;6,90;0,37;5,76;3,54;147;6;2
"d0-27-11";"coronsqu";3,00;6;7;12;13;6,27;6,70;5,47;7,16;0,32;5,75;3,63;108;9;2
"d0-27-12";"coronsqu";3,00;6;7;12;13;6,45;6,88;5,96;6,90;0,36;5,79;3,59;136;8;2
"d0-27-21";"coronsqu";3,00;6;7;12;13;6,50;6,90;6,13;6,99;0,54;5,76;3,43;134;8;2
"d0-27-22";"coronsqu";3,00;6;7;12;13;6,35;6,74;6,19;6,92;0,21;5,83;3,40;118;7;2
"d0-27-33";"coronsqu";3,00;6;7;12;13;6,36;6,73;5,62;6,77;0,29;5,79;3,58;134;13;2
"d0-27-41";"coronsqu";3,00;6;7;12;13;6,55;7,01;6,13;7,03;0,38;5,73;3,43;97;4;2
"d0-28-12";"coronsqu";3,00;6;7;12;13;6,43;6,85;5,70;6,89;0,31;5,78;3,49;150;11;2
"d0-28-21";"coronsqu";3,00;6;7;12;13;6,29;6,87;5,94;6,92;0,32;5,82;3,55;155;11;2
"d0-28-24";"coronsqu";3,00;6;7;12;13;6,49;7,02;6,99;6,94;0,40;5,69;3,63;125;4;2
"d0-28-33";"loliumul";4,00;6;4;12;11;6,37;6,85;5,80;6,82;0,19;5,73;3,63;126;14;3
"d0-28-42";"coronsqu";3,00;6;7;12;13;6,17;6,61;5,98;6,95;0,26;5,80;3,60;187;11;2
"d0-28-44";"coronsqu";3,00;6;7;12;13;6,30;6,64;5,95;6,78;0,33;5,70;3,44;119;7;2
"d0-36-21";"coronsqu";3,00;6;7;12;13;6,50;6,89;6,59;7,01;0,43;5,73;3,62;154;3;2
"d0-36-22";"coronsqu";3,00;6;7;12;13;6,47;6,91;6,03;6,96;0,30;5,69;3,51;138;7;2
"d0-36-23";"coronsqu";3,00;6;7;12;13;6,54;6,91;6,29;6,99;0,37;5,80;3,56;126;4;2
"d0-36-24";"coronsqu";3,00;6;7;12;13;6,41;6,84;5,78;7,00;0,30;5,75;3,57;136;8;2
"d0-37-11";"coronsqu";3,00;6;7;12;13;6,23;6,63;5,72;6,83;0,27;5,72;3,46;151;14;2
"d0-37-12";"coronsqu";3,00;6;7;12;13;6,37;6,60;6,11;6,84;0,28;5,69;3,49;159;8;2
"d0-37-13";"coronsqu";3,00;6;7;12;13;6,23;6,63;5,63;6,86;0,25;5,78;3,63;151;15;2
"d0-37-23";"loliumul";4,00;6;7;12;11;6,35;6,67;5,65;6,95;0,33;5,75;3,61;110;9;3
"d0-37-32";"coronsqu";3,00;6;7;12;13;6,36;6,75;5,62;6,87;0,32;5,71;3,41;120;5;2
"d0-37-42";"loliumul";4,00;6;7;12;11;6,45;6,73;6,35;6,95;0,37;5,64;3,54;119;9;3
"d0-38-13";"coronsqu";3,00;6;7;12;13;6,33;6,69;5,73;6,94;0,29;5,63;3,59;105;4;2
"d0-38-21";"coronsqu";3,00;6;7;12;13;6,36;6,67;5,93;6,80;0,29;5,58;3,45;118;6;2
"d0-38-33";"filipulm";5,00;6;7;12;7;6,20;6,52;5,82;6,89;0,25;5,79;3,45;182;14;4
"d0-38-43";"coronsqu";3,00;6;4;12;13;6,08;6,33;5,65;6,82;0,28;5,74;3,45;156;15;2
"d0-38-44";"coronsqu";3,00;6;7;12;13;6,32;6,69;5,81;6,96;0,28;5,74;3,66;138;8;2
"d0-47-12";"loliumul";4,00;6;7;12;11;6,37;6,63;5,54;6,87;0,23;5,74;3,50;122;5;3
"d0-47-23";"coronsqu";3,00;6;7;12;13;6,51;6,66;5,80;6,72;0,31;5,63;3,48;110;9;2
"d0-47-24";"coronsqu";3,00;6;7;12;13;6,48;6,75;5,81;6,84;0,34;5,68;3,46;116;6;2
"d0-47-41";"coronsqu";3,00;6;7;12;13;6,33;6,71;5,80;6,80;0,30;5,72;3,53;143;8;2
"d0-47-44";"coronsqu";3,00;6;7;12;13;6,22;6,77;6,20;6,96;0,30;5,68;3,68;139;4;2
"d0-48-12";"coronsqu";3,00;6;7;12;13;6,36;6,58;6,07;6,83;0,28;5,72;3,59;147;12;2
"d0-48-21";"coronsqu";3,00;6;7;12;13;6,13;6,55;5,77;7,00;0,29;5,71;3,62;155;12;2
"d0-48-31";"coronsqu";3,00;6;7;12;13;6,13;6,71;5,68;6,74;0,20;5,66;3,61;130;3;2
"d0-48-33";"coronsqu";3,00;6;7;12;13;6,30;6,81;6,15;6,89;0,30;5,70;3,69;135;9;2
"d0-48-42";"filipulm";6,00;6;7;12;3;6,52;6,82;6,85;6,97;0,24;5,65;3,70;135;8;4
"d0-56-22";"loliumul";4,00;6;7;12;11;6,62;6,78;5,86;6,88;0,34;5,67;3,50;106;6;3
"d0-56-24";"loliumul";4,00;6;4;12;11;6,26;6,65;5,55;6,84;0,26;5,76;3,56;154;14;3
"d0-56-42";"coronsqu";3,00;6;7;12;13;6,33;6,58;5,83;6,96;0,31;5,71;3,51;136;5;2
"d0-57-11";"coronsqu";3,00;6;7;12;13;6,49;6,70;5,88;6,78;0,32;5,55;3,35;99;3;2
"d0-57-13";"coronsqu";3,00;6;7;12;13;6,37;6,61;5,77;6,85;0,30;5,67;3,47;124;10;2
"d0-57-14";"coronsqu";3,00;6;7;12;13;6,57;6,93;6,24;7,09;0,36;5,82;3,67;146;12;2
"d0-57-21";"coronsqu";3,00;6;7;12;13;6,49;6,87;6,09;7,04;0,25;5,81;3,75;145;10;2
"d0-57-31";"coronsqu";3,00;6;7;12;13;6,70;6,94;6,56;6,89;0,35;5,64;3,83;101;4;2
"d0-57-43";"coronsqu";3,00;6;7;12;13;6,32;6,77;5,66;6,84;0,23;5,68;3,60;126;10;2
"d0-57-44";"coronsqu";3,00;6;7;12;13;6,53;6,75;5,89;6,76;0,33;5,55;3,58;100;4;2
"d0-58-11";"coronsqu";3,00;6;7;12;13;6,38;6,69;5,99;6,91;0,30;5,70;3,44;138;10;2
"d0-58-32";"loliumul";4,00;6;7;12;11;6,50;6,83;5,58;6,92;0,29;5,74;3,64;130;14;3
"d0-58-33";"loliumul";4,00;6;7;12;11;6,40;6,71;5,75;6,85;0,26;5,66;3,65;124;10;3
"d0-58-41";"loliumul";4,00;6;7;12;11;6,43;6,58;5,78;6,85;0,29;5,59;3,63;104;1;3
"d0-58-42";"loliumul";4,00;6;7;12;11;6,42;6,81;5,60;6,75;0,36;5,68;3,58;102;3;3
"d1-11-11";"coronsqu";3,00;6;7;12;13;6,35;7,03;6,16;7,04;0,43;5,83;3,57;160;11;2
"d1-11-21";"coronsqu";3,00;6;7;12;13;6,24;6,90;5,84;7,05;0,27;5,85;3,62;141;11;2
"d1-11-31";"coronsqu";3,00;6;7;12;13;6,30;6,95;6,09;7,16;0,47;5,84;3,66;152;12;2
"d1-11-33";"coronsqu";3,00;6;7;12;13;6,37;6,93;6,13;6,96;0,37;5,86;3,57;151;12;2
"d1-11-34";"coronsqu";3,00;6;7;12;13;6,50;6,91;5,64;7,04;0,24;5,75;3,53;108;8;2
"d1-11-41";"coronsqu";3,00;6;7;12;13;6,26;7,08;5,79;7,07;0,35;5,70;3,60;121;5;2
"d1-11-43";"coronsqu";3,00;6;7;12;13;6,28;6,91;6,41;7,12;0,43;5,77;3,69;116;4;2
"d1-12-12";"coronsqu";3,00;6;7;12;13;6,48;6,74;5,55;6,98;0,32;5,75;3,51;102;10;2
"d1-12-14";"coronsqu";3,00;6;7;12;13;6,23;7,02;6,16;7,04;0,52;5,85;3,63;163;13;2
"d1-12-22";"coronsqu";3,00;6;7;12;13;6,46;6,94;5,95;6,99;0,31;5,78;3,64;128;12;2
"d1-12-31";"coronsqu";3,00;6;7;12;13;6,36;7,05;6,28;7,02;0,37;5,81;3,65;166;12;2
"d1-12-44";"coronsqu";3,00;6;7;12;13;6,09;6,87;6,54;7,17;0,39;5,84;3,63;100;4;2
"d1-13-11";"coronsqu";3,00;6;7;12;13;6,33;6,90;6,06;6,98;0,39;5,87;3,68;186;16;2
"d1-13-12";"coronsqu";3,00;6;7;12;13;6,29;6,89;6,13;7,15;0,38;5,79;3,64;170;11;2
"d1-13-21";"coronsqu";3,00;6;7;12;13;6,46;6,83;5,84;7,05;0,32;5,76;3,64;120;8;2
"d1-13-32";"coronsqu";3,00;6;7;12;13;6,36;6,93;5,96;6,99;0,35;5,83;3,75;189;14;2
"d1-13-42";"coronsqu";3,00;6;7;12;13;6,18;6,43;5,53;6,84;0,32;5,77;3,56;136;11;2
"d1-14-22";"loliumul";4,00;6;4;6;11;6,12;5,90;5,72;6,83;0,33;5,60;3,49;109;7;3
"d1-14-23";"primuela";17,00;5;3;10;16;6,06;5,88;5,87;6,30;0,20;5,52;3,43;136;6;8
"d1-14-24";"primuela";17,00;5;3;10;16;6,00;5,95;5,71;6,39;0,25;5,54;3,40;122;4;8
"d1-14-32";"loliumul";4,00;6;4;12;11;6,18;6,34;5,63;6,94;0,29;5,75;3,64;140;15;3
"d1-14-42";"molincae";9,00;4;4;4;4;5,98;5,75;5,57;6,69;0,22;5,64;3,35;99;4;5
"d1-15-13";"molincae";9,00;4;2;4;4;5,49;5,55;5,72;6,65;0,32;5,53;3,44;121;5;5
"d1-15-14";"molincae";8,00;3;1;13;14;5,76;5,62;5,89;6,44;0,20;5,63;3,43;224;20;5
"d1-15-24";"buddldav";13,00;6;4;1;17;6,29;6,34;5,17;6,90;0,24;5,80;3,61;129;14;6
"d1-16-24";"primuela";17,00;5;3;8;16;5,82;5,61;5,90;5,99;0,15;5,48;3,33;133;3;8
"d1-16-31";"filipulm";6,00;5;3;10;3;6,18;6,09;6,35;6,61;0,22;5,60;3,38;147;8;4
"d1-16-34";"molincae";8,00;5;3;13;14;5,68;5,55;5,71;6,29;0,18;5,68;3,48;173;8;5
"d1-16-41";"molincae";10,00;3;1;8;12;5,50;5,47;6,50;6,32;0,17;5,54;3,33;208;8;5
"d1-16-42";"primuela";16,00;1;8;8;5;5,94;5,92;5,95;6,21;0,16;5,65;3,42;169;10;8
"d1-17-11";"filipulm";5,00;2;6;3;7;6,04;6,20;5,81;6,68;0,21;5,66;3,50;190;12;4
"d1-17-12";"buddldav";13,00;6;4;1;17;5,77;6,04;5,12;6,85;0,21;5,70;3,33;116;9;6
"d1-17-13";"filipulm";6,00;5;3;10;3;6,02;5,95;5,61;6,49;0,16;5,55;3,46;127;4;4
"d1-17-21";"molincae";9,00;5;3;10;4;5,44;5,66;5,34;6,55;0,21;5,56;3,25;106;5;5
"d1-17-24";"buddldav";13,00;6;4;5;17;5,79;6,22;5,08;6,91;0,14;5,82;3,46;134;17;6
"d1-17-31";"filipulm";6,00;5;3;10;3;5,92;5,93;6,29;6,64;0,20;5,55;3,57;123;3;4
"d1-17-42";"buddldav";13,00;6;4;1;17;5,91;6,10;5,02;6,79;0,16;5,74;3,48;139;28;6
"d1-18-11";"filipulm";5,00;6;4;13;7;5,70;5,87;5,56;6,73;0,24;5,71;3,50;181;18;4
"d1-18-23";"molincae";8,00;3;1;13;14;5,42;5,24;6,03;6,40;0,16;5,57;3,43;195;8;5
"d1-18-32";"molincae";8,00;4;4;13;14;5,75;5,63;5,71;6,53;0,26;5,59;3,39;153;15;5
"d1-21-11";"coronsqu";3,00;6;7;12;13;6,62;6,88;6,73;6,91;0,41;5,71;3,46;103;4;2
"d1-21-22";"coronsqu";3,00;6;7;12;13;6,42;7,08;7,01;7,08;0,40;5,88;3,64;144;6;2
"d1-21-23";"coronsqu";3,00;6;7;12;13;6,22;6,90;6,86;7,05;0,41;5,83;3,66;160;9;2
"d1-21-24";"coronsqu";3,00;6;7;12;13;6,28;6,90;6,60;7,04;0,43;5,82;3,54;180;13;2
"d1-21-31";"coronsqu";3,00;6;7;12;13;6,37;6,75;6,10;6,89;0,30;5,73;3,56;157;8;2
"d1-21-32";"coronsqu";3,00;6;7;12;13;6,33;6,80;5,91;6,98;0,34;5,67;3,59;111;10;2
"d1-21-33";"coronsqu";3,00;6;7;12;13;6,46;6,76;5,78;6,89;0,28;5,68;3,52;153;17;2
"d1-22-12";"coronsqu";3,00;6;7;12;13;6,26;6,72;5,97;6,97;0,28;5,81;3,61;151;7;2
"d1-22-13";"coronsqu";3,00;6;7;12;13;6,34;6,98;6,66;7,07;0,47;5,75;3,59;132;7;2
"d1-22-23";"coronsqu";3,00;6;7;12;13;6,40;6,93;6,37;7,23;0,41;5,91;3,63;148;10;2
"d1-22-43";"coronsqu";3,00;6;7;12;13;6,39;6,88;6,17;7,02;0,37;5,82;3,68;133;12;2
"d1-23-12";"coronsqu";3,00;6;7;12;13;6,46;7,12;6,54;7,18;0,39;5,84;3,72;98;4;2
"d1-23-13";"coronsqu";3,00;6;7;12;13;6,17;6,80;5,88;7,06;0,30;5,85;3,69;197;18;2
"d1-23-14";"coronsqu";3,00;2;5;2;13;5,95;6,75;5,67;7,05;0,25;5,80;3,59;204;19;2
"d1-23-23";"buddldav";13,00;6;4;1;17;6,15;6,41;5,14;6,86;0,20;5,84;3,59;132;27;6
"d1-23-24";"buddldav";13,00;6;4;5;17;6,16;6,61;5,23;6,94;0,14;5,76;3,56;105;11;6
"d1-23-32";"astertri";14,00;6;7;5;15;6,03;6,67;5,70;7,12;0,26;5,78;3,57;174;15;7
"d1-23-41";"buddldav";13,00;6;7;5;17;6,17;6,72;5,00;6,98;0,19;5,86;3,49;114;16;6
"d1-24-14";"coronsqu";3,00;6;7;12;13;6,24;6,69;6,00;7,08;0,35;5,78;3,59;125;4;2
"d1-24-21";"filipulm";5,00;6;4;6;7;6,27;6,38;5,97;6,83;0,28;5,74;3,61;157;12;4
"d1-24-42";"loliumul";4,00;6;4;6;11;6,39;6,51;6,29;6,87;0,36;5,67;3,64;141;11;3
"d1-25-12";"loliumul";4,00;6;4;12;11;6,28;6,34;5,42;6,92;0,29;5,70;3,57;125;10;3
"d1-25-22";"loliumul";4,00;6;4;12;11;6,50;6,44;5,60;6,77;0,25;5,74;3,60;119;15;3
"d1-25-32";"filipulm";5,00;6;4;12;7;6,26;6,45;5,90;6,87;0,26;5,72;3,55;161;12;4
"d1-25-34";"buddldav";13,00;6;5;2;17;6,04;6,52;5,33;6,88;0,24;5,81;3,61;162;21;6
"d1-25-44";"filipulm";5,00;6;7;12;7;6,21;6,45;5,83;6,91;0,24;5,73;3,57;168;10;4
"d1-26-33";"buddldav";13,00;6;5;2;17;5,99;6,46;5,28;6,94;0,21;5,85;3,56;172;29;6
"d1-26-34";"loliumul";4,00;6;4;12;11;6,31;6,53;5,71;7,02;0,27;5,67;3,44;96;7;3
"d1-26-41";"buddldav";13,00;6;4;5;17;6,28;6,51;5,30;7,02;0,17;5,85;3,68;125;17;6
"d1-26-42";"buddldav";13,00;6;5;5;17;5,62;6,08;5,17;6,90;0,15;5,80;3,48;182;22;6
"d1-26-43";"buddldav";13,00;6;4;5;17;6,13;6,53;5,22;7,17;0,23;5,86;3,61;120;11;6
"d1-27-21";"loliumul";4,00;6;4;6;11;6,42;6,34;5,68;6,90;0,26;5,83;3,56;136;14;3
"d1-27-23";"loliumul";4,00;6;4;12;11;6,55;6,39;5,67;6,94;0,32;5,63;3,52;99;3;3
"d1-27-31";"loliumul";4,00;6;4;6;11;6,00;6,18;5,57;7,00;0,28;5,72;3,58;141;17;3
"d1-27-32";"filipulm";6,00;6;4;6;3;5,95;6,08;5,78;6,62;0,23;5,63;3,58;158;7;4
"d1-27-42";"loliumul";4,00;6;4;12;11;6,15;6,60;5,43;6,90;0,15;5,79;3,50;100;5;3
"d1-27-44";"loliumul";4,00;6;4;12;11;6,42;6,59;5,34;7,12;0,27;5,92;3,66;86;16;3
"d1-28-13";"loliumul";4,00;6;4;6;11;6,27;6,18;5,82;6,87;0,26;5,73;3,51;122;11;3
"d1-28-23";"loliumul";4,00;6;4;12;11;6,19;6,14;5,64;7,07;0,37;5,75;3,64;114;12;3
"d1-28-31";"buddldav";13,00;6;4;5;17;5,82;6,41;5,11;6,98;0,21;5,78;3,54;159;18;6
"d1-28-34";"filipulm";5,00;2;6;2;7;5,86;6,29;5,78;6,91;0,20;5,79;3,52;224;24;4
"d1-28-44";"loliumul";4,00;6;4;6;11;6,37;6,36;5,73;7,05;0,32;5,78;3,65;122;15;3
"d1-31-12";"coronsqu";3,00;6;7;12;13;6,35;6,82;6,75;6,98;0,38;5,78;3,67;169;10;2
"d1-31-13";"loliumul";4,00;6;7;12;11;6,51;6,54;5,58;6,95;0,35;5,73;3,36;108;9;3
"d1-31-24";"coronsqu";3,00;6;7;12;13;6,22;6,73;6,69;6,88;0,34;5,75;3,58;161;5;2
"d1-31-33";"coronsqu";3,00;6;7;12;13;6,22;6,34;5,91;6,84;0,30;5,66;3,52;154;11;2
"d1-31-34";"coronsqu";3,00;6;7;12;13;6,25;6,76;6,34;6,86;0,28;5,75;3,52;161;9;2
"d1-32-14";"coronsqu";3,00;6;7;12;13;6,28;6,75;6,56;7,01;0,35;5,78;3,59;155;9;2
"d1-32-31";"coronsqu";3,00;6;7;12;13;6,30;6,77;6,72;6,92;0,32;5,75;3,52;167;9;2
"d1-32-32";"coronsqu";3,00;6;7;12;13;6,47;6,94;7,05;7,00;0,35;5,77;3,75;142;4;2
"d1-32-41";"coronsqu";3,00;6;7;12;13;6,36;6,82;6,91;7,14;0,38;5,75;3,80;104;6;2
"d1-32-43";"coronsqu";3,00;6;7;12;13;6,24;6,73;6,62;7,02;0,32;5,80;3,69;195;18;2
"d1-33-11";"coronsqu";3,00;6;7;12;13;6,18;6,81;6,03;7,04;0,27;5,81;3,70;169;18;2
"d1-33-23";"loliumul";4,00;6;4;12;11;6,30;6,53;5,66;6,90;0,30;5,79;3,58;131;13;3
"d1-33-32";"filipulm";6,00;4;7;9;3;6,12;6,36;7,81;6,91;0,35;5,63;3,80;156;5;4
"d1-33-34";"filipulm";6,00;4;2;9;3;6,21;6,38;7,94;6,87;0,32;5,65;3,92;121;1;4
"d1-33-41";"filipulm";6,00;4;2;9;3;5,92;6,22;7,55;6,86;0,26;5,60;3,75;111;2;4
"d1-33-43";"filipulm";6,00;5;3;10;3;6,27;6,41;7,27;6,68;0,28;5,67;3,53;175;10;4
"d1-34-13";"loliumul";4,00;6;4;12;11;6,46;6,45;5,79;6,94;0,31;5,75;3,55;128;11;3
"d1-34-14";"loliumul";4,00;6;4;12;11;6,19;6,45;5,44;6,95;0,27;5,83;3,56;130;10;3
"d1-34-22";"loliumul";4,00;6;4;12;11;6,32;6,45;5,52;6,83;0,29;5,79;3,50;138;10;3
"d1-34-23";"loliumul";4,00;6;4;12;11;5,95;6,08;5,74;6,79;0,30;5,61;3,36;154;9;3
"d1-34-33";"loliumul";4,00;6;4;12;11;6,30;6,43;5,75;6,86;0,28;5,71;3,53;127;7;3
"d1-34-41";"loliumul";4,00;6;4;12;11;6,21;6,46;5,51;6,87;0,21;5,77;3,59;138;11;3
"d1-35-23";"loliumul";4,00;6;4;1;11;6,19;6,25;5,63;6,75;0,34;5,62;3,55;110;7;3
"d1-35-31";"loliumul";4,00;6;7;12;11;6,34;6,56;5,84;7,01;0,25;5,70;3,65;131;5;3
"d1-35-33";"buddldav";13,00;5;4;1;17;6,14;6,14;5,55;6,44;0,26;5,68;3,30;137;15;6
"d1-35-42";"loliumul";4,00;6;4;1;11;6,31;6,28;5,62;6,69;0,21;5,69;3,58;138;15;3
"d1-36-12";"loliumul";4,00;6;4;10;11;6,37;6,41;5,62;6,60;0,30;5,63;3,48;107;7;3
"d1-36-14";"loliumul";4,00;6;4;12;11;6,04;6,21;5,17;6,94;0,29;5,75;3,52;128;11;3
"d1-36-32";"loliumul";4,00;6;4;12;11;6,21;6,41;5,14;6,93;0,23;5,70;3,62;105;7;3
"d1-36-34";"loliumul";4,00;6;4;12;11;6,15;6,53;5,47;6,91;0,26;5,71;3,49;140;7;3
"d1-37-12";"loliumul";4,00;6;4;12;11;6,39;6,53;5,51;6,88;0,27;5,81;3,64;146;19;3
"d1-37-23";"loliumul";4,00;6;4;12;11;6,34;6,10;5,60;6,72;0,23;5,71;3,42;107;12;3
"d1-37-33";"loliumul";4,00;6;4;12;11;6,16;6,23;5,75;6,81;0,30;5,70;3,57;158;12;3
"d1-38-12";"buddldav";13,00;6;4;10;17;5,91;6,09;5,29;6,75;0,20;5,70;3,61;114;5;6
"d1-38-13";"filipulm";5,00;2;6;2;7;6,13;6,42;5,81;6,89;0,23;5,79;3,69;213;31;4
"d1-38-23";"molincae";9,00;5;3;4;4;5,68;5,62;5,54;6,64;0,21;5,47;3,39;144;6;5
"d1-38-31";"buddldav";13,00;6;4;12;17;6,07;6,41;5,30;7,09;0,25;5,85;3,73;142;16;6
"d1-38-33";"loliumul";4,00;6;4;12;11;6,37;6,39;5,83;6,92;0,28;5,74;3,55;122;16;3
"d1-38-41";"filipulm";5,00;6;4;6;7;6,02;6,20;5,84;6,80;0,21;5,72;3,52;186;13;4
"d1-38-42";"buddldav";13,00;6;4;12;17;6,14;6,26;5,38;6,93;0,16;5,78;3,58;152;20;6
"d1-41-12";"coronsqu";3,00;6;7;12;13;6,55;6,81;6,20;6,74;0,32;5,57;3,63;106;6;2
"d1-41-23";"filipulm";6,00;5;7;10;3;6,23;6,80;7,66;7,00;0,30;5,66;3,70;115;4;4
"d1-41-24";"coronsqu";3,00;6;7;12;13;6,23;6,75;6,17;7,06;0,29;5,74;3,78;181;12;2
"d1-41-31";"coronsqu";3,00;2;7;12;13;6,12;6,81;6,23;6,99;0,27;5,75;3,78;200;14;2
"d1-41-44";"loliumul";4,00;6;7;12;11;6,42;6,64;5,93;6,81;0,26;5,65;3,61;144;9;3
"d1-42-13";"coronsqu";3,00;6;7;12;13;6,32;6,83;6,75;6,91;0,38;5,69;3,83;156;6;2
"d1-42-14";"filipulm";6,00;6;7;12;3;6,31;6,81;7,28;7,14;0,50;5,73;3,91;99;2;4
"d1-42-24";"coronsqu";3,00;6;7;12;13;6,36;6,57;6,32;6,95;0,30;5,71;3,57;177;9;2
"d1-42-33";"filipulm";5,00;6;7;12;7;6,45;6,64;6,17;6,83;0,24;5,71;3,72;160;13;4
"d1-42-41";"coronsqu";3,00;6;7;12;13;6,44;6,59;5,87;7,02;0,31;5,78;3,67;156;17;2
"d1-43-13";"coronsqu";3,00;6;7;12;13;6,35;6,72;6,03;6,79;0,35;5,58;3,51;101;5;2
"d1-43-21";"filipulm";5,00;6;7;12;7;6,17;6,53;6,43;6,97;0,26;5,75;3,72;179;13;4
"d1-43-31";"filipulm";6,00;6;7;10;3;6,45;6,59;6,68;6,92;0,22;5,66;3,55;123;5;4
"d1-43-32";"loliumul";4,00;6;4;12;11;6,40;6,47;5,73;6,78;0,21;5,82;3,56;148;23;3
"d1-43-41";"coronsqu";3,00;6;7;12;13;6,22;6,57;5,93;6,98;0,31;5,77;3,53;148;11;2
"d1-44-13";"coronsqu";3,00;6;7;12;13;5,95;6,15;5,94;6,79;0,29;5,64;3,46;148;6;2
"d1-44-21";"filipulm";6,00;5;3;10;3;6,10;5,83;5,88;6,56;0,27;5,58;3,39;98;4;4
"d1-44-32";"loliumul";4,00;6;4;1;11;6,15;6,17;5,31;6,76;0,23;5,72;3,66;141;16;3
"d1-44-34";"primuela";17,00;5;3;10;16;6,04;5,83;5,67;6,38;0,21;5,51;3,43;101;5;8
"d1-44-42";"primuela";17,00;5;3;10;16;6,14;5,94;5,75;6,40;0,17;5,54;3,46;138;10;8
"d1-44-44";"loliumul";4,00;5;4;10;11;6,00;6,18;5,61;6,57;0,22;5,50;3,41;99;4;3
"d1-45-11";"primuela";16,00;1;8;8;5;5,66;5,77;6,00;6,30;0,20;5,56;3,22;214;21;8
"d1-45-12";"molincae";9,00;4;2;4;4;5,46;5,64;5,92;6,42;0,23;5,47;3,41;149;4;5
"d1-45-13";"molincae";10,00;3;1;11;12;5,01;5,30;5,98;6,75;0,18;5,61;3,28;281;17;5
"d1-45-14";"molincae";8,00;4;2;13;14;4,96;5,13;5,91;6,69;0,15;5,54;3,15;188;11;5
"d1-45-24";"buddldav";13,00;6;5;2;17;5,82;6,16;5,20;6,88;0,22;5,77;3,54;177;21;6
"d1-45-31";"molincae";11,00;4;2;9;8;5,07;5,24;5,96;6,51;0,15;5,52;3,19;140;1;5
"d1-45-32";"molincae";8,00;3;1;13;14;5,35;5,59;5,86;6,65;0,17;5,61;3,30;219;8;5
"d1-45-33";"loliumul";4,00;6;4;12;11;6,03;5,84;5,56;6,88;0,29;5,64;3,45;97;7;3
"d1-45-34";"filipulm";5,00;6;4;6;7;5,90;6,22;5,40;6,91;0,26;5,73;3,48;176;12;4
"d1-46-11";"buddldav";13,00;6;4;1;17;6,06;6,35;5,20;6,75;0,19;5,70;3,50;145;17;6
"d1-46-13";"loliumul";4,00;6;4;12;11;6,31;6,51;5,78;6,75;0,33;5,67;3,48;126;7;3
"d1-46-22";"loliumul";4,00;6;4;12;11;6,26;6,41;5,75;6,79;0,19;5,69;3,44;121;6;3
"d1-46-24";"loliumul";4,00;6;4;12;11;6,26;6,43;5,75;6,93;0,24;5,83;3,70;155;22;3
"d1-47-13";"filipulm";5,00;6;4;12;7;6,40;6,59;5,73;6,91;0,26;5,83;3,70;163;23;4
"d1-47-21";"filipulm";5,00;6;4;6;7;6,11;6,33;5,81;7,01;0,23;5,86;3,66;181;25;4
"d1-47-23";"filipulm";5,00;6;4;12;7;6,27;6,51;5,79;6,75;0,22;5,82;3,65;173;17;4
"d1-47-41";"loliumul";4,00;6;4;12;11;6,41;6,54;5,70;6,99;0,21;5,75;3,71;128;10;3
"d1-47-42";"buddldav";13,00;6;4;12;17;6,18;6,50;5,43;7,00;0,21;5,82;3,54;141;24;6
"d1-48-11";"filipulm";7,00;2;6;2;9;5,87;6,25;5,84;6,97;0,20;5,76;3,59;246;39;4
"d1-48-13";"buddldav";12,00;2;5;2;2;5,79;6,26;5,52;7,02;0,18;5,79;3,61;211;42;6
"d1-48-14";"loliumul";4,00;6;4;12;11;6,48;6,52;5,95;7,03;0,27;5,62;3,64;92;8;3
"d1-48-31";"buddldav";12,00;2;5;2;2;5,62;6,29;5,17;6,84;0,14;5,87;3,60;227;62;6
"d1-48-32";"buddldav";13,00;6;4;5;17;6,07;6,28;5,52;7,08;0,23;5,82;3,67;116;24;6
"d1-48-33";"buddldav";13,00;6;5;5;17;5,95;6,51;5,00;7,01;0,22;5,97;3,57;139;46;6
"d1-48-34";"buddldav";13,00;6;4;5;17;6,04;6,65;4,99;7,13;0,22;6,03;3,69;109;33;6
"d1-48-43";"buddldav";13,00;6;5;2;17;6,38;6,64;5,40;7,08;0,27;5,93;3,68;157;35;6
"d1-51-13";"coronsqu";3,00;6;7;12;13;6,37;6,63;5,92;6,92;0,25;5,74;3,64;171;12;2
"d1-51-21";"coronsqu";3,00;6;7;12;13;6,39;6,76;5,96;6,91;0,29;5,70;3,57;142;11;2
"d1-51-32";"coronsqu";3,00;6;7;12;13;6,37;6,79;5,85;6,70;0,25;5,60;3,55;119;7;2
"d1-51-44";"loliumul";4,00;6;4;12;11;6,35;6,58;5,77;6,97;0,25;5,74;3,62;135;14;3
"d1-52-12";"coronsqu";3,00;6;7;12;13;6,30;6,68;6,11;6,69;0,25;5,62;3,48;114;4;2
"d1-52-23";"loliumul";4,00;6;7;12;11;6,40;6,62;6,17;6,97;0,29;5,72;3,59;131;11;3
"d1-52-42";"loliumul";4,00;6;4;12;11;6,52;6,55;5,87;6,94;0,25;5,81;3,66;149;18;3
"d1-52-43";"loliumul";4,00;6;4;12;11;6,41;6,57;5,59;6,77;0,25;5,65;3,59;109;8;3
"d1-53-13";"coronsqu";3,00;6;7;12;13;6,26;6,84;6,46;6,95;0,32;5,62;3,66;129;5;2
"d1-53-23";"loliumul";4,00;6;4;12;11;6,33;6,55;5,94;6,95;0,27;5,75;3,58;144;17;3
"d1-53-31";"loliumul";4,00;6;4;12;11;6,41;6,68;5,86;6,95;0,22;5,77;3,65;149;14;3
"d1-53-34";"coronsqu";3,00;6;7;12;13;6,41;6,82;6,02;6,83;0,26;5,74;3,67;162;15;2
"d1-54-22";"buddldav";13,00;6;4;12;17;5,94;6,45;5,01;6,95;0,20;5,68;3,51;116;11;6
"d1-54-24";"buddldav";13,00;6;4;5;17;5,90;6,63;5,07;7,03;0,20;5,74;3,34;98;9;6
"d1-54-34";"buddldav";13,00;2;5;2;17;6,11;6,56;5,45;6,98;0,23;5,81;3,62;193;21;6
"d1-54-41";"loliumul";4,00;6;4;12;11;5,94;6,49;5,40;7,07;0,30;5,81;3,69;154;16;3
"d1-55-11";"loliumul";4,00;6;4;12;11;5,99;6,25;5,35;6,76;0,23;5,64;3,45;138;9;3
"d1-55-21";"loliumul";4,00;6;4;12;11;6,61;6,52;6,14;6,90;0,27;5,71;3,62;134;14;3
"d1-55-32";"coronsqu";3,00;6;7;12;13;6,16;6,57;5,43;6,93;0,27;5,77;3,56;145;12;2
"d1-55-43";"loliumul";4,00;6;4;12;11;6,38;6,59;5,96;7,03;0,31;5,67;3,73;100;6;3
"d1-56-11";"loliumul";4,00;6;4;1;11;6,27;6,09;5,59;6,81;0,29;5,77;3,53;137;17;3
"d1-56-14";"loliumul";4,00;6;4;1;11;6,30;6,16;5,67;6,61;0,29;5,67;3,49;118;12;3
"d1-56-32";"filipulm";6,00;5;3;10;3;5,76;5,82;6,17;6,43;0,19;5,48;3,58;149;3;4
"d1-57-12";"filipulm";6,00;6;3;10;3;6,27;6,32;6,23;6,77;0,20;5,60;3,69;119;5;4
"d1-57-23";"loliumul";4,00;6;4;12;11;6,52;6,62;5,38;6,84;0,28;5,82;3,61;99;8;3
"d1-57-24";"loliumul";4,00;6;4;12;11;6,43;6,53;5,57;7,07;0,31;5,91;3,69;101;18;3
"d1-57-41";"loliumul";4,00;6;4;1;11;6,26;6,41;5,54;6,66;0,26;5,73;3,63;148;14;3
"d1-58-11";"buddldav";13,00;6;4;5;17;6,25;6,43;5,09;7,02;0,16;5,81;3,57;82;20;6
"d1-58-12";"buddldav";13,00;6;5;5;17;5,85;6,53;4,93;7,13;0,15;5,95;3,72;150;35;6
"d1-58-14";"filipulm";7,00;2;6;3;9;5,81;5,92;6,06;6,58;0,17;5,73;3,46;236;24;4
"d1-58-21";"buddldav";13,00;6;4;5;17;5,85;6,65;4,75;7,14;0,19;6,00;3,75;124;29;6
"d1-58-22";"filipulm";5,00;2;5;2;7;6,26;6,53;5,87;7,03;0,20;5,79;3,75;185;31;4
"d1-58-32";"buddldav";12,00;2;5;2;2;5,94;6,43;5,65;6,97;0,29;5,82;3,65;204;48;6
"d1-58-41";"buddldav";13,00;6;4;1;17;6,29;6,50;5,36;6,93;0,18;5,85;3,62;156;24;6
"d1-58-42";"loliumul";4,00;6;4;5;11;6,53;6,61;5,48;7,11;0,17;5,88;3,84;112;20;3
"d2-11-13";"filipulm";5,00;6;4;6;7;6,06;6,10;5,72;6,76;0,26;5,73;3,54;160;14;4
"d2-11-22";"molincae";9,00;6;4;1;4;5,78;5,61;5,66;6,41;0,24;5,68;3,45;147;18;5
"d2-11-23";"primuela";17,00;5;3;10;16;5,84;5,24;5,82;6,52;0,20;5,48;3,38;98;10;8
"d2-11-34";"loliumul";4,00;6;4;6;11;6,00;5,88;5,84;6,83;0,28;5,73;3,48;133;15;3
"d2-11-42";"molincae";8,00;1;8;13;14;5,89;5,75;5,66;6,33;0,23;5,56;3,34;178;21;5
"d2-12-11";"molincae";11,00;4;2;9;8;4,99;4,91;6,07;6,27;0,23;5,57;3,32;135;9;5
"d2-12-14";"molincae";9,00;6;4;4;4;6,10;5,78;5,60;6,69;0,25;5,74;3,52;135;20;5
"d2-12-23";"loliumul";4,00;6;4;6;11;6,22;6,12;5,64;6,84;0,27;5,79;3,52;127;15;3
"d2-12-32";"loliumul";4,00;6;4;12;11;6,42;6,23;5,56;6,86;0,28;5,80;3,53;122;13;3
"d2-12-43";"loliumul";4,00;6;4;12;11;6,10;6,25;5,64;6,82;0,35;5,72;3,53;110;12;3
"d2-12-44";"buddldav";13,00;6;4;1;17;6,15;6,35;5,39;6,87;0,24;5,70;3,36;91;18;6
"d2-13-11";"molincae";9,00;4;4;4;4;6,00;5,77;5,71;6,49;0,18;5,71;3,27;134;21;5
"d2-13-22";"molincae";10,00;3;1;11;12;4,74;5,01;6,10;6,69;0,17;5,48;3,25;248;15;5
"d2-13-24";"molincae";8,00;3;1;13;14;4,80;4,93;5,66;6,68;0,16;5,55;3,25;214;15;5
"d2-13-34";"loliumul";4,00;6;4;6;11;6,21;6,04;5,73;6,80;0,26;5,75;3,44;147;18;3
"d2-13-42";"molincae";9,00;4;2;4;4;5,36;5,34;5,78;6,74;0,29;5,55;3,31;154;10;5
"d2-13-44";"filipulm";6,00;5;6;6;3;6,03;5,96;6,47;6,69;0,25;5,61;3,51;169;5;4
"d2-14-11";"molincae";8,00;3;1;13;14;4,74;4,81;5,94;6,81;0,20;5,54;3,20;242;20;5
"d2-14-12";"molincae";8,00;4;2;13;14;5,09;5,09;5,76;6,70;0,20;5,59;3,27;176;15;5
"d2-14-13";"molincae";8,00;3;1;13;14;5,27;5,32;5,96;6,62;0,21;5,61;3,35;227;22;5
"d2-14-14";"primuela";16,00;3;1;13;5;5,51;5,63;6,03;6,30;0,15;5,54;3,46;261;23;8
"d2-14-22";"molincae";9,00;4;2;4;4;5,24;4,95;6,10;6,65;0,19;5,57;3,29;130;12;5
"d2-14-23";"primuela";17,00;5;3;8;16;5,48;5,29;6,48;5,95;0,10;5,42;3,28;126;9;8
"d2-14-31";"filipulm";6,00;6;4;6;3;5,84;6,00;6,15;6,81;0,27;5,55;3,54;133;5;4
"d2-14-32";"primuela";16,00;1;8;7;5;5,89;5,92;6,19;6,30;0,20;5,58;3,52;224;15;8
"d2-14-33";"filipulm";6,00;6;4;6;3;6,07;6,04;6,24;6,68;0,27;5,59;3,50;152;6;4
"d2-14-34";"filipulm";5,00;2;6;6;7;6,32;6,17;6,27;6,94;0,27;5,72;3,68;193;19;4
"d2-14-41";"primuela";17,00;5;3;8;16;5,29;5,48;6,37;5,48;0,02;5,44;3,38;106;8;8
"d2-14-42";"filipulm";7,00;1;6;3;9;5,77;6,03;6,16;6,58;0,18;5,67;3,54;292;26;4
"d2-15-11";"molincae";9,00;4;2;4;4;5,42;4,90;5,63;6,48;0,21;5,57;3,29;104;11;5
"d2-15-12";"loliumul";4,00;6;4;6;11;6,01;5,59;6,01;6,74;0,27;5,71;3,48;119;11;3
"d2-15-22";"buddldav";13,00;6;4;1;17;5,96;6,19;5,10;6,94;0,28;5,80;3,51;115;16;6
"d2-15-31";"molincae";10,00;3;1;13;12;5,82;5,64;6,30;6,34;0,21;5,55;3,54;196;14;5
"d2-15-34";"primuela";17,00;5;3;10;16;6,10;6,13;6,31;6,11;0,10;5,48;3,56;116;9;8
"d2-15-41";"loliumul";4,00;6;4;6;11;6,11;5,80;5,66;6,95;0,29;5,74;3,65;126;14;3
"d2-15-42";"molincae";9,00;6;4;4;4;5,83;5,55;5,43;6,85;0,28;5,73;3,55;115;15;5
"d2-15-43";"filipulm";6,00;6;4;6;3;5,93;5,91;5,87;6,56;0,22;5,63;3,53;149;13;4
"d2-16-11";"loliumul";4,00;6;4;6;11;6,28;6,10;5,40;6,95;0,26;5,82;3,68;125;17;3
"d2-16-12";"filipulm";7,00;2;6;3;9;5,83;6,01;5,87;6,73;0,20;5,68;3,56;247;25;4
"d2-16-13";"molincae";8,00;3;1;13;14;5,60;5,32;6,06;6,65;0,24;5,65;3,39;163;15;5
"d2-16-14";"molincae";10,00;3;1;11;12;5,63;5,54;6,36;6,53;0,21;5,60;3,33;254;22;5
"d2-16-21";"filipulm";7,00;2;6;3;9;5,69;5,92;5,95;6,69;0,19;5,69;3,49;257;27;4
"d2-16-22";"filipulm";7,00;3;6;13;9;5,80;5,80;6,15;6,61;0,19;5,61;3,49;242;15;4
"d2-16-23";"molincae";8,00;3;1;13;14;5,49;5,33;6,26;6,49;0,19;5,56;3,41;196;21;5
"d2-16-24";"filipulm";7,00;3;6;13;9;5,73;5,70;5,87;6,66;0,18;5,70;3,53;258;21;4
"d2-16-31";"molincae";8,00;4;2;13;14;5,85;5,43;5,93;6,70;0,20;5,63;3,42;143;12;5
"d2-16-32";"molincae";8,00;3;1;13;14;5,39;5,38;5,82;6,82;0,23;5,71;3,45;232;22;5
"d2-16-33";"loliumul";4,00;6;4;6;11;6,18;5,89;5,45;6,87;0,28;5,77;3,67;120;11;3
"d2-16-34";"filipulm";6,00;4;2;6;3;5,85;5,31;6,13;6,76;0,23;5,56;3,42;131;7;4
"d2-16-41";"molincae";10,00;3;1;11;12;5,48;5,57;6,11;6,58;0,18;5,59;3,43;267;18;5
"d2-16-42";"filipulm";7,00;3;6;3;9;5,81;5,85;6,10;6,48;0,21;5,63;3,56;244;18;4
"d2-16-44";"primuela";16,00;3;1;8;5;5,75;5,76;6,36;6,39;0,15;5,56;3,50;223;10;8
"d2-17-11";"filipulm";7,00;2;6;3;9;6,03;5,97;6,04;6,60;0,18;5,68;3,53;231;20;4
"d2-17-12";"filipulm";5,00;6;4;6;7;6,09;5,76;5,75;6,82;0,23;5,74;3,65;160;11;4
"d2-17-13";"filipulm";7,00;2;6;3;9;6,02;5,87;6,12;6,57;0,22;5,68;3,50;229;20;4
"d2-17-14";"filipulm";5,00;2;6;3;7;6,17;6,16;6,08;6,71;0,22;5,70;3,56;205;22;4
"d2-17-21";"filipulm";6,00;5;3;10;3;6,11;5,93;6,56;6,40;0,21;5,47;3,59;140;10;4
"d2-17-22";"filipulm";5,00;2;6;3;7;5,91;6,29;6,10;6,91;0,22;5,76;3,66;210;26;4
"d2-17-24";"filipulm";6,00;5;6;6;3;6,02;6,03;6,34;6,59;0,15;5,62;3,64;177;11;4
"d2-17-31";"filipulm";5,00;2;6;3;7;6,05;5,91;5,95;6,66;0,24;5,72;3,57;212;17;4
"d2-17-34";"filipulm";6,00;5;3;6;3;6,00;6,14;6,36;6,75;0,21;5,56;3,56;146;10;4
"d2-17-41";"filipulm";7,00;2;6;3;9;5,82;6,06;5,89;6,85;0,23;5,72;3,53;226;17;4
"d2-17-42";"filipulm";5,00;6;4;6;7;6,24;6,08;5,76;6,85;0,27;5,77;3,67;152;15;4
"d2-17-43";"filipulm";5,00;6;6;6;7;6,27;6,41;6,17;6,80;0,22;5,66;3,62;163;14;4
"d2-17-44";"filipulm";6,00;6;4;6;3;6,18;6,45;6,25;6,96;0,22;5,66;3,63;138;11;4
"d2-18-14";"filipulm";5,00;2;6;3;7;6,13;6,06;6,35;6,67;0,25;5,66;3,55;201;14;4
"d2-18-21";"filipulm";5,00;2;6;6;7;5,92;6,07;5,82;6,77;0,21;5,73;3,75;190;22;4
"d2-18-22";"filipulm";7,00;2;6;3;9;5,92;6,18;6,22;6,83;0,21;5,68;3,58;243;24;4
"d2-18-23";"filipulm";7,00;2;6;3;9;5,95;6,19;6,35;6,79;0,21;5,65;3,57;225;22;4
"d2-18-24";"filipulm";6,00;6;6;6;3;6,05;6,22;7,00;6,83;0,24;5,55;3,67;151;8;4
"d2-18-31";"filipulm";5,00;2;6;3;7;5,98;6,07;6,02;6,67;0,14;5,66;3,60;199;20;4
"d2-18-32";"filipulm";6,00;5;6;6;3;6,27;6,21;6,36;6,40;0,23;5,61;3,56;165;14;4
"d2-18-33";"filipulm";5,00;2;6;3;7;6,00;6,32;6,00;6,74;0,24;5,72;3,58;202;25;4
"d2-18-41";"filipulm";6,00;6;4;6;3;6,25;6,23;6,50;6,73;0,22;5,68;3,68;135;9;4
"d2-18-42";"filipulm";5,00;6;4;6;7;6,14;6,04;5,88;6,77;0,27;5,74;3,54;147;14;4
"d2-18-43";"filipulm";6,00;6;4;6;3;6,23;6,54;6,25;6,77;0,19;5,61;3,78;147;10;4
"d2-18-44";"filipulm";5,00;2;6;6;7;6,06;6,36;6,07;6,95;0,26;5,72;3,62;184;23;4
"d2-21-12";"loliumul";4,00;6;4;12;11;6,37;6,16;5,39;6,92;0,34;5,82;3,55;96;10;3
"d2-21-21";"loliumul";4,00;6;4;12;11;6,31;6,19;5,55;6,95;0,34;5,79;3,50;109;12;3
"d2-21-22";"loliumul";4,00;6;4;1;11;6,15;6,03;5,37;6,87;0,34;5,77;3,60;104;19;3
"d2-21-34";"loliumul";4,00;6;4;12;11;6,26;6,29;5,54;7,00;0,37;5,79;3,73;104;12;3
"d2-21-43";"primuela";17,00;5;3;10;16;6,19;6,25;5,82;6,39;0,23;5,55;3,58;144;9;8
"d2-22-12";"loliumul";4,00;6;4;10;11;6,14;6,03;5,64;6,70;0,27;5,74;3,44;103;9;3
"d2-22-34";"loliumul";4,00;6;4;12;11;6,48;6,56;5,63;6,82;0,30;5,78;3,58;103;12;3
"d2-22-42";"filipulm";6,00;5;3;10;3;6,19;6,07;6,19;6,44;0,20;5,46;3,59;116;3;4
"d2-22-43";"loliumul";4,00;6;4;12;11;6,51;6,31;5,74;6,83;0,32;5,67;3,50;109;7;3
"d2-23-13";"filipulm";6,00;5;3;10;3;5,84;5,62;6,11;6,30;0,22;5,42;3,54;124;2;4
"d2-23-22";"filipulm";6,00;5;4;6;3;5,85;5,97;5,86;6,63;0,30;5,57;3,54;133;3;4
"d2-23-24";"filipulm";6,00;6;4;6;3;5,90;6,27;6,38;6,80;0,24;5,58;3,62;135;2;4
"d2-23-31";"filipulm";6,00;5;3;10;3;6,05;5,92;6,45;6,67;0,25;5,52;3,54;121;2;4
"d2-23-42";"loliumul";4,00;6;4;6;11;6,18;6,20;5,93;6,73;0,24;5,67;3,47;130;3;3
"d2-24-11";"filipulm";6,00;6;4;6;3;5,96;6,03;6,39;6,77;0,23;5,60;3,46;144;9;4
"d2-24-12";"filipulm";6,00;6;6;6;3;6,00;6,21;6,67;6,72;0,29;5,57;3,50;169;7;4
"d2-24-13";"filipulm";6,00;6;4;6;3;6,04;5,98;6,21;6,78;0,25;5,66;3,49;146;7;4
"d2-24-14";"filipulm";6,00;6;4;6;3;6,09;6,15;6,68;6,82;0,32;5,62;3,53;146;7;4
"d2-24-22";"loliumul";4,00;6;4;12;11;6,31;6,33;5,88;7,01;0,33;5,80;3,48;98;13;3
"d2-24-31";"filipulm";6,00;6;4;6;3;6,10;6,16;6,36;6,70;0,23;5,61;3,38;144;1;4
"d2-24-32";"filipulm";6,00;5;4;6;3;6,03;5,85;6,07;6,48;0,19;5,60;3,48;158;7;4
"d2-24-42";"loliumul";4,00;6;4;12;11;6,41;6,55;5,72;6,90;0,34;5,65;3,49;104;12;3
"d2-25-13";"loliumul";4,00;6;4;6;11;6,23;6,39;5,97;6,81;0,27;5,76;3,45;138;17;3
"d2-25-21";"filipulm";6,00;5;3;10;3;6,29;6,28;6,05;6,37;0,19;5,61;3,55;114;6;4
"d2-25-22";"filipulm";5,00;1;6;6;7;5,99;5,93;5,93;6,42;0,23;5,65;3,50;195;12;4
"d2-25-24";"primuela";16,00;1;8;7;5;5,78;5,91;6,02;6,31;0,16;5,61;3,48;256;18;8
"d2-25-31";"loliumul";4,00;6;4;6;11;6,31;6,35;6,01;6,79;0,28;5,67;3,63;143;19;3
"d2-25-42";"loliumul";4,00;6;4;6;11;6,50;6,44;6,28;6,94;0,32;5,74;3,63;130;15;3
"d2-26-11";"filipulm";5,00;6;4;13;7;5,88;5,69;5,68;6,51;0,24;5,72;3,46;168;18;4
"d2-26-12";"primuela";16,00;1;8;7;5;6,05;5,96;5,89;6,45;0,23;5,63;3,55;213;17;8
"d2-26-13";"filipulm";5,00;6;4;6;7;6,09;5,87;5,90;6,70;0,26;5,67;3,52;159;20;4
"d2-26-14";"loliumul";4,00;6;4;6;11;6,34;6,04;5,85;6,92;0,32;5,72;3,64;122;14;3
"d2-26-21";"molincae";9,00;4;4;6;4;5,91;5,52;6,00;6,84;0,34;5,67;3,56;129;9;5
"d2-26-34";"loliumul";4,00;6;4;12;11;6,33;6,45;5,89;7,00;0,35;5,76;3,71;123;11;3
"d2-26-41";"filipulm";6,00;5;3;10;3;6,17;6,26;6,35;6,48;0,27;5,54;3,46;159;5;4
"d2-26-42";"filipulm";5,00;6;4;6;7;6,16;6,22;5,85;6,69;0,21;5,68;3,66;149;11;4
"d2-26-43";"filipulm";5,00;6;4;6;7;6,25;6,24;6,08;6,74;0,25;5,63;3,68;161;10;4
"d2-27-13";"filipulm";5,00;6;4;6;7;6,26;6,44;6,15;6,87;0,26;5,70;3,50;150;16;4
"d2-27-22";"filipulm";5,00;2;6;3;7;6,13;6,35;6,05;6,83;0,24;5,68;3,56;207;23;4
"d2-27-31";"filipulm";5,00;6;4;6;7;6,14;6,19;5,68;6,81;0,24;5,74;3,59;165;11;4
"d2-27-41";"loliumul";4,00;6;4;12;11;6,54;6,68;5,84;6,92;0,21;5,80;3,58;126;16;3
"d2-27-43";"filipulm";5,00;2;6;6;7;6,22;6,35;5,87;6,88;0,28;5,74;3,69;175;17;4
"d2-28-11";"filipulm";6,00;6;4;6;3;6,20;6,37;6,01;6,77;0,25;5,73;3,59;133;12;4
"d2-28-14";"filipulm";5,00;6;4;6;7;6,14;6,25;6,07;6,90;0,30;5,66;3,65;157;11;4
"d2-28-21";"filipulm";5,00;6;4;6;7;6,29;6,15;6,03;6,91;0,28;5,72;3,70;153;16;4
"d2-28-22";"filipulm";5,00;6;4;6;7;6,18;6,18;6,05;6,98;0,25;5,72;3,65;145;14;4
"d2-28-23";"filipulm";6,00;5;6;6;3;5,99;5,94;5,97;6,66;0,24;5,62;3,54;162;21;4
"d2-28-24";"filipulm";5,00;6;4;6;7;6,29;6,14;6,11;6,71;0,31;5,70;3,58;146;18;4
"d2-28-34";"filipulm";6,00;5;3;10;3;6,30;5,90;5,89;6,53;0,29;5,68;3,38;97;12;4
"d2-28-41";"filipulm";7,00;3;6;3;9;5,97;6,09;6,88;6,58;0,26;5,59;3,60;212;22;4
"d2-28-42";"filipulm";7,00;2;6;3;9;5,94;6,24;6,67;6,69;0,21;5,68;3,63;281;34;4
"d2-28-43";"filipulm";6,00;5;3;10;3;6,06;6,13;6,86;6,55;0,25;5,48;3,53;138;6;4
"d2-28-44";"filipulm";7,00;2;6;3;9;5,88;5,90;6,55;6,59;0,20;5,66;3,54;285;32;4
"d2-31-13";"loliumul";4,00;6;4;12;11;6,39;6,43;5,66;6,84;0,36;5,65;3,57;115;9;3
"d2-31-23";"loliumul";4,00;6;4;1;11;6,04;6,19;5,22;6,77;0,30;5,79;3,63;126;18;3
"d2-31-34";"loliumul";4,00;6;4;12;11;6,46;6,49;5,68;6,93;0,30;5,75;3,60;103;15;3
"d2-31-41";"loliumul";4,00;6;4;12;11;6,24;6,40;5,73;6,73;0,23;5,56;3,48;102;6;3
"d2-32-11";"buddldav";13,00;6;4;12;17;6,14;6,48;5,53;6,95;0,34;5,80;3,68;143;15;6
"d2-32-21";"loliumul";4,00;6;4;6;11;6,06;6,16;5,74;6,87;0,31;5,71;3,45;125;8;3
"d2-32-33";"filipulm";5,00;6;4;6;7;6,23;6,37;5,78;6,88;0,29;5,74;3,51;159;23;4
"d2-32-41";"buddldav";13,00;6;4;5;17;6,23;6,35;5,23;6,90;0,18;5,83;3,65;126;23;6
"d2-32-44";"loliumul";4,00;6;4;12;11;6,39;6,62;5,69;6,96;0,27;5,72;3,75;98;6;3
"d2-33-23";"loliumul";4,00;6;4;12;11;6,18;6,42;5,82;6,88;0,26;5,76;3,55;136;12;3
"d2-33-33";"loliumul";4,00;6;4;12;11;6,21;6,37;5,74;6,91;0,28;5,76;3,58;126;16;3
"d2-33-42";"buddldav";13,00;6;4;1;17;6,10;6,15;5,37;6,75;0,21;5,81;3,59;129;21;6
"d2-33-43";"filipulm";5,00;2;5;2;7;6,02;6,34;5,50;6,77;0,19;5,83;3,58;210;22;4
"d2-34-13";"loliumul";4,00;6;4;12;11;6,17;6,67;5,58;7,11;0,31;5,82;3,73;110;18;3
"d2-34-31";"loliumul";4,00;6;4;12;11;6,27;6,55;5,67;6,89;0,30;5,78;3,64;128;10;3
"d2-34-34";"loliumul";4,00;6;4;6;11;6,49;6,39;5,75;6,70;0,29;5,69;3,65;104;8;3
"d2-34-43";"loliumul";4,00;6;4;6;11;6,49;6,58;6,00;6,84;0,26;5,68;3,67;111;8;3
"d2-35-12";"filipulm";6,00;6;4;6;3;6,42;6,35;6,23;6,79;0,35;5,56;3,56;104;5;4
"d2-35-21";"loliumul";4,00;6;4;6;11;6,45;6,56;6,11;6,63;0,29;5,58;3,51;119;4;3
"d2-35-33";"loliumul";4,00;6;4;12;11;6,14;6,29;5,39;6,92;0,28;5,72;3,56;141;10;3
"d2-35-34";"filipulm";5,00;2;6;6;7;5,94;6,34;5,69;6,69;0,21;5,67;3,54;185;16;4
"d2-35-41";"loliumul";4,00;6;4;12;11;6,31;6,41;5,60;6,99;0,32;5,73;3,59;107;9;3
"d2-35-42";"loliumul";4,00;6;4;6;11;6,35;6,24;6,38;6,89;0,35;5,68;3,53;126;9;3
"d2-35-43";"loliumul";4,00;6;4;6;11;6,24;6,37;5,78;6,90;0,28;5,67;3,59;143;13;3
"d2-35-44";"loliumul";4,00;6;7;12;11;6,26;6,43;6,24;6,88;0,40;5,65;3,56;122;8;3
"d2-36-14";"loliumul";4,00;6;4;6;11;6,20;6,15;5,68;6,90;0,29;5,73;3,64;135;13;3
"d2-36-24";"filipulm";5,00;6;4;6;7;6,26;6,02;5,93;6,86;0,28;5,67;3,51;133;14;4
"d2-36-31";"filipulm";6,00;5;3;10;3;6,06;6,09;6,41;6,54;0,32;5,55;3,44;127;2;4
"d2-36-32";"filipulm";7,00;1;6;3;9;6,01;6,25;6,44;6,50;0,21;5,62;3,56;242;11;4
"d2-36-33";"filipulm";5,00;2;6;3;7;6,07;6,16;6,40;6,60;0,25;5,61;3,54;197;10;4
"d2-36-34";"filipulm";6,00;5;3;6;3;6,14;6,21;6,15;6,54;0,24;5,59;3,59;161;6;4
"d2-36-41";"filipulm";6,00;1;6;3;3;5,90;6,27;6,89;6,50;0,22;5,53;3,52;223;8;4
"d2-36-42";"filipulm";7,00;2;6;3;9;5,96;6,32;6,46;6,89;0,21;5,69;3,67;267;28;4
"d2-36-43";"loliumul";4,00;6;4;6;11;6,29;6,42;6,05;6,96;0,33;5,71;3,66;137;12;3
"d2-36-44";"filipulm";5,00;2;6;2;7;6,30;6,51;5,92;6,88;0,26;5,78;3,67;202;29;4
"d2-37-12";"loliumul";4,00;6;4;6;11;6,36;6,16;5,80;6,97;0,33;5,70;3,64;116;15;3
"d2-37-14";"filipulm";5,00;6;7;6;7;6,13;6,40;6,06;6,99;0,28;5,65;3,70;156;10;4
"d2-37-21";"filipulm";6,00;5;3;10;3;6,15;6,25;6,42;6,61;0,16;5,45;3,69;129;3;4
"d2-37-22";"filipulm";6,00;5;3;6;3;6,15;6,16;6,24;6,45;0,19;5,58;3,54;132;11;4
"d2-37-23";"loliumul";4,00;6;4;6;11;6,19;6,47;5,74;7,13;0,27;5,69;3,79;118;9;3
"d2-37-24";"filipulm";5,00;6;4;6;7;6,25;6,27;5,71;6,87;0,27;5,74;3,66;132;20;4
"d2-37-31";"filipulm";7,00;2;6;3;9;5,96;6,31;6,44;6,87;0,22;5,67;3,55;220;17;4
"d2-37-32";"filipulm";7,00;2;6;3;9;6,05;6,41;5,87;6,91;0,21;5,77;3,73;248;37;4
"d2-37-33";"buddldav";12,00;2;5;2;2;6,13;6,58;5,80;6,89;0,23;5,80;3,76;235;47;6
"d2-37-34";"filipulm";5,00;6;4;6;7;6,11;6,56;5,80;6,96;0,25;5,76;3,65;162;15;4
"d2-37-41";"filipulm";7,00;2;6;3;9;6,24;6,41;6,50;6,85;0,28;5,80;3,62;230;23;4
"d2-37-42";"filipulm";7,00;2;6;3;9;5,97;6,52;6,67;6,94;0,29;5,78;3,68;248;17;4
"d2-37-43";"filipulm";6,00;6;4;6;3;6,34;6,78;6,52;6,89;0,27;5,68;4,00;134;12;4
"d2-37-44";"filipulm";5,00;2;6;3;7;6,01;6,48;6,43;6,90;0,30;5,79;3,68;205;21;4
"d2-38-11";"filipulm";5,00;6;4;6;7;6,35;6,19;6,00;6,92;0,26;5,71;3,70;152;22;4
"d2-38-12";"filipulm";5,00;2;6;3;7;6,23;6,25;6,18;6,87;0,27;5,75;3,66;195;17;4
"d2-38-13";"filipulm";7,00;2;6;3;9;6,13;6,36;6,26;6,59;0,22;5,67;3,64;236;29;4
"d2-38-14";"filipulm";6,00;6;6;6;3;6,24;6,42;6,50;6,90;0,27;5,73;3,65;164;14;4
"d2-38-21";"molincae";8,00;1;8;13;14;6,13;5,96;5,96;6,37;0,23;5,59;3,46;173;20;5
"d2-38-22";"molincae";9,00;5;3;4;4;5,11;5,01;5,03;6,40;0,16;5,67;3,25;127;15;5
"d2-38-23";"filipulm";7,00;1;6;3;9;6,00;5,96;6,01;6,53;0,20;5,58;3,49;215;20;4
"d2-38-24";"filipulm";5,00;2;6;6;7;6,03;6,03;5,92;6,61;0,18;5,70;3,53;179;26;4
"d2-38-31";"filipulm";7,00;2;6;3;9;6,15;6,36;6,51;6,68;0,24;5,71;3,63;249;20;4
"d2-38-32";"filipulm";6,00;5;3;10;3;5,99;6,21;6,62;6,35;0,27;5,54;3,53;116;12;4
"d2-38-33";"filipulm";5,00;2;6;6;7;6,01;6,06;6,05;6,83;0,27;5,69;3,63;189;13;4
"d2-38-34";"filipulm";7,00;3;6;3;9;5,80;5,81;6,03;6,64;0,22;5,69;3,63;222;23;4
"d2-38-41";"molincae";9,00;4;2;6;4;6,07;6,01;6,01;6,66;0,25;5,74;3,48;102;12;5
"d2-38-42";"filipulm";7,00;2;6;3;9;6,04;6,24;6,25;6,82;0,25;5,75;3,58;217;26;4
"d2-38-43";"filipulm";7,00;2;6;13;9;5,61;5,90;5,55;6,68;0,17;5,77;3,53;237;34;4
"d2-38-44";"filipulm";5,00;2;6;3;7;5,94;6,00;5,86;6,72;0,19;5,68;3,62;205;21;4
"d2-41-12";"loliumul";4,00;6;4;12;11;6,40;6,42;5,53;6,80;0,22;5,75;3,72;119;21;3
"d2-41-21";"loliumul";4,00;6;4;1;11;6,33;6,40;5,73;6,88;0,27;5,77;3,55;136;30;3
"d2-41-31";"loliumul";4,00;6;4;12;11;6,47;6,43;5,84;6,90;0,26;5,73;3,60;116;7;3
"d2-41-42";"molincae";11,00;4;2;9;8;5,98;5,72;6,66;6,51;0,22;5,58;3,57;119;11;5
"d2-41-43";"loliumul";4,00;6;4;12;11;6,58;6,51;5,84;6,88;0,33;5,74;3,47;96;14;3
"d2-41-44";"loliumul";4,00;6;4;12;11;6,56;6,29;5,82;6,84;0,33;5,73;3,74;99;10;3
"d2-42-13";"filipulm";6,00;5;4;1;3;6,27;5,93;5,70;6,53;0,21;5,58;3,42;138;14;4
"d2-42-22";"loliumul";4,00;6;4;6;11;6,61;6,37;5,75;6,92;0,30;5,73;3,56;107;17;3
"d2-42-31";"filipulm";7,00;3;6;3;9;5,79;5,87;6,19;6,60;0,21;5,66;3,41;233;23;4
"d2-42-33";"molincae";9,00;4;2;4;4;5,89;5,51;5,77;6,61;0,21;5,58;3,31;118;11;5
"d2-42-43";"loliumul";4,00;6;4;12;11;6,61;6,54;6,18;6,98;0,39;5,76;3,79;93;7;3
"d2-42-44";"buddldav";13,00;2;5;2;17;6,13;6,46;5,60;6,90;0,21;5,75;3,73;175;28;6
"d2-43-12";"loliumul";4,00;6;4;12;11;5,99;6,30;5,59;6,90;0,25;5,73;3,54;145;7;3
"d2-43-13";"filipulm";6,00;6;4;6;3;6,28;6,32;6,37;6,76;0,23;5,56;3,53;139;4;4
"d2-43-21";"loliumul";4,00;6;4;12;11;6,17;6,48;5,59;6,90;0,25;5,77;3,57;127;10;3
"d2-43-31";"filipulm";5,00;6;4;6;7;6,20;6,33;5,70;6,96;0,25;5,74;3,54;169;13;4
"d2-43-44";"loliumul";4,00;6;4;12;11;6,08;6,21;5,52;6,82;0,31;5,70;3,58;127;10;3
"d2-44-12";"loliumul";4,00;6;4;1;11;6,25;6,09;5,27;6,76;0,37;5,65;3,51;107;9;3
"d2-44-21";"loliumul";4,00;6;4;6;11;6,08;5,94;6,12;6,57;0,27;5,59;3,43;145;10;3
"d2-44-23";"loliumul";4,00;6;4;6;11;6,25;6,43;6,26;7,01;0,26;5,65;3,63;110;6;3
"d2-44-34";"loliumul";4,00;6;4;12;11;6,38;6,43;5,74;7,05;0,28;5,78;3,59;115;15;3
"d2-44-42";"loliumul";4,00;6;4;6;11;6,31;6,18;5,76;6,91;0,32;5,71;3,54;134;8;3
"d2-45-11";"loliumul";4,00;6;4;6;11;6,55;6,53;6,17;6,95;0,28;5,67;3,71;121;9;3
"d2-45-14";"loliumul";4,00;6;4;1;11;6,38;6,43;5,48;6,71;0,28;5,77;3,58;124;17;3
"d2-45-21";"loliumul";4,00;6;4;6;11;6,13;6,19;6,05;6,96;0,35;5,71;3,69;136;7;3
"d2-45-22";"filipulm";7,00;2;6;3;9;6,07;6,31;6,12;6,65;0,20;5,69;3,56;239;19;4
"d2-45-23";"filipulm";6,00;6;4;6;3;6,26;6,30;6,45;6,79;0,27;5,61;3,59;155;5;4
"d2-45-24";"filipulm";5,00;2;6;6;7;6,01;6,24;6,16;6,76;0,23;5,61;3,57;187;8;4
"d2-45-32";"filipulm";5,00;6;4;6;7;6,26;6,32;6,17;6,86;0,27;5,71;3,56;167;10;4
"d2-45-42";"filipulm";5,00;6;4;6;7;6,00;6,32;5,93;6,94;0,20;5,72;3,67;163;7;4
"d2-45-44";"filipulm";5,00;2;6;3;7;5,93;6,19;6,09;6,92;0,25;5,71;3,62;206;16;4
"d2-46-11";"filipulm";5,00;6;4;6;7;6,06;6,20;5,70;6,81;0,23;5,77;3,61;181;11;4
"d2-46-12";"filipulm";7,00;2;6;3;9;5,86;6,33;6,01;6,79;0,18;5,76;3,64;315;28;4
"d2-46-13";"filipulm";5,00;2;6;3;7;6,14;6,29;5,88;6,69;0,22;5,75;3,69;216;29;4
"d2-46-14";"filipulm";5,00;2;6;3;7;5,88;6,34;6,01;6,83;0,17;5,69;3,70;222;15;4
"d2-46-21";"filipulm";5,00;2;6;3;7;5,91;6,38;6,07;6,99;0,19;5,67;3,70;210;12;4
"d2-46-22";"filipulm";7,00;2;6;3;9;6,00;6,35;6,03;6,95;0,22;5,78;3,74;266;34;4
"d2-46-23";"filipulm";5,00;2;6;3;7;6,06;6,34;6,02;6,82;0,19;5,67;3,61;214;10;4
"d2-46-24";"filipulm";5,00;2;5;2;7;6,11;6,26;5,66;6,85;0,22;5,76;3,68;196;33;4
"d2-46-31";"filipulm";7,00;2;6;3;9;5,93;6,33;6,13;6,83;0,24;5,75;3,62;267;31;4
"d2-46-32";"filipulm";7,00;2;6;3;9;6,01;6,33;6,19;6,82;0,22;5,76;3,67;269;35;4
"d2-46-33";"filipulm";7,00;2;6;3;9;5,95;6,13;5,94;6,72;0,22;5,73;3,65;256;25;4
"d2-46-34";"loliumul";4,00;6;4;6;11;6,19;6,01;5,66;6,56;0,17;5,60;3,55;120;4;3
"d2-46-41";"loliumul";4,00;6;4;6;11;6,28;6,13;5,76;6,73;0,16;5,70;3,72;112;5;3
"d2-46-42";"filipulm";5,00;2;4;6;7;6,07;6,09;5,83;6,85;0,19;5,67;3,60;174;16;4
"d2-47-11";"buddldav";12,00;2;5;2;2;6,24;6,50;6,01;7,00;0,18;5,80;3,61;211;31;6
"d2-47-12";"buddldav";12,00;2;5;2;2;6,11;6,45;5,56;6,86;0,22;5,79;3,64;215;37;6
"d2-47-13";"filipulm";5,00;2;5;2;7;5,91;6,27;5,63;6,92;0,24;5,78;3,72;207;23;4
"d2-47-14";"filipulm";5,00;2;6;3;7;6,02;6,10;5,91;6,69;0,23;5,76;3,59;216;24;4
"d2-47-21";"filipulm";7,00;2;6;3;9;5,86;5,98;5,75;6,57;0,18;5,77;3,54;268;44;4
"d2-47-22";"filipulm";7,00;2;6;3;9;5,70;6,01;6,01;6,60;0,18;5,73;3,54;254;30;4
"d2-47-23";"filipulm";7,00;2;6;3;9;5,84;5,93;6,01;6,66;0,21;5,72;3,53;244;25;4
"d2-47-24";"filipulm";7,00;3;6;3;9;5,94;5,85;6,12;6,57;0,20;5,65;3,59;214;13;4
"d2-47-31";"filipulm";5,00;3;4;6;7;5,64;5,82;5,86;6,66;0,20;5,65;3,53;182;10;4
"d2-47-32";"filipulm";5,00;2;6;3;7;5,95;6,10;5,94;6,79;0,23;5,76;3,60;206;24;4
"d2-47-33";"filipulm";7,00;2;6;13;9;5,69;5,78;5,79;6,79;0,21;5,68;3,60;246;23;4
"d2-47-34";"filipulm";5,00;2;6;3;7;5,86;5,95;5,83;6,93;0,27;5,76;3,62;199;22;4
"d2-47-41";"filipulm";5,00;3;6;6;7;6,00;5,79;6,19;6,68;0,19;5,60;3,55;186;8;4
"d2-47-42";"filipulm";6,00;4;4;6;3;5,87;5,78;6,21;6,75;0,31;5,57;3,59;160;6;4
"d2-47-43";"filipulm";5,00;2;6;3;7;5,77;5,91;6,11;6,96;0,25;5,68;3,63;202;22;4
"d2-47-44";"filipulm";5,00;2;6;6;7;5,76;5,79;6,02;6,86;0,28;5,70;3,48;183;15;4
"d2-48-11";"filipulm";5,00;2;6;3;7;5,96;5,86;6,12;6,74;0,23;5,77;3,52;202;22;4
"d2-48-12";"filipulm";6,00;6;4;6;3;6,07;5,94;5,94;6,80;0,24;5,68;3,58;128;11;4
"d2-48-13";"filipulm";7,00;3;6;3;9;5,85;5,80;5,98;6,66;0,23;5,67;3,55;229;22;4
"d2-48-14";"filipulm";7,00;3;6;3;9;5,88;5,78;6,11;6,78;0,22;5,66;3,55;216;21;4
"d2-48-21";"molincae";8,00;3;6;13;14;5,85;5,81;5,91;6,61;0,20;5,66;3,50;224;18;5
"d2-48-22";"filipulm";7,00;3;1;11;9;5,45;5,54;6,06;6,65;0,19;5,67;3,42;307;30;4
"d2-48-23";"molincae";8,00;3;1;13;14;5,70;5,66;5,77;6,64;0,23;5,68;3,47;243;21;5
"d2-48-24";"filipulm";5,00;2;6;13;7;5,79;5,96;5,87;6,74;0,21;5,68;3,61;225;23;4
"d2-48-31";"filipulm";6,00;3;1;13;3;5,84;5,88;6,09;6,71;0,23;5,52;3,56;159;7;4
"d2-48-32";"filipulm";7,00;2;6;3;9;6,08;6,11;5,97;6,58;0,22;5,70;3,64;213;30;4
"d2-48-33";"filipulm";5,00;6;4;6;7;6,26;6,11;5,96;6,95;0,27;5,72;3,66;159;19;4
"d2-48-34";"filipulm";5,00;2;6;6;7;6,10;5,86;6,01;6,73;0,25;5,66;3,63;183;19;4
"d2-48-41";"filipulm";6,00;4;2;6;3;5,84;5,77;5,92;6,58;0,24;5,63;3,56;153;9;4
"d2-48-42";"loliumul";4,00;6;4;6;11;5,99;6,12;5,70;6,98;0,25;5,70;3,60;131;8;3
"d2-48-43";"filipulm";6,00;5;3;10;3;6,19;5,81;5,80;6,47;0,21;5,58;3,61;125;8;4
"d2-48-44";"filipulm";5,00;6;4;6;7;6,23;6,17;5,79;6,90;0,31;5,65;3,58;138;12;4
"d2-51-11";"filipulm";5,00;6;4;6;7;6,29;6,33;5,71;6,89;0,23;5,78;3,59;158;18;4
"d2-51-13";"loliumul";4,00;6;4;6;11;6,36;6,59;5,95;7,14;0,32;5,85;3,67;132;17;3
"d2-51-24";"filipulm";5,00;6;4;6;7;6,24;6,16;5,76;6,82;0,28;5,71;3,55;167;12;4
"d2-51-32";"buddldav";13,00;6;5;2;17;6,23;6,39;5,71;6,84;0,17;5,77;3,63;162;25;6
"d2-51-41";"buddldav";13,00;6;5;2;17;6,19;6,55;5,37;6,90;0,15;5,84;3,71;151;37;6
"d2-51-42";"filipulm";7,00;2;6;3;9;5,88;6,30;5,86;6,69;0,19;5,79;3,61;259;42;4
"d2-52-12";"loliumul";4,00;6;4;6;11;6,31;6,31;6,03;6,90;0,31;5,80;3,48;144;16;3
"d2-52-22";"filipulm";5,00;6;4;6;7;6,26;6,30;6,05;6,86;0,26;5,75;3,59;170;19;4
"d2-52-24";"molincae";9,00;6;4;4;4;5,85;5,70;5,60;6,87;0,24;5,66;3,48;93;7;5
"d2-52-31";"filipulm";6,00;6;4;10;3;6,22;6,65;6,27;6,91;0,29;5,66;3,61;113;4;4
"d2-52-32";"primuela";17,00;5;3;10;16;5,98;6,27;5,61;6,56;0,10;5,68;3,52;97;6;8
"d2-52-34";"primuela";17,00;5;3;10;16;5,66;5,96;5,88;6,59;0,15;5,63;3,45;148;21;8
"d2-52-44";"filipulm";5,00;6;4;6;7;6,27;6,36;5,82;6,93;0,28;5,73;3,71;153;20;4
"d2-53-13";"loliumul";4,00;6;4;12;11;6,27;6,05;5,34;7,00;0,35;5,75;3,58;96;14;3
"d2-53-24";"filipulm";5,00;6;4;6;7;5,93;5,98;5,66;6,87;0,25;5,61;3,55;159;14;4
"d2-53-33";"filipulm";5,00;2;5;2;7;6,23;6,36;5,85;6,97;0,27;5,73;3,79;190;22;4
"d2-53-42";"filipulm";5,00;6;4;6;7;6,01;6,19;5,85;6,89;0,25;5,75;3,58;163;12;4
"d2-53-43";"filipulm";5,00;2;5;2;7;5,94;6,09;5,54;6,83;0,21;5,79;3,56;204;26;4
"d2-53-44";"loliumul";4,00;6;4;6;11;6,12;6,05;5,62;6,86;0,38;5,67;3,53;95;8;3
"d2-54-12";"loliumul";4,00;6;4;6;11;6,36;6,27;5,79;6,98;0,30;5,73;3,52;128;10;3
"d2-54-23";"loliumul";4,00;6;4;6;11;6,23;6,35;5,73;6,94;0,30;5,69;3,58;130;10;3
"d2-54-24";"loliumul";4,00;6;4;1;11;6,46;6,24;5,62;6,85;0,25;5,77;3,67;131;23;3
"d2-54-34";"loliumul";4,00;6;4;6;11;6,41;6,32;5,65;6,75;0,31;5,78;3,49;130;20;3
"d2-54-42";"loliumul";4,00;6;4;12;11;6,48;6,50;5,84;6,96;0,23;5,72;3,71;96;10;3
"d2-55-13";"loliumul";4,00;6;4;1;11;6,15;6,28;5,65;6,64;0,27;5,62;3,57;114;3;3
"d2-55-21";"filipulm";5,00;2;6;6;7;6,12;6,28;6,03;6,85;0,27;5,69;3,62;176;14;4
"d2-55-22";"filipulm";5,00;2;6;6;7;6,04;6,26;5,93;6,85;0,24;5,73;3,72;191;15;4
"d2-55-23";"filipulm";5,00;2;6;3;7;6,04;6,35;6,12;6,80;0,22;5,66;3,61;214;11;4
"d2-55-24";"filipulm";6,00;6;4;6;3;6,44;6,43;6,14;6,86;0,29;5,65;3,62;128;7;4
"d2-55-31";"filipulm";5,00;2;6;6;7;6,13;6,39;6,07;6,97;0,26;5,72;3,72;189;23;4
"d2-55-32";"filipulm";7,00;2;6;3;9;5,94;6,31;6,26;6,65;0,21;5,73;3,58;269;26;4
"d2-55-33";"filipulm";5,00;2;6;2;7;6,24;6,48;6,02;6,94;0,21;5,71;3,70;191;19;4
"d2-55-34";"filipulm";7,00;2;6;2;9;6,21;6,50;6,07;6,97;0,25;5,80;3,71;242;31;4
"d2-55-41";"filipulm";5,00;2;6;3;7;6,21;6,28;6,10;6,84;0,22;5,76;3,69;207;15;4
"d2-55-42";"buddldav";13,00;6;4;2;17;6,15;6,28;5,54;6,89;0,20;5,74;3,53;165;22;6
"d2-55-44";"filipulm";5,00;2;5;2;7;5,92;6,10;5,64;6,91;0,25;5,79;3,67;200;34;4
"d2-56-11";"filipulm";5,00;2;6;3;7;6,19;6,15;6,34;6,64;0,22;5,68;3,64;185;13;4
"d2-56-12";"filipulm";7,00;2;6;3;9;6,07;5,99;6,12;6,66;0,20;5,64;3,43;210;15;4
"d2-56-13";"filipulm";5,00;6;4;6;7;6,16;6,35;5,57;6,78;0,24;5,74;3,52;157;21;4
"d2-56-14";"filipulm";5,00;2;6;3;7;5,98;6,00;5,79;6,84;0,24;5,77;3,56;206;16;4
"d2-56-21";"filipulm";6,00;6;4;6;3;5,99;5,91;5,83;6,90;0,31;5,75;3,61;123;11;4
"d2-56-22";"molincae";9,00;4;2;4;4;5,80;5,55;5,58;6,77;0,33;5,60;3,51;102;3;5
"d2-56-24";"filipulm";6,00;4;4;6;3;5,78;5,71;5,98;6,68;0,29;5,60;3,37;152;4;4
"d2-56-31";"filipulm";5,00;2;6;6;7;5,81;5,88;5,76;6,91;0,24;5,73;3,58;194;28;4
"d2-56-32";"loliumul";4,00;6;4;6;11;6,18;6,12;5,72;7,01;0,29;5,69;3,69;136;13;3
"d2-56-33";"filipulm";6,00;5;3;6;3;5,88;5,69;6,11;6,55;0,24;5,52;3,54;155;10;4
"d2-56-34";"molincae";8,00;2;6;13;14;5,94;5,78;5,84;6,62;0,21;5,66;3,58;223;23;5
"d2-56-41";"filipulm";5,00;6;4;6;7;6,15;5,89;6,16;6,84;0,27;5,67;3,57;153;15;4
"d2-56-42";"filipulm";5,00;6;4;6;7;6,07;5,97;5,99;6,95;0,30;5,69;3,69;150;9;4
"d2-56-43";"filipulm";6,00;5;4;10;3;6,23;6,26;6,40;6,72;0,28;5,68;3,44;110;5;4
"d2-56-44";"loliumul";4,00;6;4;6;11;6,18;6,11;5,91;6,99;0,33;5,67;3,54;121;9;3
"d2-57-11";"filipulm";5,00;6;4;6;7;6,03;5,89;5,96;6,94;0,30;5,66;3,50;143;8;4
"d2-57-12";"filipulm";5,00;6;4;6;7;5,87;5,69;5,81;6,84;0,28;5,72;3,53;167;10;4
"d2-57-14";"loliumul";4,00;6;4;6;11;6,15;6,13;5,85;6,81;0,31;5,75;3,57;143;21;3
"d2-57-21";"filipulm";6,00;4;4;6;3;6,04;5,75;5,88;6,66;0,28;5,59;3,58;119;4;4
"d2-57-22";"filipulm";5,00;6;4;6;7;6,08;6,01;5,83;6,93;0,32;5,68;3,70;135;13;4
"d2-57-23";"filipulm";6,00;5;4;6;3;6,26;5,83;6,36;6,57;0,28;5,66;3,56;142;10;4
"d2-57-24";"filipulm";6,00;5;3;10;3;6,07;5,75;6,08;6,40;0,16;5,58;3,64;155;7;4
"d2-57-31";"filipulm";5,00;6;4;6;7;6,12;5,95;5,82;6,77;0,30;5,64;3,54;143;13;4
"d2-57-32";"loliumul";4,00;6;4;6;11;6,26;6,27;6,00;6,87;0,33;5,74;3,52;127;15;3
"d2-57-34";"loliumul";4,00;6;4;6;11;6,26;6,07;5,68;6,82;0,31;5,71;3,52;121;15;3
"d2-57-41";"molincae";9,00;5;3;13;4;5,77;5,53;5,45;6,48;0,25;5,67;3,42;147;16;5
"d2-57-42";"primuela";16,00;1;8;7;5;5,86;5,82;6,08;6,18;0,17;5,57;3,48;211;16;8
"d2-57-44";"primuela";16,00;5;8;8;5;5,98;5,81;5,66;6,29;0,21;5,64;3,32;168;14;8
"d2-58-11";"filipulm";6,00;5;3;10;3;5,82;5,93;5,83;6,63;0,27;5,55;3,49;127;3;4
"d2-58-12";"molincae";9,00;6;4;6;4;6,10;5,76;5,99;6,86;0,26;5,61;3,67;134;7;5
"d2-58-13";"filipulm";5,00;2;6;13;7;6,04;5,99;5,92;6,75;0,24;5,67;3,54;181;24;4
"d2-58-14";"filipulm";5,00;2;6;6;7;6,15;6,02;6,18;6,68;0,27;5,66;3,51;170;14;4
"d2-58-21";"molincae";9,00;6;4;6;4;5,90;5,70;5,59;6,75;0,29;5,67;3,57;150;8;5
"d2-58-22";"filipulm";5,00;2;6;6;7;6,12;6,01;6,05;6,68;0,25;5,64;3,66;178;16;4
"d2-58-23";"filipulm";5,00;6;4;6;7;6,26;6,07;5,97;6,84;0,25;5,66;3,60;155;22;4
"d2-58-31";"loliumul";4,00;6;4;6;11;6,22;6,03;6,03;6,86;0,33;5,66;3,62;108;7;3
"d2-58-34";"filipulm";6,00;6;4;6;3;6,32;6,42;6,22;6,83;0,34;5,53;3,47;112;5;4
"d2-58-41";"filipulm";5,00;6;4;6;7;6,34;6,29;6,17;6,76;0,24;5,60;3,74;148;11;4
"d2-58-42";"filipulm";5,00;2;6;6;7;6,07;6,17;6,29;6,76;0,25;5,70;3,57;180;13;4
"d2-58-43";"filipulm";5,00;6;4;6;7;6,36;6,26;6,14;6,86;0,28;5,66;3,51;140;12;4
"d2-58-44";"filipulm";5,00;6;4;6;7;6,23;6,31;6,08;6,98;0,32;5,77;3,60;164;19;4
"d3-11-11";"primuela";16,00;1;8;7;5;6,22;6,27;6,26;6,47;0,18;5,56;3,52;209;19;8
"d3-11-12";"filipulm";7,00;2;6;3;9;6,09;6,41;6,07;6,85;0,22;5,79;3,74;267;45;4
"d3-11-13";"filipulm";6,00;5;3;6;3;5,94;6,07;6,49;6,81;0,21;5,61;3,62;151;9;4
"d3-11-14";"filipulm";7,00;1;6;3;9;5,96;6,30;6,42;6,54;0,21;5,60;3,50;229;11;4
"d3-11-21";"buddldav";12,00;2;5;2;2;6,04;6,55;5,71;7,02;0,23;5,84;3,76;211;37;6
"d3-11-22";"filipulm";7,00;2;6;3;9;5,90;6,36;6,43;6,99;0,22;5,79;3,61;269;37;4
"d3-11-23";"filipulm";7,00;2;6;3;9;5,85;6,20;6,30;6,74;0,23;5,74;3,66;298;40;4
"d3-11-24";"filipulm";7,00;2;6;3;9;5,94;6,18;5,87;6,72;0,23;5,81;3,62;250;43;4
"d3-11-31";"filipulm";7,00;3;6;3;9;5,64;5,82;6,15;6,58;0,22;5,64;3,51;227;20;4
"d3-11-32";"filipulm";7,00;2;6;3;9;5,90;6,11;6,09;6,56;0,19;5,62;3,43;226;25;4
"d3-11-33";"filipulm";7,00;2;6;3;9;5,89;6,18;6,36;6,88;0,24;5,73;3,69;253;30;4
"d3-11-34";"filipulm";5,00;6;4;6;7;6,21;6,12;6,01;7,04;0,28;5,75;3,74;143;13;4
"d3-11-41";"filipulm";7,00;2;6;3;9;5,67;5,99;6,43;6,71;0,20;5,70;3,61;282;35;4
"d3-11-42";"filipulm";6,00;2;6;3;3;6,01;6,36;6,62;7,03;0,22;5,61;3,64;198;15;4
"d3-11-43";"filipulm";6,00;2;6;3;3;5,78;6,26;6,68;7,01;0,31;5,62;3,60;191;9;4
"d3-11-44";"filipulm";7,00;2;6;3;9;5,61;6,05;6,55;6,85;0,25;5,61;3,52;261;19;4
"d3-12-11";"filipulm";5,00;6;4;6;7;6,15;6,43;5,95;6,91;0,30;5,73;3,67;157;14;4
"d3-12-12";"buddldav";13,00;6;4;1;17;5,87;5,90;5,41;6,62;0,14;5,71;3,35;158;24;6
"d3-12-22";"buddldav";13,00;6;4;5;17;6,20;6,73;4,76;7,34;0,32;6,01;3,72;69;29;6
"d3-12-23";"buddldav";12,00;2;5;2;2;6,14;6,41;5,56;7,02;0,24;5,85;3,74;183;46;6
"d3-12-24";"buddldav";12,00;2;5;2;2;5,68;6,31;5,06;7,01;0,24;5,96;3,65;197;57;6
"d3-12-31";"filipulm";5,00;2;6;3;7;5,81;6,52;6,16;7,14;0,27;5,72;3,65;205;22;4
"d3-12-32";"buddldav";12,00;2;5;2;2;5,97;6,45;5,65;6,98;0,25;5,81;3,63;192;40;6
"d3-12-33";"filipulm";7,00;2;6;3;9;5,63;6,34;5,97;6,95;0,16;5,71;3,67;242;26;4
"d3-12-34";"buddldav";13,00;6;4;5;17;6,08;6,62;5,31;6,79;0,30;5,81;3,50;122;48;6
"d3-12-41";"buddldav";12,00;2;5;2;2;5,71;6,36;5,33;7,03;0,18;5,92;3,81;252;62;6
"d3-12-42";"buddldav";12,00;2;5;2;2;5,64;6,38;5,28;7,11;0,17;5,97;3,82;252;77;6
"d3-12-43";"buddldav";12,00;2;5;2;2;5,86;6,32;5,57;7,05;0,23;5,94;3,75;249;68;6
"d3-12-44";"buddldav";12,00;2;5;2;2;5,73;6,45;5,44;6,98;0,17;5,92;3,70;214;68;6
"d3-13-11";"buddldav";12,00;2;5;2;2;5,65;6,29;4,90;7,13;0,37;5,96;3,87;219;61;6
"d3-13-12";"buddldav";13,00;6;4;1;17;5,86;5,88;5,41;6,63;0,18;5,79;3,57;165;30;6
"d3-13-13";"buddldav";12,00;2;5;2;2;5,54;6,48;4,76;7,21;0,26;6,04;3,82;257;85;6
"d3-13-14";"buddldav";12,00;2;5;2;2;5,57;6,17;5,00;6,81;0,15;5,83;3,70;194;34;6
"d3-13-21";"filipulm";5,00;6;4;6;7;6,08;5,93;5,73;6,71;0,23;5,71;3,55;163;18;4
"d3-13-24";"filipulm";5,00;6;4;6;7;6,00;5,93;5,68;6,85;0,30;5,72;3,47;139;19;4
"d3-13-31";"buddldav";12,00;2;5;2;2;5,45;6,10;5,04;7,08;0,17;5,90;3,72;245;52;6
"d3-13-34";"filipulm";7,00;2;6;3;9;5,84;6,22;6,02;6,90;0,21;5,76;3,69;275;46;4
"d3-13-42";"filipulm";5,00;6;4;6;7;6,09;5,90;5,97;6,99;0,29;5,70;3,75;123;19;4
"d3-13-43";"filipulm";5,00;2;5;6;7;6,10;6,06;5,73;6,90;0,24;5,77;3,61;169;29;4
"d3-13-44";"molincae";8,00;3;1;13;14;5,80;5,54;5,64;6,38;0,22;5,65;3,42;176;31;5
"d3-14-11";"loliumul";4,00;6;4;1;11;6,42;6,62;5,75;6,51;0,19;5,70;3,60;126;11;3
"d3-14-12";"loliumul";4,00;6;4;6;11;6,25;5,93;5,91;6,86;0,31;5,79;3,59;126;17;3
"d3-14-14";"loliumul";4,00;6;4;6;11;6,29;6,35;5,91;6,87;0,32;5,66;3,51;102;11;3
"d3-14-21";"filipulm";6,00;5;3;10;3;6,07;6,15;5,80;6,53;0,21;5,67;3,38;127;11;4
"d3-14-22";"filipulm";5,00;6;4;6;7;6,08;6,02;6,20;6,80;0,28;5,69;3,55;142;16;4
"d3-14-23";"filipulm";5,00;2;6;6;7;5,83;6,16;5,89;6,79;0,27;5,69;3,43;170;19;4
"d3-14-24";"molincae";9,00;4;4;6;4;5,95;6,12;5,97;6,85;0,18;5,64;3,62;118;10;5
"d3-14-33";"filipulm";5,00;2;4;6;7;5,94;5,81;5,70;6,70;0,23;5,72;3,50;171;23;4
"d3-14-43";"molincae";10,00;3;6;3;12;5,67;6,08;6,78;6,88;0,20;5,58;3,66;210;15;5
"d3-14-44";"filipulm";6,00;3;1;13;3;5,74;5,82;6,20;6,65;0,20;5,61;3,57;172;16;4
"d3-15-12";"filipulm";5,00;2;6;3;7;6,01;6,04;5,87;6,75;0,20;5,70;3,62;201;26;4
"d3-15-21";"loliumul";4,00;6;4;6;11;6,20;6,16;6,00;7,03;0,27;5,69;3,77;124;12;3
"d3-15-22";"filipulm";6,00;6;4;6;3;5,82;6,11;5,72;6,96;0,23;5,70;3,52;120;7;4
"d3-15-31";"filipulm";6,00;4;2;9;3;5,77;5,49;6,50;6,49;0,28;5,53;3,58;149;8;4
"d3-15-33";"filipulm";6,00;5;3;10;3;6,08;5,90;6,26;6,59;0,18;5,50;3,52;134;10;4
"d3-15-44";"loliumul";4,00;6;4;6;11;6,32;6,16;5,95;6,89;0,26;5,73;3,71;96;13;3
"d3-16-11";"loliumul";4,00;6;4;6;11;6,60;6,08;6,09;7,00;0,34;5,70;3,59;111;13;3
"d3-16-13";"filipulm";6,00;6;4;6;3;6,06;5,93;6,12;6,70;0,24;5,60;3,57;140;8;4
"d3-16-22";"filipulm";6,00;6;4;6;3;6,36;6,12;6,12;6,75;0,31;5,62;3,52;117;6;4
"d3-16-33";"loliumul";4,00;6;4;6;11;6,43;6,28;6,17;6,79;0,24;5,65;3,60;103;8;3
"d3-16-41";"molincae";9,00;4;2;6;4;5,95;5,64;5,88;6,89;0,34;5,60;3,66;94;6;5
"d3-17-12";"filipulm";6,00;6;4;6;3;6,48;6,25;6,41;6,84;0,28;5,55;3,66;103;5;4
"d3-17-14";"loliumul";4,00;6;4;6;11;6,05;6,06;5,82;6,89;0,28;5,65;3,76;112;8;3
"d3-17-22";"loliumul";4,00;6;4;6;11;6,12;6,23;5,74;7,13;0,28;5,70;3,75;112;19;3
"d3-17-34";"molincae";9,00;4;2;4;4;5,88;5,54;6,02;6,88;0,20;5,64;3,62;97;11;5
"d3-17-42";"loliumul";4,00;6;4;12;11;6,26;6,22;5,96;6,89;0,27;5,68;3,42;97;11;3
"d3-18-13";"loliumul";4,00;6;4;6;11;6,16;5,98;5,67;6,64;0,19;5,67;3,57;98;7;3
"d3-18-32";"buddldav";13,00;6;4;5;17;5,98;6,16;5,35;6,95;0,22;5,82;3,74;129;28;6
"d3-18-43";"filipulm";6,00;6;4;6;3;5,96;5,95;5,89;6,93;0,23;5,64;3,44;122;9;4
"d3-21-11";"filipulm";6,00;5;3;10;3;6,00;5,95;5,79;6,60;0,18;5,61;3,48;138;14;4
"d3-21-12";"loliumul";4,00;6;4;6;11;6,00;5,90;5,65;6,99;0,27;5,72;3,68;132;13;3
"d3-21-13";"filipulm";5,00;6;4;6;7;6,34;6,10;5,67;6,79;0,24;5,74;3,58;146;20;4
"d3-21-14";"filipulm";7,00;2;6;3;9;6,01;6,19;6,38;6,70;0,23;5,77;3,55;286;33;4
"d3-21-21";"filipulm";5,00;2;6;3;7;6,31;6,43;6,33;6,91;0,25;5,75;3,57;182;25;4
"d3-21-22";"filipulm";6,00;2;6;6;3;6,07;6,63;6,54;7,05;0,30;5,66;3,74;171;19;4
"d3-21-23";"filipulm";5,00;2;6;3;7;6,13;6,49;6,40;6,90;0,23;5,75;3,72;189;22;4
"d3-21-24";"filipulm";7,00;2;6;3;9;5,92;6,39;6,56;6,85;0,27;5,76;3,77;282;33;4
"d3-21-31";"filipulm";7,00;2;6;3;9;5,85;6,24;6,40;6,84;0,23;5,70;3,60;213;17;4
"d3-21-33";"filipulm";7,00;2;6;3;9;5,88;6,08;6,47;6,56;0,19;5,63;3,59;282;34;4
"d3-21-34";"filipulm";5,00;6;4;6;7;6,10;6,08;5,89;6,80;0,19;5,73;3,76;165;30;4
"d3-21-41";"filipulm";5,00;6;4;6;7;6,00;6,18;6,06;6,80;0,22;5,66;3,75;169;19;4
"d3-21-42";"filipulm";7,00;2;6;3;9;6,08;6,60;6,78;6,91;0,28;5,76;3,63;227;23;4
"d3-21-43";"filipulm";7,00;2;6;3;9;5,81;6,09;6,26;6,56;0,19;5,64;3,55;208;32;4
"d3-21-44";"molincae";9,00;4;2;4;4;5,79;5,65;5,58;6,36;0,16;5,69;3,43;132;28;5
"d3-22-11";"filipulm";7,00;2;6;3;9;5,90;6,39;6,34;6,97;0,25;5,80;3,57;275;45;4
"d3-22-12";"buddldav";12,00;2;5;2;2;5,89;6,49;5,45;6,73;0,21;5,86;3,54;242;72;6
"d3-22-13";"filipulm";7,00;2;6;3;9;5,71;6,31;6,28;6,78;0,22;5,78;3,67;338;55;4
"d3-22-14";"astertri";14,00;6;5;5;15;5,75;6,45;5,28;6,91;0,21;5,91;3,65;140;32;7
"d3-22-21";"buddldav";13,00;6;4;5;17;6,10;6,52;5,74;6,83;0,19;5,82;3,60;143;39;6
"d3-22-22";"buddldav";12,00;2;5;2;2;5,89;6,42;5,29;6,93;0,20;5,99;3,65;272;81;6
"d3-22-23";"buddldav";12,00;2;5;2;2;6,05;6,42;5,54;6,77;0,17;5,91;3,56;208;44;6
"d3-22-24";"buddldav";12,00;2;5;2;2;5,90;6,49;5,38;6,98;0,20;5,94;3,70;244;63;6
"d3-22-31";"filipulm";7,00;2;6;3;9;5,84;6,19;6,18;6,54;0,24;5,67;3,55;273;37;4
"d3-22-32";"buddldav";12,00;2;5;2;2;5,85;6,43;5,70;6,80;0,19;5,79;3,64;257;43;6
"d3-22-33";"filipulm";6,00;5;3;10;3;5,97;6,16;5,88;6,62;0,20;5,66;3,68;156;26;4
"d3-22-34";"filipulm";7,00;2;6;3;9;5,70;6,02;6,03;6,68;0,18;5,71;3,59;281;35;4
"d3-22-41";"buddldav";12,00;2;5;2;2;5,75;6,14;5,18;6,78;0,15;5,91;3,43;201;42;6
"d3-22-42";"buddldav";12,00;2;5;2;2;5,89;6,35;5,67;6,90;0,22;5,81;3,60;234;45;6
"d3-22-43";"buddldav";13,00;6;5;2;17;5,40;6,25;5,37;6,90;0,27;5,77;3,52;177;17;6
"d3-22-44";"buddldav";13,00;2;4;6;17;6,05;6,30;5,87;6,71;0,20;5,80;3,52;174;23;6
"d3-23-11";"buddldav";13,00;6;5;2;17;5,88;6,28;5,14;6,72;0,14;5,82;3,61;161;32;6
"d3-23-12";"filipulm";5,00;2;6;3;7;6,01;6,35;5,88;6,91;0,21;5,83;3,62;218;35;4
"d3-23-13";"buddldav";12,00;2;5;2;2;6,03;6,45;5,54;6,94;0,20;5,93;3,71;257;59;6
"d3-23-14";"buddldav";13,00;6;5;2;17;6,23;6,19;5,47;6,65;0,14;5,87;3,60;153;37;6
"d3-23-21";"filipulm";6,00;6;7;6;3;5,93;6,29;6,19;7,04;0,35;5,71;3,64;137;13;4
"d3-23-22";"filipulm";5,00;2;6;3;7;5,92;6,14;6,00;6,90;0,26;5,74;3,57;201;31;4
"d3-23-23";"filipulm";7,00;2;6;3;9;5,98;6,22;5,80;6,92;0,26;5,72;3,72;223;25;4
"d3-23-24";"filipulm";5,00;2;6;6;7;6,05;6,38;5,90;6,98;0,33;5,74;3,64;196;20;4
"d3-23-31";"filipulm";5,00;2;5;2;7;6,10;6,17;5,86;6,81;0,20;5,82;3,56;177;40;4
"d3-23-32";"buddldav";13,00;5;3;10;17;6,08;6,03;5,66;6,48;0,24;5,65;3,53;132;28;6
"d3-23-33";"buddldav";12,00;2;5;2;2;5,48;6,02;5,40;6,86;0,15;5,81;3,60;289;75;6
"d3-23-41";"filipulm";6,00;6;4;6;3;6,28;6,39;6,13;6,90;0,29;5,65;3,71;128;10;4
"d3-23-42";"filipulm";7,00;2;6;3;9;6,02;6,26;6,00;6,65;0,21;5,77;3,53;280;43;4
"d3-23-43";"filipulm";5,00;2;6;3;7;5,88;5,90;5,96;6,74;0,21;5,73;3,52;186;27;4
"d3-23-44";"filipulm";7,00;2;6;3;9;6,04;6,29;6,21;6,78;0,19;5,65;3,67;203;24;4
"d3-24-11";"filipulm";7,00;2;6;3;9;5,66;6,21;6,42;6,84;0,23;5,74;3,60;345;47;4
"d3-24-12";"filipulm";7,00;2;6;3;9;5,55;6,07;6,62;6,83;0,21;5,68;3,60;355;34;4
"d3-24-13";"filipulm";7,00;2;6;3;9;5,87;6,14;6,51;6,95;0,25;5,68;3,68;211;12;4
"d3-24-14";"filipulm";7,00;2;6;3;9;5,65;6,05;6,67;6,92;0,20;5,74;3,60;285;25;4
"d3-24-21";"filipulm";7,00;3;6;3;9;5,49;5,93;6,68;6,82;0,22;5,75;3,60;342;32;4
"d3-24-23";"filipulm";7,00;3;6;3;9;5,84;5,94;6,71;6,73;0,23;5,63;3,60;218;10;4
"d3-24-32";"filipulm";5,00;6;4;6;7;5,79;5,95;5,85;6,75;0,24;5,73;3,59;159;12;4
"d3-24-42";"filipulm";6,00;4;2;9;3;5,78;6,16;6,94;6,91;0,24;5,57;3,54;119;5;4
"d3-24-43";"filipulm";7,00;2;6;3;9;6,07;6,04;6,08;6,55;0,21;5,70;3,58;203;20;4
"d3-25-11";"molincae";8,00;3;2;13;14;5,72;5,54;5,91;6,76;0,22;5,64;3,53;160;13;5
"d3-25-21";"filipulm";5,00;6;4;6;7;6,23;6,28;6,13;7,00;0,32;5,75;3,71;135;15;4
"d3-25-34";"loliumul";4,00;6;4;5;11;6,50;6,50;5,68;7,08;0,18;5,82;3,76;97;15;3
"d3-25-43";"filipulm";6,00;6;4;6;3;6,23;6,35;6,40;6,82;0,22;5,61;3,84;111;4;4
"d3-25-44";"filipulm";5,00;2;6;3;7;6,13;6,19;6,46;6,83;0,26;5,64;3,63;195;11;4
"d3-26-13";"loliumul";4,00;6;4;6;11;6,30;6,10;5,78;6,82;0,23;5,75;3,53;91;12;3
"d3-26-24";"filipulm";6,00;6;4;6;3;5,94;5,96;6,63;6,95;0,26;5,68;3,61;139;14;4
"d3-26-31";"filipulm";7,00;2;6;3;9;5,85;6,18;6,75;6,80;0,26;5,71;3,57;212;20;4
"d3-26-32";"filipulm";7,00;2;6;3;9;6,06;6,25;6,95;6,88;0,25;5,67;3,63;222;18;4
"d3-26-34";"filipulm";7,00;2;6;3;9;5,98;6,34;6,68;6,95;0,30;5,70;3,59;211;11;4
"d3-26-41";"filipulm";7,00;2;6;3;9;6,24;6,21;6,48;6,87;0,28;5,70;3,61;202;15;4
"d3-26-42";"filipulm";6,00;5;3;9;3;5,82;6,26;7,43;6,69;0,16;5,56;3,69;181;7;4
"d3-26-43";"filipulm";6,00;2;6;6;3;5,86;6,20;6,74;6,93;0,26;5,66;3,69;187;6;4
"d3-26-44";"filipulm";6,00;1;6;3;3;6,10;6,25;6,22;6,53;0,20;5,64;3,63;205;13;4
"d3-27-12";"filipulm";7,00;2;6;3;9;5,74;5,83;6,19;6,75;0,20;5,72;3,56;223;22;4
"d3-27-13";"filipulm";6,00;3;6;6;3;6,07;6,05;6,72;6,78;0,16;5,61;3,66;167;13;4
"d3-27-21";"molincae";11,00;5;3;10;8;6,06;5,87;6,70;6,52;0,22;5,54;3,54;91;9;5
"d3-27-23";"filipulm";6,00;6;6;6;3;5,99;6,05;6,43;6,66;0,20;5,68;3,62;163;14;4
"d3-27-33";"filipulm";7,00;2;6;3;9;5,96;6,16;6,19;6,69;0,20;5,66;3,65;247;14;4
"d3-27-34";"filipulm";7,00;2;6;3;9;5,89;6,10;6,09;6,58;0,16;5,67;3,52;258;35;4
"d3-27-41";"filipulm";7,00;2;6;3;9;6,00;6,20;6,35;6,57;0,19;5,64;3,60;269;25;4
"d3-27-44";"filipulm";5,00;2;6;6;7;6,02;6,18;5,95;6,91;0,26;5,64;3,63;166;10;4
"d3-28-13";"filipulm";6,00;6;4;6;3;6,42;6,23;6,32;6,84;0,28;5,69;3,78;138;8;4
"d3-28-14";"filipulm";6,00;6;7;6;3;6,50;6,63;6,94;7,02;0,32;5,60;3,70;117;6;4
"d3-28-22";"filipulm";6,00;5;3;10;3;6,34;6,50;6,75;6,88;0,31;5,65;3,58;100;6;4
"d3-28-23";"filipulm";6,00;5;3;10;3;6,20;6,61;6,72;6,87;0,29;5,62;3,49;136;5;4
"d3-28-24";"filipulm";7,00;2;6;3;9;5,73;6,31;6,44;6,93;0,26;5,81;3,65;324;43;4
"d3-28-31";"filipulm";7,00;2;6;3;9;6,20;6,40;6,41;6,91;0,23;5,71;3,79;217;19;4
"d3-28-32";"filipulm";6,00;6;7;12;3;6,50;6,67;7,40;6,96;0,27;5,67;3,70;121;9;4
"d3-28-44";"filipulm";5,00;2;6;3;7;5,95;6,30;6,06;6,94;0,24;5,75;3,69;216;21;4
"d3-31-12";"filipulm";6,00;6;6;6;3;6,09;6,14;6,43;6,72;0,24;5,58;3,66;153;9;4
"d3-31-13";"filipulm";7,00;2;6;3;9;5,94;6,04;6,55;6,81;0,23;5,66;3,59;200;15;4
"d3-31-14";"filipulm";6,00;2;6;6;3;6,14;6,06;6,35;6,66;0,23;5,58;3,58;163;13;4
"d3-31-21";"buddldav";13,00;6;4;1;17;6,05;6,03;5,36;6,61;0,22;5,80;3,50;138;26;6
"d3-31-22";"filipulm";7,00;2;6;3;9;6,01;6,01;6,17;6,50;0,21;5,69;3,52;213;30;4
"d3-31-23";"filipulm";6,00;5;3;10;3;6,11;6,10;6,23;6,81;0,20;5,65;3,52;114;6;4
"d3-31-24";"filipulm";6,00;3;6;6;3;5,84;5,95;6,11;6,57;0,23;5,65;3,56;178;14;4
"d3-31-31";"molincae";9,00;4;2;4;4;5,67;5,93;5,43;6,63;0,12;5,77;3,46;118;8;5
"d3-31-32";"buddldav";13,00;5;4;1;17;5,77;6,05;5,57;6,59;0,12;5,82;3,60;145;19;6
"d3-31-33";"filipulm";5,00;2;6;6;7;5,90;5,90;5,89;6,70;0,19;5,73;3,51;176;15;4
"d3-31-34";"molincae";8,00;3;1;13;14;5,63;5,65;5,91;6,70;0,21;5,67;3,42;229;17;5
"d3-31-41";"filipulm";7,00;3;1;13;9;5,73;5,73;5,94;6,55;0,19;5,66;3,52;246;25;4
"d3-31-42";"molincae";8,00;3;1;13;14;5,65;5,60;5,79;6,68;0,20;5,72;3,48;218;22;5
"d3-31-43";"filipulm";5,00;3;6;3;7;6,03;6,00;6,17;6,57;0,24;5,61;3,56;198;17;4
"d3-31-44";"filipulm";5,00;2;6;3;7;6,03;6,17;6,04;6,77;0,22;5,70;3,58;204;20;4
"d3-32-12";"filipulm";5,00;2;6;6;7;5,75;5,90;5,86;6,58;0,16;5,63;3,52;180;22;4
"d3-32-13";"primuela";17,00;5;3;10;16;5,91;5,91;6,19;6,29;0,17;5,48;3,43;92;9;8
"d3-32-14";"filipulm";7,00;2;6;3;9;5,85;5,95;5,87;6,52;0,19;5,68;3,49;231;27;4
"d3-32-21";"filipulm";7,00;2;6;3;9;5,87;6,41;5,88;6,87;0,26;5,73;3,63;230;25;4
"d3-32-22";"buddldav";12,00;2;5;2;2;5,91;6,38;5,77;7,01;0,24;5,84;3,69;274;56;6
"d3-32-24";"filipulm";7,00;2;6;3;9;5,74;6,42;6,07;7,08;0,26;5,78;3,66;235;23;4
"d3-32-31";"filipulm";5,00;2;6;13;7;5,91;6,06;5,94;6,62;0,24;5,71;3,65;199;25;4
"d3-32-33";"filipulm";6,00;3;6;13;3;5,87;5,81;6,10;6,53;0,21;5,61;3,55;186;15;4
"d3-32-34";"filipulm";6,00;6;4;6;3;6,32;6,71;6,33;6,93;0,29;5,73;3,71;111;6;4
"d3-32-41";"filipulm";7,00;2;6;3;9;5,69;6,26;6,45;6,79;0,27;5,71;3,62;273;27;4
"d3-32-42";"filipulm";5,00;6;7;6;7;6,37;6,56;5,94;6,90;0,31;5,75;3,50;141;14;4
"d3-32-43";"filipulm";7,00;2;6;3;9;6,15;6,44;6,46;6,87;0,24;5,76;3,70;241;26;4
"d3-33-11";"filipulm";7,00;2;6;3;9;5,96;6,41;6,16;6,92;0,21;5,71;3,64;241;31;4
"d3-33-12";"molincae";9,00;4;2;4;4;5,73;5,90;5,40;6,66;0,18;5,62;3,47;128;19;5
"d3-33-14";"molincae";8,00;3;1;13;14;5,58;5,80;5,77;6,70;0,22;5,69;3,51;218;29;5
"d3-33-22";"filipulm";7,00;2;6;3;9;5,80;6,12;6,22;6,70;0,20;5,67;3,58;288;39;4
"d3-33-24";"filipulm";5,00;6;4;6;7;6,15;6,28;5,71;6,86;0,24;5,68;3,53;160;24;4
"d3-33-31";"primuela";16,00;1;8;7;5;6,05;6,27;5,80;6,36;0,18;5,75;3,45;185;24;8
"d3-33-34";"primuela";17,00;5;3;8;16;5,79;5,99;6,14;6,32;0,18;5,50;3,51;163;8;8
"d3-33-41";"primuela";17,00;5;3;8;16;5,50;5,49;5,67;6,48;0,21;5,57;3,36;156;9;8
"d3-33-43";"primuela";16,00;1;8;8;5;5,80;5,71;6,12;6,13;0,10;5,53;3,41;202;11;8
"d3-33-44";"primuela";16,00;1;8;7;5;5,90;5,79;5,84;6,26;0,20;5,65;3,47;203;19;8
"d3-34-11";"filipulm";7,00;2;6;3;9;5,87;5,77;5,97;6,77;0,17;5,74;3,50;215;27;4
"d3-34-12";"filipulm";5,00;6;6;6;7;6,05;6,14;6,37;6,87;0,31;5,65;3,64;164;15;4
"d3-34-13";"filipulm";7,00;2;6;3;9;6,02;6,18;5,96;6,81;0,19;5,74;3,55;235;37;4
"d3-34-14";"filipulm";6,00;5;3;10;3;5,87;5,58;6,07;6,45;0,25;5,55;3,42;155;9;4
"d3-34-22";"filipulm";5,00;2;6;6;7;6,01;5,94;6,18;6,86;0,22;5,65;3,51;180;19;4
"d3-34-31";"buddldav";13,00;6;5;2;17;6,14;6,56;5,74;6,94;0,19;5,80;3,67;164;30;6
"d3-34-32";"filipulm";6,00;5;3;10;3;5,85;5,81;5,86;6,53;0,18;5,53;3,48;161;13;4
"d3-34-33";"filipulm";5,00;2;5;2;7;5,87;6,12;5,40;6,86;0,18;5,71;3,59;190;15;4
"d3-34-34";"filipulm";7,00;2;6;7;9;5,79;5,92;5,79;6,52;0,17;5,69;3,51;262;34;4
"d3-34-42";"buddldav";13,00;6;4;5;17;5,82;6,09;5,27;7,06;0,24;5,82;3,59;155;13;6
"d3-35-13";"filipulm";6,00;5;3;10;3;6,09;6,44;6,02;6,77;0,27;5,60;3,49;138;4;4
"d3-35-22";"filipulm";5,00;2;6;13;7;6,00;6,03;5,71;6,73;0,22;5,71;3,63;198;22;4
"d3-35-24";"filipulm";7,00;3;6;3;9;5,25;5,63;5,68;6,80;0,16;5,73;3,52;289;31;4
"d3-35-31";"molincae";11,00;4;2;9;8;5,32;5,35;6,10;6,77;0,30;5,53;3,41;138;5;5
"d3-35-42";"filipulm";5,00;2;6;6;7;6,10;6,17;6,09;6,92;0,25;5,71;3,58;175;14;4
"d3-35-43";"primuela";16,00;1;8;8;5;5,94;5,92;6,13;5,96;0,12;5,53;3,43;196;14;8
"d3-35-44";"primuela";17,00;5;3;8;16;5,97;5,97;5,93;6,18;0,17;5,50;3,49;149;11;8
"d3-36-11";"filipulm";5,00;2;6;6;7;6,17;6,43;6,04;6,78;0,19;5,69;3,58;178;14;4
"d3-36-12";"filipulm";7,00;2;6;3;9;5,72;6,02;6,43;6,81;0,24;5,74;3,58;266;23;4
"d3-36-21";"filipulm";7,00;2;6;3;9;5,65;5,84;6,25;6,80;0,20;5,69;3,63;249;22;4
"d3-36-23";"filipulm";7,00;2;6;3;9;5,72;6,11;6,18;6,92;0,25;5,68;3,75;202;15;4
"d3-36-32";"filipulm";6,00;5;3;10;3;5,60;6,05;6,83;6,53;0,19;5,58;3,35;173;5;4
"d3-36-43";"filipulm";7,00;1;6;7;9;5,91;5,97;5,88;6,53;0,15;5,69;3,49;243;32;4
"d3-36-44";"filipulm";7,00;2;6;3;9;5,96;6,09;5,96;6,76;0,20;5,75;3,55;223;35;4
"d3-37-11";"filipulm";7,00;2;6;3;9;5,92;6,04;5,92;6,76;0,21;5,65;3,55;208;18;4
"d3-37-12";"filipulm";7,00;3;1;13;9;5,46;5,68;5,65;6,72;0,19;5,73;3,50;263;33;4
"d3-37-13";"filipulm";7,00;2;6;3;9;5,74;5,85;5,84;6,73;0,23;5,68;3,49;255;25;4
"d3-37-14";"filipulm";7,00;2;6;3;9;5,58;5,90;6,02;6,74;0,20;5,73;3,55;315;32;4
"d3-37-22";"filipulm";6,00;5;3;10;3;6,09;6,26;6,72;6,72;0,19;5,45;3,56;136;3;4
"d3-37-23";"filipulm";6,00;2;6;3;3;5,94;6,24;6,26;6,70;0,19;5,61;3,54;203;21;4
"d3-37-34";"filipulm";5,00;2;6;3;7;6,06;6,14;5,99;6,74;0,25;5,73;3,51;190;24;4
"d3-37-44";"filipulm";7,00;1;6;7;9;5,97;6,21;6,35;6,49;0,20;5,59;3,63;233;15;4
"d3-38-21";"filipulm";6,00;5;3;6;3;6,13;6,37;6,19;6,61;0,20;5,61;3,59;145;8;4
"d3-38-22";"filipulm";6,00;5;3;10;3;5,83;6,45;6,52;7,04;0,22;5,58;3,56;163;6;4
"d3-38-24";"filipulm";6,00;6;4;6;3;6,18;6,28;6,35;6,97;0,24;5,57;3,57;155;9;4
"d3-38-31";"filipulm";5,00;2;6;6;7;6,12;6,36;5,99;6,68;0,28;5,64;3,65;177;17;4
"d3-38-42";"filipulm";7,00;2;6;3;9;6,02;6,38;6,17;6,84;0,23;5,69;3,53;226;16;4
"d3-38-43";"filipulm";7,00;2;6;3;9;5,82;6,23;6,32;6,78;0,23;5,64;3,60;243;16;4
"d3-38-44";"filipulm";6,00;5;6;10;3;5,95;6,48;6,56;6,69;0,21;5,58;3,59;185;5;4
"d3-41-11";"filipulm";6,00;3;6;6;3;5,68;5,93;6,08;6,71;0,23;5,67;3,55;182;8;4
"d3-41-12";"filipulm";5,00;2;6;3;7;6,18;6,24;6,02;6,80;0,26;5,73;3,56;202;27;4
"d3-41-13";"filipulm";6,00;4;4;6;3;5,93;5,91;5,76;6,69;0,23;5,70;3,62;127;7;4
"d3-41-14";"loliumul";4,00;6;4;6;11;5,99;6,34;6,07;6,92;0,29;5,73;3,63;139;11;3
"d3-41-21";"filipulm";7,00;2;6;3;9;5,92;6,11;6,05;6,82;0,26;5,76;3,60;243;25;4
"d3-41-22";"filipulm";7,00;2;6;3;9;5,90;5,87;6,17;6,66;0,25;5,70;3,50;212;21;4
"d3-41-23";"filipulm";5,00;2;6;6;7;6,19;6,36;6,17;6,83;0,23;5,69;3,61;182;17;4
"d3-41-24";"filipulm";6,00;5;4;6;3;6,19;6,49;6,75;6,83;0,24;5,77;3,65;122;4;4
"d3-41-31";"filipulm";5,00;6;4;6;7;6,10;6,15;5,92;6,85;0,30;5,69;3,45;147;8;4
"d3-41-32";"filipulm";7,00;2;6;3;9;5,96;6,40;6,30;6,81;0,25;5,72;3,70;249;22;4
"d3-41-33";"filipulm";5,00;6;4;6;7;6,14;6,28;5,53;6,89;0,26;5,76;3,67;165;21;4
"d3-41-34";"filipulm";7,00;2;6;3;9;6,06;6,64;6,04;6,88;0,25;5,82;3,67;281;46;4
"d3-41-41";"filipulm";5,00;2;6;3;7;6,10;6,46;6,10;6,86;0,27;5,69;3,71;213;19;4
"d3-41-42";"filipulm";7,00;2;6;3;9;6,01;6,45;6,53;6,95;0,27;5,70;3,65;249;15;4
"d3-41-43";"filipulm";7,00;2;6;3;9;6,22;6,59;6,12;6,84;0,23;5,77;3,66;263;35;4
"d3-41-44";"filipulm";7,00;2;6;3;9;6,05;6,45;6,29;6,84;0,25;5,67;3,60;222;20;4
"d3-42-11";"filipulm";7,00;2;6;3;9;5,95;5,96;6,00;6,64;0,19;5,68;3,53;210;24;4
"d3-42-12";"filipulm";7,00;2;6;3;9;6,00;6,50;6,64;6,85;0,28;5,76;3,58;272;29;4
"d3-42-13";"filipulm";7,00;2;6;3;9;6,10;6,50;6,57;6,85;0,29;5,74;3,59;234;26;4
"d3-42-14";"filipulm";7,00;2;6;3;9;6,02;6,52;6,59;6,75;0,26;5,68;3,63;229;17;4
"d3-42-21";"filipulm";7,00;2;6;3;9;6,12;6,31;6,28;6,90;0,25;5,73;3,64;223;19;4
"d3-42-22";"filipulm";5,00;1;8;6;7;5,99;6,06;5,83;6,62;0,22;5,70;3,45;178;16;4
"d3-42-23";"buddldav";13,00;6;4;1;17;5,95;6,08;5,47;6,66;0,18;5,76;3,36;133;16;6
"d3-42-24";"filipulm";5,00;2;4;6;7;6,10;6,13;5,85;6,66;0,23;5,71;3,57;176;21;4
"d3-42-31";"filipulm";7,00;2;6;3;9;6,07;6,47;6,08;6,86;0,24;5,76;3,62;255;34;4
"d3-42-32";"filipulm";5,00;1;8;13;7;6,01;5,83;5,92;6,47;0,23;5,69;3,44;187;19;4
"d3-42-33";"filipulm";7,00;2;6;7;9;6,09;6,24;5,92;6,67;0,22;5,75;3,50;224;26;4
"d3-42-34";"primuela";16,00;1;8;7;5;6,16;6,21;6,04;6,32;0,20;5,67;3,45;271;28;8
"d3-42-41";"primuela";16,00;1;8;7;5;5,78;5,95;6,14;6,29;0,21;5,59;3,46;223;19;8
"d3-42-42";"primuela";16,00;1;8;8;5;5,89;5,71;5,95;6,21;0,18;5,57;3,52;183;16;8
"d3-42-43";"primuela";16,00;1;8;7;5;5,71;5,75;6,27;6,21;0,14;5,53;3,38;243;17;8
"d3-43-11";"primuela";17,00;5;3;10;16;6,18;6,00;6,37;6,39;0,15;5,58;3,38;121;11;8
"d3-43-12";"filipulm";5,00;6;4;6;7;6,25;6,18;5,80;6,81;0,30;5,69;3,50;158;20;4
"d3-43-13";"primuela";17,00;5;3;8;16;6,02;6,17;6,60;6,32;0,19;5,60;3,46;169;14;8
"d3-43-14";"filipulm";6,00;5;3;10;3;5,86;5,83;5,63;6,51;0,24;5,56;3,37;110;5;4
"d3-43-21";"buddldav";13,00;6;4;1;17;6,10;6,30;5,28;6,80;0,26;5,77;3,60;133;22;6
"d3-43-22";"primuela";16,00;1;8;7;5;5,85;6,08;6,10;6,43;0,19;5,68;3,53;250;20;8
"d3-43-23";"primuela";17,00;5;3;10;16;6,08;6,34;6,95;6,39;0,21;5,47;3,51;126;2;8
"d3-43-24";"primuela";16,00;1;8;7;5;5,77;6,14;5,92;6,39;0,16;5,69;3,41;324;37;8
"d3-43-31";"buddldav";13,00;6;4;1;17;6,33;6,08;5,27;6,53;0,29;5,76;3,55;97;6;6
"d3-43-32";"primuela";16,00;1;8;7;5;6,07;6,25;5,97;6,53;0,19;5,73;3,43;239;21;8
"d3-43-33";"primuela";16,00;1;8;7;5;6,01;6,20;5,82;6,37;0,16;5,62;3,40;238;21;8
"d3-43-41";"primuela";16,00;1;8;7;5;5,84;6,11;5,89;6,39;0,17;5,68;3,47;215;18;8
"d3-43-42";"primuela";16,00;1;8;7;5;5,74;6,15;5,89;6,37;0,16;5,61;3,43;282;22;8
"d3-43-43";"primuela";16,00;1;8;7;5;5,78;6,16;5,86;6,51;0,18;5,70;3,49;282;41;8
"d3-43-44";"primuela";16,00;1;8;8;5;6,03;6,05;6,15;6,11;0,17;5,53;3,45;210;15;8
"d3-44-11";"primuela";17,00;5;3;10;16;5,90;6,10;6,04;6,16;0,12;5,53;3,50;142;10;8
"d3-44-13";"primuela";17,00;5;3;10;16;6,04;5,85;6,02;5,76;0,11;5,56;3,32;101;7;8
"d3-44-23";"primuela";17,00;5;3;10;16;5,86;6,07;5,98;6,00;0,18;5,45;3,50;121;5;8
"d3-44-24";"filipulm";5,00;6;4;6;7;6,11;6,23;5,78;6,72;0,27;5,66;3,52;143;10;4
"d3-44-31";"primuela";17,00;1;8;8;16;6,24;6,10;5,67;6,04;0,20;5,56;3,50;164;13;8
"d3-44-34";"primuela";17,00;5;3;10;16;6,00;6,10;6,03;6,36;0,24;5,50;3,48;131;7;8
"d3-44-41";"primuela";16,00;1;8;8;5;5,96;6,06;6,04;6,27;0,14;5,58;3,53;187;12;8
"d3-45-12";"primuela";16,00;1;8;7;5;5,89;6,12;5,87;6,55;0,20;5,61;3,51;197;16;8
"d3-45-13";"filipulm";6,00;5;4;10;3;6,38;6,36;6,22;6,65;0,15;5,60;3,64;99;12;4
"d3-45-22";"primuela";17,00;5;3;8;16;5,52;5,56;6,04;6,45;0,18;5,56;3,63;143;7;8
"d3-45-24";"primuela";17,00;5;3;10;16;5,51;5,08;5,78;5,96;0,13;5,47;3,31;98;3;8
"d3-45-32";"loliumul";4,00;6;4;1;11;6,33;6,41;5,94;6,55;0,25;5,59;3,45;127;10;3
"d3-45-33";"filipulm";6,00;5;3;10;3;6,11;6,31;6,24;6,51;0,24;5,63;3,43;174;6;4
"d3-45-43";"primuela";17,00;5;3;10;16;6,20;6,01;5,93;6,12;0,14;5,43;3,54;108;4;8
"d3-46-11";"filipulm";7,00;3;1;7;9;5,47;5,60;6,24;6,55;0,18;5,61;3,46;314;29;4
"d3-46-12";"filipulm";7,00;1;8;7;9;5,57;5,62;6,15;6,51;0,17;5,69;3,46;315;40;4
"d3-46-14";"primuela";17,00;5;3;10;16;6,28;6,10;6,44;6,32;0,19;5,44;3,59;101;2;8
"d3-46-21";"filipulm";7,00;1;8;7;9;5,70;5,73;5,98;6,50;0,19;5,69;3,45;264;35;4
"d3-46-23";"primuela";16,00;1;8;7;5;5,75;5,93;6,09;6,31;0,19;5,59;3,38;261;18;8
"d3-46-32";"filipulm";5,00;6;4;1;7;6,09;5,97;5,77;6,64;0,29;5,67;3,54;158;8;4
"d3-46-33";"primuela";16,00;1;8;7;5;5,68;5,92;6,19;6,40;0,16;5,59;3,42;276;24;8
"d3-46-34";"primuela";16,00;1;8;7;5;5,85;5,97;6,04;6,37;0,21;5,61;3,43;216;18;8
"d3-46-42";"primuela";16,00;1;8;7;5;5,93;6,06;6,01;6,47;0,19;5,63;3,51;241;24;8
"d3-46-43";"primuela";16,00;1;8;7;5;6,02;6,32;6,17;6,35;0,19;5,64;3,51;191;15;8
"d3-46-44";"primuela";16,00;1;8;7;5;5,85;6,00;5,97;6,45;0,17;5,61;3,50;187;12;8
"d3-47-13";"filipulm";6,00;5;6;3;3;5,90;6,32;6,64;6,72;0,18;5,53;3,58;185;14;4
"d3-47-14";"filipulm";7,00;1;8;7;9;5,82;6,30;6,00;6,49;0,21;5,71;3,46;276;32;4
"d3-47-22";"filipulm";6,00;5;3;10;3;6,33;6,23;6,33;6,38;0,17;5,57;3,59;142;5;4
"d3-47-31";"buddldav";13,00;6;4;1;17;5,91;6,20;5,29;6,64;0,20;5,86;3,49;188;27;6
"d3-47-32";"filipulm";5,00;2;6;2;7;6,05;6,35;5,66;6,65;0,19;5,75;3,48;218;24;4
"d3-47-33";"loliumul";4,00;6;4;1;11;6,03;6,09;5,50;6,60;0,27;5,70;3,53;136;7;3
"d3-47-34";"primuela";16,00;1;8;7;5;5,86;6,21;6,19;6,46;0,19;5,59;3,52;256;20;8
"d3-47-43";"filipulm";7,00;1;6;7;9;5,75;6,14;6,32;6,62;0,19;5,67;3,54;313;21;4
"d3-47-44";"filipulm";5,00;2;5;2;7;5,84;6,47;5,63;6,75;0,20;5,69;3,71;179;20;4
"d3-48-14";"filipulm";7,00;2;6;3;9;6,01;6,44;6,51;6,71;0,23;5,59;3,70;218;15;4
"d3-48-21";"filipulm";7,00;2;6;3;9;5,94;6,31;6,03;6,83;0,22;5,71;3,68;226;20;4
"d3-48-22";"filipulm";6,00;5;6;6;3;6,18;6,19;6,26;6,57;0,25;5,54;3,59;166;9;4
"d3-48-23";"filipulm";7,00;2;6;3;9;6,00;6,20;6,26;6,75;0,21;5,72;3,57;279;30;4
"d3-48-24";"loliumul";4,00;6;4;6;11;6,46;6,22;5,92;6,74;0,32;5,69;3,72;125;13;3
"d3-48-33";"filipulm";5,00;6;4;6;7;6,01;6,28;5,63;6,99;0,28;5,72;3,64;155;15;4
"d3-48-41";"filipulm";6,00;5;3;10;3;6,15;6,19;6,18;6,69;0,20;5,58;3,55;123;4;4
"d3-48-42";"loliumul";4,00;6;4;6;11;6,19;5,96;5,59;6,80;0,31;5,73;3,66;113;9;3
"d3-51-11";"filipulm";5,00;6;4;6;7;5,74;5,91;5,46;6,88;0,27;5,70;3,55;144;11;4
"d3-51-12";"filipulm";7,00;2;6;3;9;6,04;6,42;6,28;6,77;0,25;5,71;3,61;263;22;4
"d3-51-14";"filipulm";5,00;2;6;3;7;6,12;6,33;6,17;6,94;0,26;5,70;3,58;199;14;4
"d3-51-21";"filipulm";7,00;1;6;7;9;6,18;6,34;5,97;6,53;0,21;5,75;3,53;231;35;4
"d3-51-22";"loliumul";4,00;6;4;1;11;6,33;6,17;5,47;6,63;0,29;5,74;3,52;137;16;3
"d3-51-23";"filipulm";5,00;6;4;6;7;6,12;6,13;5,94;6,68;0,25;5,68;3,51;168;14;4
"d3-51-32";"filipulm";5,00;2;6;3;7;6,32;6,46;5,96;6,77;0,21;5,74;3,61;207;15;4
"d3-51-33";"filipulm";5,00;6;4;6;7;6,22;6,25;6,32;6,78;0,28;5,61;3,62;152;7;4
"d3-51-34";"filipulm";7,00;2;6;3;9;6,17;6,33;5,98;6,72;0,22;5,78;3,61;236;31;4
"d3-51-41";"primuela";16,00;1;8;7;5;6,00;6,22;6,02;6,33;0,14;5,64;3,51;264;29;8
"d3-51-42";"filipulm";5,00;6;4;6;7;6,24;6,24;5,82;6,72;0,31;5,71;3,53;143;18;4
"d3-51-43";"filipulm";7,00;2;6;3;9;6,13;6,53;6,22;6,71;0,22;5,74;3,58;246;26;4
"d3-51-44";"filipulm";7,00;2;6;3;9;6,26;6,47;6,29;6,63;0,21;5,73;3,62;259;34;4
"d3-52-11";"primuela";16,00;1;8;7;5;6,03;6,05;5,95;6,40;0,24;5,62;3,34;210;24;8
"d3-52-14";"loliumul";4,00;6;4;6;11;6,18;6,11;5,93;6,68;0,27;5,69;3,61;147;12;3
"d3-52-21";"primuela";16,00;1;8;7;5;6,12;6,04;6,17;6,16;0,21;5,58;3,45;217;19;8
"d3-52-22";"primuela";16,00;1;8;7;5;6,04;6,23;5,81;6,35;0,19;5,68;3,55;219;21;8
"d3-52-23";"filipulm";5,00;6;4;1;7;6,19;6,21;5,53;6,61;0,25;5,76;3,50;164;17;4
"d3-52-24";"primuela";17,00;5;3;8;16;5,70;5,94;6,11;6,05;0,17;5,40;3,48;134;2;8
"d3-52-31";"primuela";16,00;1;8;7;5;6,05;6,10;5,80;6,22;0,21;5,66;3,48;203;16;8
"d3-52-33";"primuela";17,00;5;3;8;16;5,96;6,11;5,86;6,12;0,16;5,59;3,41;166;13;8
"d3-52-34";"loliumul";4,00;5;4;1;11;6,42;6,44;5,75;6,43;0,25;5,67;3,68;118;10;3
"d3-52-42";"primuela";17,00;5;3;8;16;6,17;6,25;5,73;6,16;0,19;5,58;3,36;139;14;8
"d3-52-43";"buddldav";13,00;6;4;1;17;6,38;6,41;5,48;6,82;0,28;5,75;3,58;137;22;6
"d3-53-11";"primuela";16,00;1;8;7;5;6,05;6,17;5,66;6,47;0,20;5,67;3,53;204;28;8
"d3-53-12";"primuela";16,00;1;8;8;5;6,04;6,11;6,18;6,28;0,22;5,54;3,46;196;10;8
"d3-53-21";"primuela";16,00;1;8;8;5;5,94;6,08;5,70;6,37;0,20;5,62;3,48;195;8;8
"d3-53-23";"filipulm";5,00;1;8;7;7;6,03;6,39;5,85;6,73;0,17;5,79;3,53;196;23;4
"d3-53-32";"loliumul";4,00;6;4;1;11;6,14;6,27;5,62;6,65;0,21;5,73;3,61;124;13;3
"d3-53-34";"primuela";16,00;1;8;7;5;5,85;5,91;5,84;6,27;0,21;5,60;3,44;226;14;8
"d3-53-41";"loliumul";4,00;6;4;1;11;6,31;6,47;5,82;6,48;0,19;5,66;3,66;146;15;3
"d3-53-42";"primuela";17,00;5;3;10;16;6,03;6,24;5,87;6,37;0,13;5,60;3,37;122;10;8
"d3-53-44";"primuela";16,00;1;8;8;5;6,04;6,22;5,97;6,31;0,18;5,61;3,54;169;13;8
"d3-54-12";"primuela";17,00;5;3;10;16;5,93;6,23;6,04;6,45;0,17;5,50;3,46;103;5;8
"d3-54-13";"primuela";17,00;5;3;10;16;6,22;6,21;6,29;6,09;0,20;5,54;3,62;118;13;8
"d3-54-14";"buddldav";13,00;6;4;1;17;5,96;6,32;5,27;6,74;0,21;5,87;3,69;121;19;6
"d3-54-21";"primuela";17,00;5;3;10;16;5,87;6,04;6,09;6,17;0,15;5,46;3,46;117;5;8
"d3-54-23";"primuela";16,00;1;8;7;5;5,83;6,01;5,92;6,38;0,20;5,59;3,50;202;13;8
"d3-54-24";"primuela";17,00;5;3;10;16;6,23;6,22;6,16;5,82;0,14;5,37;3,46;107;1;8
"d3-54-31";"primuela";15,00;6;4;1;6;6,41;6,25;5,16;6,48;0,20;5,77;3,60;109;10;8
"d3-54-33";"primuela";16,00;1;8;7;5;5,99;6,29;5,44;6,63;0,20;5,82;3,57;237;42;8
"d3-54-41";"primuela";17,00;5;3;10;16;6,38;6,37;5,92;6,26;0,25;5,55;3,41;124;9;8
"d3-55-12";"primuela";17,00;5;3;10;16;6,05;6,26;6,42;6,20;0,12;5,43;3,57;123;1;8
"d3-55-21";"primuela";17,00;5;3;8;16;5,95;6,04;5,85;6,20;0,16;5,56;3,57;141;11;8
"d3-55-33";"primuela";16,00;1;8;8;5;5,90;6,22;5,90;6,16;0,22;5,53;3,32;176;6;8
"d3-55-34";"primuela";15,00;6;4;1;6;6,01;6,08;5,51;6,53;0,26;5,62;3,55;154;12;8
"d3-55-42";"primuela";17,00;5;3;10;16;5,98;6,16;6,55;6,30;0,16;5,35;3,41;105;4;8
"d3-56-12";"primuela";16,00;1;8;7;5;5,94;6,26;6,19;6,55;0,23;5,62;3,52;235;13;8
"d3-56-21";"filipulm";7,00;2;6;7;9;5,99;6,27;5,97;6,72;0,21;5,69;3,46;260;22;4
"d3-56-22";"loliumul";4,00;5;4;1;11;6,17;6,28;5,77;6,50;0,21;5,63;3,59;122;9;3
"d3-56-24";"filipulm";5,00;2;5;2;7;5,84;6,33;5,64;6,80;0,23;5,76;3,50;218;27;4
"d3-56-32";"primuela";16,00;1;8;7;5;6,08;6,24;6,04;6,55;0,18;5,65;3,52;222;21;8
"d3-56-41";"filipulm";5,00;2;6;3;7;5,95;6,32;5,76;6,77;0,21;5,71;3,51;192;15;4
"d3-56-42";"primuela";15,00;6;4;1;6;6,32;6,64;5,34;6,79;0,30;5,63;3,63;130;7;8
"d3-56-44";"primuela";16,00;1;8;7;5;5,89;6,34;5,77;6,55;0,16;5,72;3,48;231;27;8
"d3-57-11";"filipulm";7,00;2;6;3;9;5,95;6,34;5,84;6,75;0,17;5,76;3,59;234;26;4
"d3-57-13";"filipulm";7,00;2;6;3;9;5,79;6,28;5,87;6,79;0,16;5,80;3,53;293;44;4
"d3-57-14";"filipulm";5,00;1;8;7;7;5,98;6,25;5,67;6,60;0,21;5,74;3,46;196;28;4
"d3-57-21";"primuela";16,00;1;8;7;5;6,03;6,34;6,37;6,46;0,19;5,58;3,51;232;22;8
"d3-57-22";"filipulm";6,00;5;3;10;3;5,80;6,22;5,59;6,77;0,15;5,68;3,65;117;8;4
"d3-57-24";"filipulm";5,00;6;4;6;7;6,10;6,19;5,89;6,87;0,24;5,72;3,44;160;16;4
"d3-57-32";"filipulm";6,00;5;3;10;3;6,19;6,41;6,20;6,73;0,19;5,55;3,55;147;5;4
"d3-57-42";"filipulm";7,00;2;6;3;9;5,96;6,24;6,37;6,81;0,25;5,69;3,63;224;16;4
"d3-57-44";"filipulm";7,00;2;6;3;9;6,05;6,16;6,32;6,82;0,20;5,68;3,70;225;18;4
"d3-58-11";"buddldav";13,00;6;4;5;17;5,59;6,56;4,93;7,05;0,16;5,89;3,65;94;22;6
"d3-58-13";"buddldav";13,00;6;4;1;17;6,12;6,28;5,43;6,79;0,19;5,83;3,53;153;21;6
"d3-58-14";"buddldav";13,00;6;4;5;17;6,25;6,46;5,32;6,97;0,16;5,78;3,56;118;20;6
"d3-58-22";"filipulm";5,00;1;8;7;7;6,00;6,13;5,80;6,56;0,14;5,60;3,57;182;5;4
"d3-58-23";"filipulm";5,00;6;4;6;7;6,34;6,33;6,45;6,78;0,19;5,71;3,62;162;19;4
"d3-58-31";"filipulm";7,00;1;8;7;9;6,08;6,46;6,35;6,48;0,18;5,68;3,64;278;36;4
"d3-58-32";"filipulm";7,00;2;6;3;9;5,73;6,36;6,13;6,66;0,21;5,73;3,63;393;53;4
"d3-58-33";"primuela";17,00;5;3;10;16;6,41;6,42;6,57;5,95;0,16;5,47;3,41;123;13;8
"d3-58-34";"filipulm";7,00;2;6;3;9;6,01;6,45;6,13;6,64;0,20;5,69;3,56;261;26;4
"d3-58-41";"primuela";16,00;1;8;7;5;5,87;6,06;6,30;6,43;0,21;5,60;3,44;256;29;8
"d3-58-42";"primuela";17,00;5;3;8;16;5,86;5,96;6,51;5,98;0,17;5,43;3,31;143;9;8
"d3-58-44";"primuela";16,00;1;8;7;5;5,68;5,90;6,08;6,45;0,15;5,59;3,44;267;25;8
"d4-11-13";"filipulm";6,00;5;3;10;3;6,40;6,09;6,93;6,61;0,24;5,49;3,62;113;6;4
"d4-11-14";"loliumul";4,00;6;4;6;11;6,23;5,94;5,77;6,79;0,27;5,76;3,51;120;20;3
"d4-11-44";"filipulm";7,00;2;6;3;9;6,07;6,40;6,22;6,92;0,24;5,78;3,64;231;25;4
"d4-12-21";"filipulm";5,00;2;6;2;7;6,28;6,59;6,10;6,95;0,20;5,82;3,66;207;38;4
"d4-12-22";"filipulm";6,00;2;6;3;3;6,02;6,30;6,88;6,69;0,17;5,62;3,57;190;10;4
"d4-12-23";"filipulm";6,00;6;7;6;3;6,28;6,57;6,66;6,88;0,20;5,66;3,54;160;8;4
"d4-12-24";"filipulm";5,00;2;6;3;7;5,92;6,25;6,54;6,85;0,28;5,69;3,61;199;15;4
"d4-12-33";"filipulm";6,00;6;4;6;3;6,42;6,49;6,42;6,81;0,18;5,62;3,60;105;9;4
"d4-12-34";"filipulm";5,00;1;4;6;7;6,35;6,31;5,92;6,42;0,18;5,66;3,61;170;21;4
"d4-12-42";"filipulm";5,00;2;6;6;7;5,96;6,03;6,18;6,93;0,27;5,72;3,51;174;18;4
"d4-12-44";"filipulm";7,00;2;6;3;9;6,00;6,23;6,03;6,92;0,20;5,79;3,72;222;25;4
"d4-13-11";"filipulm";7,00;2;6;3;9;5,78;5,95;6,37;6,67;0,21;5,65;3,64;248;14;4
"d4-13-12";"molincae";8,00;3;1;13;14;5,67;5,68;5,99;6,71;0,20;5,66;3,56;187;19;5
"d4-13-13";"filipulm";7,00;3;1;11;9;5,57;5,70;6,09;6,58;0,18;5,65;3,50;261;22;4
"d4-13-14";"molincae";10,00;3;6;3;12;5,41;5,87;6,29;6,76;0,20;5,56;3,56;222;12;5
"d4-13-21";"filipulm";7,00;2;6;3;9;6,03;6,13;6,37;6,67;0,17;5,71;3,66;214;22;4
"d4-13-22";"filipulm";7,00;2;6;3;9;6,01;6,21;6,27;6,70;0,19;5,67;3,70;210;19;4
"d4-13-23";"filipulm";7,00;2;6;3;9;5,79;6,03;6,17;6,82;0,20;5,69;3,68;256;18;4
"d4-13-24";"filipulm";6,00;5;3;10;3;6,13;6,25;6,67;6,77;0,25;5,56;3,66;138;4;4
"d4-13-31";"molincae";10,00;3;1;11;12;5,40;5,38;6,16;6,77;0,15;5,62;3,52;218;15;5
"d4-13-32";"filipulm";6,00;4;2;9;3;5,73;5,63;6,46;6,71;0,24;5,60;3,51;138;10;4
"d4-13-33";"filipulm";5,00;2;6;6;7;6,27;6,37;6,38;6,87;0,29;5,70;3,70;164;20;4
"d4-13-34";"filipulm";5,00;3;6;6;7;5,71;5,85;5,88;6,83;0,23;5,65;3,58;193;13;4
"d4-13-41";"filipulm";5,00;6;6;6;7;6,02;6,14;6,36;6,83;0,27;5,63;3,61;173;9;4
"d4-13-42";"filipulm";5,00;6;4;6;7;6,15;6,23;5,73;6,96;0,25;5,66;3,63;154;12;4
"d4-13-43";"filipulm";6,00;6;4;6;3;5,90;5,93;5,91;6,69;0,22;5,70;3,59;153;8;4
"d4-13-44";"filipulm";5,00;2;6;6;7;6,12;6,29;6,26;6,81;0,25;5,60;3,64;186;17;4
"d4-14-11";"filipulm";6,00;6;4;6;3;5,89;5,86;5,98;6,88;0,24;5,62;3,73;148;13;4
"d4-14-12";"filipulm";6,00;3;6;3;3;5,85;6,09;6,72;6,59;0,19;5,56;3,49;220;8;4
"d4-14-13";"filipulm";6,00;6;6;6;3;5,79;6,13;6,59;6,92;0,29;5,58;3,65;163;6;4
"d4-14-14";"filipulm";7,00;2;6;3;9;6,08;6,30;6,18;6,77;0,22;5,66;3,53;217;12;4
"d4-14-21";"filipulm";7,00;3;6;3;9;5,57;5,89;6,51;6,61;0,16;5,58;3,59;264;11;4
"d4-14-22";"filipulm";5,00;2;6;6;7;6,15;6,21;6,02;6,80;0,20;5,69;3,62;174;16;4
"d4-14-23";"filipulm";7,00;2;6;3;9;6,04;6,21;6,16;6,69;0,19;5,68;3,61;236;17;4
"d4-14-24";"filipulm";6,00;3;1;13;3;5,80;5,84;6,22;6,68;0,18;5,65;3,79;176;14;4
"d4-14-31";"filipulm";7,00;2;6;3;9;5,82;6,08;6,24;6,70;0,21;5,71;3,60;269;20;4
"d4-14-32";"filipulm";6,00;5;3;10;3;6,10;6,15;6,91;6,67;0,23;5,53;3,66;128;0;4
"d4-14-33";"filipulm";6,00;5;3;6;3;6,06;6,15;6,57;6,75;0,31;5,56;3,56;142;7;4
"d4-14-34";"filipulm";6,00;3;6;3;3;5,80;5,82;6,20;6,52;0,16;5,54;3,59;212;9;4
"d4-14-41";"filipulm";6,00;3;6;6;3;5,95;6,01;6,44;6,65;0,23;5,64;3,62;169;19;4
"d4-14-42";"molincae";9,00;4;2;4;4;6,00;5,52;5,92;6,45;0,23;5,64;3,59;137;15;5
"d4-14-43";"filipulm";7,00;2;6;3;9;5,79;5,95;6,38;6,69;0,20;5,63;3,66;266;25;4
"d4-15-11";"filipulm";5,00;2;6;3;7;6,11;6,21;6,30;6,85;0,23;5,66;3,65;190;21;4
"d4-15-12";"filipulm";7,00;2;6;3;9;6,03;6,31;6,04;6,86;0,22;5,70;3,70;224;24;4
"d4-15-13";"molincae";11,00;5;3;9;8;5,64;5,63;7,30;6,57;0,14;5,53;3,62;138;5;5
"d4-15-14";"filipulm";7,00;3;6;3;9;5,71;6,04;6,40;6,68;0,17;5,63;3,63;256;21;4
"d4-15-21";"astertri";14,00;6;4;5;15;6,28;6,70;5,86;7,12;0,24;5,81;3,84;123;16;7
"d4-15-22";"buddldav";12,00;2;5;2;2;5,85;6,42;5,24;7,16;0,22;5,83;3,84;166;34;6
"d4-15-23";"astertri";14,00;6;4;5;15;6,06;6,51;5,55;7,13;0,21;5,80;3,67;137;18;7
"d4-15-24";"astertri";14,00;2;5;5;15;6,05;6,51;5,82;7,16;0,29;5,80;3,76;161;28;7
"d4-15-31";"molincae";11,00;3;1;9;8;5,48;5,70;7,28;6,54;0,19;5,47;3,64;177;5;5
"d4-15-32";"filipulm";6,00;5;3;10;3;6,25;6,10;6,41;6,81;0,21;5,60;3,78;120;8;4
"d4-15-33";"filipulm";6,00;3;1;6;3;6,03;6,06;6,24;6,70;0,20;5,62;3,61;165;13;4
"d4-15-34";"filipulm";5,00;6;4;6;7;6,07;6,19;6,17;6,98;0,32;5,61;3,71;155;12;4
"d4-15-41";"buddldav";12,00;2;5;2;2;6,01;6,33;5,61;7,10;0,28;5,82;3,74;208;42;6
"d4-15-42";"buddldav";12,00;2;5;2;2;6,25;6,30;5,72;7,10;0,28;5,86;3,70;170;31;6
"d4-15-44";"astertri";14,00;6;5;5;15;5,42;6,28;5,62;7,04;0,20;5,67;3,66;181;12;7
"d4-16-12";"molincae";8,00;2;6;13;14;5,78;6,15;6,46;6,97;0,26;5,68;3,52;204;20;5
"d4-16-14";"molincae";11,00;4;2;9;8;5,48;5,76;6,64;7,05;0,27;5,53;3,70;97;9;5
"d4-16-21";"astertri";14,00;4;2;5;15;5,98;6,18;6,38;7,16;0,25;5,67;3,65;140;12;7
"d4-16-22";"astertri";14,00;4;2;5;15;5,53;5,97;6,62;7,06;0,32;5,58;3,48;122;11;7
"d4-16-23";"loliumul";4,00;6;4;6;11;6,22;6,16;6,07;7,11;0,30;5,61;3,55;92;9;3
"d4-16-33";"filipulm";6,00;3;1;9;3;5,77;6,05;6,77;6,75;0,22;5,54;3,51;169;8;4
"d4-16-34";"molincae";10,00;3;1;11;12;5,63;5,87;6,50;6,69;0,17;5,60;3,55;283;20;5
"d4-16-41";"filipulm";7,00;2;6;3;9;6,02;6,17;6,42;6,95;0,26;5,75;3,71;215;30;4
"d4-16-42";"filipulm";6,00;5;3;10;3;5,91;6,25;6,43;6,93;0,25;5,47;3,53;110;5;4
"d4-16-43";"filipulm";6,00;5;3;9;3;6,10;6,04;6,78;6,75;0,21;5,51;3,76;119;15;4
"d4-16-44";"filipulm";6,00;5;3;10;3;5,95;5,83;6,21;6,68;0,20;5,47;3,45;110;1;4
"d4-17-13";"filipulm";7,00;2;6;3;9;5,95;6,27;6,14;6,97;0,25;5,74;3,69;243;29;4
"d4-17-14";"filipulm";6,00;4;2;9;3;5,93;6,16;6,66;6,85;0,30;5,50;3,65;108;7;4
"d4-17-33";"filipulm";5,00;2;6;6;7;6,08;6,44;6,16;6,88;0,26;5,63;3,69;171;17;4
"d4-17-34";"filipulm";6,00;5;6;6;3;6,08;6,27;6,23;6,62;0,20;5,56;3,60;182;9;4
"d4-17-41";"filipulm";7,00;1;8;7;9;5,78;6,00;5,89;6,52;0,18;5,67;3,43;256;34;4
"d4-17-42";"molincae";8,00;2;6;13;14;5,98;6,13;5,81;6,84;0,19;5,69;3,55;173;25;5
"d4-17-43";"molincae";8,00;3;1;13;14;5,64;5,84;5,92;6,78;0,20;5,71;3,67;165;21;5
"d4-17-44";"molincae";8,00;2;5;13;14;5,83;5,97;5,71;6,89;0,18;5,75;3,53;165;26;5
"d4-18-11";"filipulm";5,00;6;5;6;7;5,99;6,24;5,45;7,03;0,21;5,79;3,73;143;27;4
"d4-18-13";"filipulm";7,00;2;6;3;9;5,56;5,84;5,90;6,78;0,15;5,73;3,60;300;38;4
"d4-18-14";"molincae";8,00;3;1;13;14;5,82;5,73;5,94;6,62;0,19;5,65;3,60;205;20;5
"d4-18-22";"filipulm";5,00;6;4;6;7;5,94;5,85;5,66;6,81;0,22;5,75;3,52;167;26;4
"d4-18-31";"molincae";8,00;4;2;13;14;5,47;5,73;5,51;6,86;0,21;5,74;3,63;158;19;5
"d4-21-13";"filipulm";5,00;2;6;3;7;6,11;6,52;6,63;6,91;0,21;5,74;3,69;213;20;4
"d4-21-22";"filipulm";7,00;2;6;3;9;6,07;6,37;6,26;6,74;0,23;5,68;3,68;229;21;4
"d4-21-23";"filipulm";5,00;2;6;6;7;6,31;6,44;6,40;6,82;0,30;5,74;3,60;192;17;4
"d4-21-24";"filipulm";7,00;2;6;3;9;6,09;6,36;6,19;6,80;0,24;5,74;3,53;250;28;4
"d4-21-31";"filipulm";5,00;2;6;3;7;6,29;6,49;6,41;6,89;0,21;5,69;3,52;185;15;4
"d4-21-32";"filipulm";5,00;2;5;2;7;5,96;6,34;5,96;6,89;0,18;5,74;3,59;197;16;4
"d4-21-33";"filipulm";7,00;2;6;3;9;5,94;6,43;6,09;6,74;0,18;5,81;3,65;278;52;4
"d4-21-34";"astertri";14,00;6;7;5;15;5,91;6,51;6,00;7,19;0,21;5,72;3,76;137;15;7
"d4-22-11";"filipulm";7,00;2;6;3;9;6,11;6,45;6,55;6,81;0,23;5,73;3,62;279;21;4
"d4-22-13";"filipulm";7,00;2;6;3;9;6,25;6,36;6,49;6,78;0,25;5,67;3,69;226;20;4
"d4-22-14";"filipulm";7,00;2;6;3;9;6,20;6,43;6,17;6,91;0,23;5,78;3,65;237;34;4
"d4-22-22";"filipulm";5,00;6;6;6;7;6,19;6,46;6,36;6,89;0,25;5,62;3,67;172;12;4
"d4-22-23";"filipulm";5,00;2;6;3;7;6,20;6,55;6,33;6,85;0,24;5,69;3,72;187;13;4
"d4-22-24";"filipulm";5,00;6;4;6;7;6,23;6,50;5,83;6,75;0,20;5,65;3,67;160;14;4
"d4-22-42";"buddldav";13,00;6;5;5;17;6,07;6,46;5,72;7,00;0,20;5,77;3,82;155;28;6
"d4-23-11";"filipulm";5,00;2;5;2;7;6,08;6,34;5,78;6,92;0,23;5,77;3,70;194;29;4
"d4-23-12";"filipulm";6,00;6;4;6;3;6,28;6,40;6,49;6,86;0,30;5,60;3,71;129;9;4
"d4-23-13";"filipulm";5,00;6;4;6;7;6,08;6,10;5,49;6,88;0,28;5,72;3,67;151;16;4
"d4-23-14";"filipulm";5,00;2;6;6;7;6,05;6,28;6,03;6,78;0,28;5,68;3,54;180;12;4
"d4-23-21";"filipulm";6,00;5;3;10;3;6,15;6,08;6,22;6,49;0,19;5,56;3,59;149;11;4
"d4-23-22";"filipulm";5,00;3;6;6;7;6,09;6,01;6,22;6,78;0,21;5,62;3,67;178;14;4
"d4-23-23";"filipulm";6,00;6;4;6;3;6,09;6,07;6,03;6,78;0,24;5,64;3,93;125;7;4
"d4-23-24";"primuela";17,00;5;3;10;16;5,91;5,42;5,59;6,45;0,16;5,47;3,34;98;6;8
"d4-23-31";"filipulm";6,00;4;2;10;3;5,88;5,63;6,09;6,75;0,22;5,52;3,60;121;4;4
"d4-23-32";"molincae";9,00;4;2;4;4;6,19;5,94;5,64;6,72;0,26;5,64;3,67;104;13;5
"d4-23-41";"filipulm";6,00;5;3;10;3;5,89;5,81;6,04;6,59;0,19;5,56;3,50;145;7;4
"d4-23-42";"filipulm";6,00;3;1;8;3;5,76;5,54;6,01;6,36;0,18;5,57;3,35;180;15;4
"d4-24-11";"filipulm";7,00;3;6;3;9;5,96;6,00;6,42;6,57;0,19;5,54;3,55;225;14;4
"d4-24-12";"filipulm";6,00;3;4;6;3;6,00;5,91;5,95;6,56;0,25;5,60;3,52;158;13;4
"d4-24-13";"filipulm";7,00;1;6;3;9;5,79;6,14;6,35;6,69;0,20;5,55;3,64;208;21;4
"d4-24-14";"molincae";9,00;5;3;4;4;5,85;5,63;5,53;6,57;0,19;5,61;3,54;149;7;5
"d4-24-21";"filipulm";7,00;2;6;3;9;5,86;6,03;6,26;6,79;0,20;5,66;3,55;240;21;4
"d4-24-22";"filipulm";5,00;2;6;6;7;6,12;6,02;6,09;6,85;0,26;5,70;3,61;176;20;4
"d4-24-23";"filipulm";5,00;3;6;6;7;5,97;5,80;6,00;6,75;0,22;5,64;3,53;178;17;4
"d4-24-24";"molincae";9,00;4;4;6;4;6,09;5,70;5,93;6,81;0,31;5,64;3,75;133;10;5
"d4-24-31";"filipulm";6,00;5;3;8;3;6,06;6,05;6,51;6,46;0,17;5,46;3,48;177;8;4
"d4-24-33";"primuela";17,00;5;3;10;16;6,06;6,00;6,52;6,07;0,16;5,50;3,40;108;8;8
"d4-24-42";"loliumul";4,00;6;4;6;11;6,33;6,19;5,82;6,87;0,27;5,74;3,72;125;14;3
"d4-25-11";"filipulm";6,00;4;4;6;3;6,22;6,16;6,08;6,92;0,28;5,70;3,72;116;9;4
"d4-25-12";"loliumul";4,00;6;4;6;11;6,10;6,15;5,65;6,92;0,31;5,66;3,77;95;12;3
"d4-25-13";"filipulm";5,00;2;6;6;7;6,05;6,00;5,96;6,89;0,24;5,70;3,59;179;16;4
"d4-25-14";"loliumul";4,00;6;4;6;11;6,34;6,38;5,69;7,18;0,40;5,69;3,62;100;11;3
"d4-25-22";"buddldav";13,00;6;4;5;17;6,34;6,52;5,14;7,18;0,20;5,84;3,81;105;22;6
"d4-25-24";"filipulm";5,00;2;5;2;7;5,99;6,44;5,56;7,07;0,25;5,79;3,77;167;27;4
"d4-25-31";"filipulm";5,00;6;4;6;7;6,20;6,14;5,99;6,91;0,28;5,71;3,62;135;11;4
"d4-25-42";"filipulm";6,00;6;3;10;3;6,15;6,17;6,00;6,96;0,27;5,50;3,58;100;3;4
"d4-26-12";"filipulm";7,00;3;6;3;9;5,92;6,08;6,62;6,60;0,19;5,63;3,74;216;21;4
"d4-26-21";"filipulm";6,00;4;2;9;3;6,11;6,08;6,99;6,77;0,22;5,46;3,85;147;8;4
"d4-26-22";"filipulm";5,00;2;4;6;7;5,98;5,94;5,81;6,81;0,19;5,69;3,55;160;16;4
"d4-26-24";"filipulm";5,00;2;5;2;7;6,02;6,44;5,96;6,89;0,19;5,78;3,76;180;23;4
"d4-26-42";"filipulm";5,00;2;5;2;7;5,92;6,05;5,64;6,75;0,19;5,73;3,62;172;24;4
"d4-27-11";"filipulm";6,00;2;6;3;3;6,13;6,24;6,30;6,76;0,22;5,66;3,66;184;11;4
"d4-27-14";"filipulm";5,00;2;6;2;7;5,94;6,10;5,80;6,79;0,17;5,78;3,72;203;30;4
"d4-27-24";"buddldav";12,00;2;5;2;2;5,86;6,07;5,40;6,84;0,15;5,73;3,66;204;34;6
"d4-27-31";"filipulm";6,00;5;3;10;3;6,03;5,98;6,46;6,71;0,21;5,36;3,53;100;5;4
"d4-27-32";"filipulm";7,00;2;6;3;9;5,63;6,03;6,46;6,83;0,21;5,62;3,55;257;18;4
"d4-27-33";"filipulm";5,00;6;4;6;7;6,36;6,22;6,14;6,96;0,25;5,63;3,63;138;20;4
"d4-27-41";"filipulm";6,00;2;6;6;3;6,01;6,34;6,26;7,05;0,20;5,73;3,61;155;25;4
"d4-27-42";"buddldav";13,00;2;5;2;17;6,08;6,22;5,55;6,94;0,23;5,82;3,79;162;32;6
"d4-27-43";"buddldav";12,00;2;5;2;2;5,91;6,04;5,71;6,51;0,16;5,72;3,50;219;45;6
"d4-27-44";"buddldav";12,00;2;5;2;2;6,09;6,55;5,75;6,93;0,21;5,97;3,68;185;49;6
"d4-28-13";"buddldav";13,00;2;5;2;17;5,72;6,09;5,31;6,82;0,17;5,81;3,51;182;20;6
"d4-28-33";"buddldav";12,00;2;5;2;2;5,87;6,30;5,48;6,89;0,19;5,89;3,71;248;56;6
"d4-28-34";"filipulm";6,00;4;2;9;3;5,95;6,20;7,14;7,11;0,36;5,44;3,75;116;3;4
"d4-28-43";"molincae";11,00;4;2;9;8;5,83;6,00;7,40;6,90;0,33;5,58;3,79;146;5;5
"d4-31-11";"filipulm";6,00;4;2;10;3;6,31;6,45;6,55;6,88;0,29;5,61;3,55;102;3;4
"d4-31-13";"filipulm";6,00;4;2;10;3;5,85;6,05;6,73;6,91;0,30;5,53;3,68;101;1;4
"d4-31-23";"filipulm";6,00;5;4;10;3;6,07;6,26;5,87;6,75;0,25;5,70;3,47;130;8;4
"d4-31-24";"filipulm";5,00;2;5;2;7;5,90;6,26;5,58;6,76;0,19;5,78;3,47;190;24;4
"d4-31-43";"filipulm";5,00;2;6;3;7;6,23;6,28;6,21;6,64;0,24;5,68;3,54;194;18;4
"d4-32-11";"filipulm";6,00;5;3;8;3;6,27;6,27;6,25;6,36;0,20;5,55;3,61;165;10;4
"d4-32-22";"filipulm";5,00;6;4;6;7;5,88;5,93;5,39;6,79;0,22;5,73;3,56;172;19;4
"d4-32-34";"filipulm";7,00;2;6;3;9;5,96;6,15;6,02;6,68;0,21;5,71;3,50;220;25;4
"d4-32-42";"filipulm";7,00;1;6;7;9;5,88;5,94;6,11;6,51;0,22;5,65;3,47;236;28;4
"d4-33-13";"loliumul";4,00;5;4;1;11;6,01;5,85;5,80;6,57;0,24;5,61;3,52;93;10;3
"d4-33-21";"buddldav";13,00;6;4;6;17;6,14;6,09;5,52;6,88;0,23;5,76;3,48;134;25;6
"d4-33-31";"primuela";17,00;5;3;8;16;5,46;5,34;5,85;5,71;0,18;5,51;3,33;101;9;8
"d4-33-32";"primuela";17,00;5;3;8;16;6,04;5,87;6,03;5,91;0,15;5,40;3,40;142;7;8
"d4-33-41";"filipulm";5,00;6;4;6;7;5,94;6,06;5,84;6,50;0,26;5,62;3,58;173;14;4
"d4-34-12";"primuela";17,00;5;3;10;16;6,06;6,10;6,30;6,31;0,18;5,54;3,65;149;10;8
"d4-34-14";"primuela";17,00;5;3;10;16;6,16;6,28;5,90;6,47;0,19;5,56;3,55;156;9;8
"d4-34-23";"primuela";17,00;5;3;10;16;6,11;6,30;5,39;6,48;0,15;5,57;3,49;121;12;8
"d4-34-31";"loliumul";4,00;6;4;1;11;6,41;6,33;5,65;6,73;0,27;5,75;3,56;136;14;3
"d4-34-32";"filipulm";6,00;5;3;10;3;6,28;6,36;6,09;6,78;0,21;5,50;3,68;114;1;4
"d4-34-44";"primuela";17,00;5;3;10;16;5,95;5,90;5,76;6,20;0,21;5,41;3,42;104;8;8
"d4-35-12";"primuela";16,00;1;8;7;5;6,11;6,16;5,86;6,42;0,22;5,58;3,47;176;19;8
"d4-35-23";"filipulm";5,00;2;5;2;7;5,93;6,15;5,29;6,87;0,23;5,76;3,59;189;19;4
"d4-35-24";"primuela";17,00;5;3;8;16;6,05;6,15;6,25;6,18;0,22;5,46;3,50;144;8;8
"d4-35-33";"primuela";17,00;1;8;8;16;5,72;5,76;5,91;6,24;0,21;5,55;3,33;171;18;8
"d4-35-34";"primuela";17,00;5;3;10;16;5,96;5,85;5,65;6,30;0,22;5,50;3,41;114;8;8
"d4-35-42";"loliumul";4,00;6;4;1;11;6,34;6,59;5,51;6,72;0,12;5,72;3,73;100;12;3
"d4-36-14";"loliumul";4,00;6;4;1;11;6,31;6,35;5,70;6,84;0,16;5,61;3,49;99;8;3
"d4-36-32";"filipulm";7,00;2;6;3;9;5,81;6,13;6,01;6,60;0,17;5,69;3,66;226;21;4
"d4-36-33";"filipulm";7,00;2;6;7;9;5,90;6,29;5,86;6,69;0,21;5,72;3,62;245;32;4
"d4-36-34";"buddldav";12,00;2;6;2;2;5,84;6,22;5,87;6,84;0,23;5,75;3,68;277;38;6
"d4-36-43";"primuela";16,00;1;8;7;5;5,71;6,13;6,09;6,50;0,18;5,60;3,55;255;17;8
"d4-37-12";"buddldav";13,00;6;4;5;17;5,98;6,57;5,76;6,98;0,25;5,80;3,75;158;20;6
"d4-37-21";"filipulm";7,00;2;6;3;9;5,89;6,12;6,05;6,61;0,18;5,71;3,57;207;30;4
"d4-37-24";"buddldav";13,00;6;4;5;17;6,12;6,24;5,14;6,92;0,23;5,87;3,60;124;23;6
"d4-37-32";"primuela";16,00;1;8;7;5;5,91;6,03;5,85;6,55;0,18;5,69;3,55;208;18;8
"d4-37-42";"buddldav";13,00;6;4;1;17;6,05;6,07;5,21;6,69;0,12;5,77;3,64;122;25;6
"d4-38-12";"filipulm";7,00;3;6;3;9;5,68;6,02;6,78;6,75;0,24;5,63;3,58;266;19;4
"d4-38-21";"filipulm";7,00;3;6;3;9;5,81;6,14;6,90;6,65;0,23;5,65;3,61;271;18;4
"d4-38-22";"filipulm";6,00;5;3;10;3;5,81;5,86;6,84;6,53;0,21;5,53;3,48;125;6;4
"d4-38-23";"primuela";17,00;5;3;10;16;6,13;6,30;5,86;6,39;0,17;5,48;3,60;109;11;8
"d4-38-24";"filipulm";6,00;6;4;10;3;6,39;6,58;6,22;6,69;0,26;5,64;3,55;113;13;4
"d4-38-42";"filipulm";6,00;4;2;9;3;6,37;6,14;6,62;6,57;0,14;5,54;3,63;102;10;4
"d4-38-43";"molincae";8,00;3;1;13;14;5,91;5,95;6,10;6,57;0,22;5,56;3,50;176;13;5
"d4-38-44";"filipulm";6,00;6;4;6;3;5,80;6,16;5,83;6,63;0,20;5,59;3,68;156;14;4
"d4-41-13";"filipulm";7,00;1;6;3;9;5,92;6,18;6,36;6,58;0,20;5,61;3,53;265;19;4
"d4-41-23";"loliumul";4,00;6;4;6;11;6,28;6,31;5,76;6,82;0,31;5,74;3,58;138;14;3
"d4-41-24";"filipulm";5,00;1;6;7;7;6,28;6,43;6,13;6,53;0,20;5,66;3,57;207;16;4
"d4-41-31";"primuela";16,00;1;8;7;5;6,01;6,25;6,01;6,24;0,17;5,57;3,54;233;17;8
"d4-41-33";"filipulm";5,00;1;8;7;7;6,01;6,30;5,54;6,57;0,19;5,76;3,55;207;21;4
"d4-41-42";"primuela";16,00;1;8;7;5;5,83;6,23;5,72;6,60;0,19;5,73;3,55;252;26;8
"d4-41-44";"primuela";16,00;1;8;7;5;6,18;6,07;5,90;6,40;0,22;5,62;3,44;175;12;8
"d4-42-13";"filipulm";5,00;2;6;7;7;5,94;6,39;5,77;6,73;0,20;5,74;3,51;203;23;4
"d4-42-14";"loliumul";4,00;6;4;1;11;6,19;6,24;5,75;6,70;0,22;5,74;3,61;138;17;3
"d4-42-21";"primuela";16,00;1;8;7;5;6,05;6,27;5,54;6,57;0,19;5,70;3,51;228;28;8
"d4-42-24";"buddldav";13,00;6;4;1;17;6,10;6,38;5,32;6,81;0,23;5,79;3,60;170;16;6
"d4-42-32";"primuela";16,00;1;8;7;5;5,94;6,27;6,05;6,48;0,18;5,67;3,52;253;25;8
"d4-42-34";"primuela";16,00;1;8;7;5;6,21;6,23;6,12;6,36;0,22;5,58;3,49;205;23;8
"d4-42-41";"primuela";16,00;1;8;7;5;6,07;6,23;6,00;6,46;0,19;5,68;3,50;251;27;8
"d4-43-13";"primuela";16,00;1;8;7;5;5,85;6,26;6,08;6,54;0,19;5,63;3,44;270;26;8
"d4-43-24";"primuela";16,00;1;8;7;5;6,15;6,30;6,02;6,63;0,22;5,70;3,43;203;14;8
"d4-43-32";"loliumul";4,00;6;4;1;11;6,00;6,38;5,25;6,94;0,23;5,80;3,58;102;12;3
"d4-43-33";"primuela";16,00;1;8;7;5;6,07;6,24;6,23;6,44;0,23;5,59;3,50;212;22;8
"d4-43-34";"loliumul";4,00;6;4;12;11;6,19;6,43;5,40;7,01;0,29;5,83;3,66;112;19;3
"d4-44-11";"filipulm";6,00;6;4;6;3;6,48;6,71;6,08;6,64;0,19;5,66;3,64;150;11;4
"d4-44-13";"filipulm";6,00;1;8;7;3;6,14;6,49;6,25;6,56;0,24;5,58;3,57;179;11;4
"d4-44-24";"primuela";16,00;1;8;8;5;6,09;6,38;5,91;6,52;0,23;5,64;3,57;165;18;8
"d4-44-32";"primuela";16,00;1;8;8;5;6,05;6,04;6,09;6,13;0,14;5,52;3,36;185;10;8
"d4-44-34";"primuela";17,00;5;3;10;16;6,18;6,03;5,62;6,10;0,18;5,52;3,43;100;4;8
"d4-44-42";"primuela";17,00;5;3;8;16;6,14;6,45;6,04;6,29;0,17;5,54;3,62;173;6;8
"d4-45-13";"primuela";17,00;5;3;8;16;6,09;6,02;5,80;5,87;0,10;5,47;3,55;132;6;8
"d4-45-14";"primuela";16,00;1;8;7;5;5,90;6,03;5,79;6,28;0,18;5,64;3,50;237;32;8
"d4-45-21";"loliumul";4,00;6;4;1;11;6,55;6,68;6,00;6,84;0,23;5,62;3,68;106;10;3
"d4-45-22";"primuela";16,00;1;8;7;5;5,84;6,17;6,04;6,26;0,17;5,49;3,51;191;14;8
"d4-45-32";"primuela";17,00;5;3;8;16;6,20;6,39;6,22;6,10;0,18;5,57;3,49;155;11;8
"d4-45-42";"filipulm";5,00;6;4;1;7;5,89;6,14;5,34;6,75;0,22;5,71;3,65;178;18;4
"d4-45-43";"loliumul";4,00;6;4;1;11;6,33;6,45;5,46;6,75;0,26;5,72;3,60;125;19;3
"d4-45-44";"buddldav";13,00;6;4;1;17;5,92;6,21;5,50;6,65;0,19;5,73;3,53;173;22;6
"d4-46-11";"filipulm";6,00;5;3;10;3;5,79;6,12;6,69;6,56;0,17;5,54;3,62;150;11;4
"d4-46-12";"primuela";17,00;5;3;10;16;5,67;6,44;5,92;6,41;0,09;5,55;3,49;133;11;8
"d4-46-13";"primuela";16,00;1;8;7;5;6,02;6,05;5,61;6,44;0,15;5,69;3,52;200;29;8
"d4-46-14";"buddldav";13,00;6;4;1;17;5,88;6,53;5,38;6,81;0,25;5,82;3,59;132;17;6
"d4-46-22";"primuela";17,00;5;3;10;16;5,88;5,98;5,89;6,09;0,15;5,40;3,60;100;5;8
"d4-46-31";"primuela";16,00;1;8;7;5;5,96;6,28;5,64;6,62;0,18;5,74;3,54;227;37;8
"d4-46-32";"primuela";16,00;1;8;8;5;6,19;6,38;6,09;6,52;0,13;5,54;3,57;180;13;8
"d4-46-34";"primuela";17,00;5;3;10;16;6,45;6,31;6,09;6,37;0,25;5,54;3,50;95;7;8
"d4-46-41";"buddldav";12,00;1;5;2;2;5,90;6,28;5,33;6,61;0,19;5,76;3,62;222;25;6
"d4-46-43";"buddldav";12,00;2;5;2;2;6,08;6,37;5,66;6,82;0,23;5,76;3,69;221;27;6
"d4-47-11";"filipulm";7,00;2;6;3;9;5,93;6,03;6,33;6,59;0,24;5,64;3,59;208;15;4
"d4-47-23";"loliumul";4,00;6;4;6;11;5,95;6,22;5,69;6,87;0,30;5,59;3,67;118;13;3
"d4-47-31";"loliumul";4,00;6;4;1;11;6,31;6,21;5,57;6,70;0,25;5,72;3,49;135;15;3
"d4-47-33";"filipulm";6,00;5;3;10;3;6,16;6,38;6,23;6,50;0,21;5,54;3,63;152;9;4
"d4-47-34";"filipulm";5,00;2;5;2;7;5,98;6,43;5,70;7,04;0,19;5,75;3,63;185;18;4
"d4-47-41";"buddldav";13,00;2;5;1;17;6,16;6,36;5,71;6,69;0,18;5,71;3,57;175;25;6
"d4-47-42";"primuela";15,00;5;4;1;6;6,05;6,38;5,88;6,63;0,20;5,61;3,64;170;11;8
"d4-48-11";"filipulm";5,00;2;5;2;7;6,00;6,34;6,10;6,97;0,21;5,75;3,71;179;20;4
"d4-48-12";"molincae";8,00;3;1;13;14;5,60;5,87;5,84;6,87;0,23;5,77;3,55;198;21;5
"d4-48-23";"filipulm";7,00;3;6;3;9;6,00;6,11;5,93;6,61;0,17;5,64;3,52;221;19;4
"d4-48-24";"molincae";11,00;4;2;9;8;5,40;5,44;5,93;6,28;0,21;5,43;3,50;114;6;5
"d4-48-34";"primuela";16,00;1;8;7;5;5,86;6,05;5,65;6,42;0,20;5,73;3,59;202;26;8
"d4-48-42";"molincae";9,00;4;2;13;4;5,61;5,39;5,97;6,43;0,15;5,62;3,47;142;16;5
"d4-51-12";"primuela";17,00;5;3;10;16;6,21;6,20;6,03;6,37;0,14;5,51;3,55;145;5;8
"d4-51-14";"filipulm";6,00;5;8;8;3;6,23;6,14;6,26;6,37;0,20;5,55;3,52;162;9;4
"d4-51-22";"primuela";16,00;1;8;7;5;5,92;6,13;5,81;6,54;0,19;5,71;3,50;249;32;8
"d4-51-23";"primuela";16,00;1;8;8;5;5,98;5,97;6,22;6,29;0,13;5,52;3,53;172;9;8
"d4-51-31";"primuela";16,00;1;8;7;5;5,75;5,88;6,19;6,28;0,20;5,55;3,44;259;26;8
"d4-51-32";"primuela";16,00;1;8;7;5;5,97;6,10;6,29;6,38;0,20;5,52;3,44;232;16;8
"d4-51-33";"primuela";16,00;1;8;7;5;5,87;5,96;5,67;6,23;0,18;5,60;3,43;227;21;8
"d4-51-41";"primuela";16,00;1;8;7;5;5,88;6,05;5,78;6,26;0,19;5,62;3,52;254;24;8
"d4-51-43";"primuela";16,00;1;8;8;5;6,13;6,11;6,03;6,19;0,19;5,48;3,47;174;19;8
"d4-51-44";"primuela";16,00;1;8;7;5;5,83;6,01;5,94;6,30;0,19;5,62;3,42;235;24;8
"d4-52-11";"primuela";16,00;1;8;7;5;5,87;6,00;5,96;6,42;0,17;5,65;3,46;252;24;8
"d4-52-13";"primuela";16,00;1;8;13;5;5,56;5,50;5,77;6,30;0,21;5,56;3,40;191;12;8
"d4-52-14";"filipulm";6,00;4;2;13;3;5,84;5,72;5,96;6,30;0,23;5,54;3,44;151;11;4
"d4-52-21";"primuela";16,00;1;8;7;5;6,06;6,27;5,90;6,50;0,19;5,67;3,56;220;25;8
"d4-52-31";"primuela";16,00;1;8;7;5;5,81;6,06;5,97;6,39;0,16;5,64;3,47;322;31;8
"d4-52-32";"primuela";16,00;1;8;7;5;5,57;5,73;6,09;6,31;0,15;5,50;3,56;242;12;8
"d4-52-42";"primuela";16,00;1;8;8;5;5,98;6,15;6,18;6,22;0,19;5,52;3,45;182;9;8
"d4-53-13";"primuela";16,00;1;8;8;5;5,98;6,09;6,05;6,13;0,16;5,48;3,46;187;11;8
"d4-53-24";"primuela";16,00;1;8;7;5;6,07;6,29;5,79;6,35;0,15;5,67;3,53;248;30;8
"d4-53-32";"primuela";17,00;5;3;8;16;6,23;6,49;6,08;6,38;0,19;5,54;3,50;162;12;8
"d4-53-34";"primuela";17,00;5;3;10;16;6,17;6,38;5,74;6,29;0,14;5,52;3,50;135;6;8
"d4-53-42";"loliumul";4,00;6;4;1;11;6,14;6,49;5,34;6,62;0,27;5,68;3,66;98;8;3
"d4-54-22";"primuela";15,00;6;4;1;6;6,16;6,46;5,85;6,61;0,18;5,63;3,57;162;12;8
"d4-54-33";"primuela";15,00;5;3;1;6;6,09;6,40;5,58;6,50;0,21;5,60;3,43;143;11;8
"d4-54-41";"primuela";17,00;5;3;10;16;6,22;6,17;6,17;6,09;0,14;5,50;3,46;134;10;8
"d4-54-42";"primuela";17,00;5;3;10;16;6,18;6,13;6,16;6,23;0,20;5,46;3,38;141;3;8
"d4-55-13";"primuela";15,00;5;4;1;6;6,10;6,34;5,57;6,49;0,12;5,59;3,61;148;22;8
"d4-55-24";"filipulm";5,00;2;4;2;7;6,27;6,35;5,83;6,84;0,19;5,74;3,64;166;29;4
"d4-55-31";"primuela";16,00;1;8;7;5;6,08;6,26;6,03;6,20;0,19;5,60;3,44;226;28;8
"d4-55-32";"primuela";16,00;1;8;7;5;5,94;6,28;5,90;6,42;0,14;5,68;3,50;297;42;8
"d4-55-34";"primuela";16,00;1;8;7;5;5,97;6,34;5,87;6,66;0,23;5,67;3,59;197;26;8
"d4-55-41";"primuela";17,00;5;3;10;16;6,19;6,35;6,41;6,61;0,17;5,42;3,42;131;5;8
"d4-55-43";"buddldav";12,00;2;5;2;2;5,72;6,31;5,52;6,90;0,25;5,84;3,62;209;36;6
"d4-56-12";"filipulm";5,00;2;5;2;7;6,00;6,29;5,69;6,90;0,25;5,78;3,60;170;26;4
"d4-56-13";"filipulm";7,00;1;8;7;9;6,00;6,35;6,03;6,71;0,18;5,64;3,62;243;33;4
"d4-56-21";"filipulm";5,00;2;5;2;7;5,99;6,29;5,48;6,77;0,25;5,82;3,66;198;31;4
"d4-56-22";"buddldav";12,00;2;5;2;2;6,09;6,50;5,65;6,95;0,22;5,85;3,75;201;38;6
"d4-56-23";"primuela";17,00;5;3;10;16;6,07;6,42;5,84;6,56;0,19;5,60;3,65;136;18;8
"d4-56-31";"primuela";16,00;1;8;7;5;5,96;6,03;5,67;6,34;0,14;5,68;3,42;233;29;8
"d4-56-33";"primuela";16,00;1;8;7;5;6,08;6,50;5,88;6,52;0,16;5,65;3,59;205;29;8
"d4-56-34";"primuela";16,00;1;8;7;5;5,92;6,37;5,67;6,43;0,16;5,70;3,53;252;38;8
"d4-56-41";"primuela";16,00;5;3;10;5;5,98;6,45;5,98;6,56;0,15;5,61;3,50;176;23;8
"d4-56-44";"buddldav";13,00;6;4;5;17;6,15;6,65;5,02;7,14;0,20;5,90;3,73;122;29;6
"d4-57-14";"buddldav";13,00;6;4;6;17;6,04;6,06;5,63;7,00;0,24;5,75;3,42;136;20;6
"d4-57-22";"filipulm";7,00;1;8;7;9;6,05;6,18;5,96;6,51;0,18;5,66;3,52;260;31;4
"d4-57-33";"loliumul";4,00;6;4;5;11;6,00;6,50;5,79;7,02;0,22;5,64;3,74;118;7;3
"d4-57-44";"primuela";16,00;1;8;7;5;5,84;6,32;6,08;6,50;0,19;5,61;3,49;296;27;8
"d4-58-14";"primuela";17,00;5;3;10;16;5,93;6,53;5,60;6,29;0,16;5,60;3,44;151;12;8
"d4-58-21";"primuela";16,00;1;8;8;5;6,05;6,29;5,85;6,33;0,18;5,57;3,50;202;8;8
"d4-58-23";"primuela";16,00;1;8;8;5;6,04;6,03;6,04;6,24;0,16;5,48;3,41;166;15;8
"d4-58-32";"primuela";17,00;5;3;10;16;6,00;6,40;5,63;6,45;0,11;5,51;3,45;126;7;8
"d4-58-41";"primuela";17,00;5;3;10;16;6,07;6,08;6,10;5,86;0,08;5,29;3,43;97;3;8
"d4-58-42";"primuela";16,00;1;8;8;5;5,87;6,26;5,94;6,26;0,17;5,55;3,45;199;16;8
"d5-11-14";"molincae";8,00;3;1;13;14;5,67;5,69;5,54;6,71;0,17;5,62;3,43;174;13;5
"d5-11-21";"molincae";8,00;3;1;13;14;5,74;5,65;5,93;6,40;0,18;5,67;3,54;168;14;5
"d5-11-23";"molincae";10,00;3;1;13;12;5,33;5,49;6,16;6,36;0,18;5,48;3,38;202;13;5
"d5-11-31";"molincae";11,00;4;2;9;8;5,17;4,98;5,97;6,48;0,24;5,52;3,38;125;4;5
"d5-11-32";"molincae";11,00;4;2;9;8;5,20;4,61;5,71;6,30;0,18;5,33;3,28;103;6;5
"d5-12-13";"molincae";9,00;6;4;6;4;5,88;5,68;5,85;6,87;0,31;5,60;3,71;134;11;5
"d5-12-24";"molincae";9,00;4;4;6;4;6,09;5,84;5,94;6,79;0,22;5,69;3,70;135;16;5
"d5-12-33";"filipulm";5,00;6;4;6;7;5,94;5,72;5,82;6,79;0,29;5,69;3,43;151;17;4
"d5-12-42";"filipulm";6,00;4;4;6;3;6,20;6,02;6,25;6,88;0,23;5,66;3,64;134;10;4
"d5-13-12";"molincae";9,00;6;4;6;4;6,11;5,72;5,60;6,76;0,26;5,66;3,54;130;20;5
"d5-13-22";"molincae";8,00;3;1;13;14;5,54;5,36;6,35;6,41;0,16;5,54;3,33;174;18;5
"d5-13-34";"molincae";9,00;4;2;4;4;5,46;5,21;5,11;6,70;0,16;5,78;3,50;129;21;5
"d5-13-43";"molincae";9,00;4;2;4;4;5,53;5,19;5,63;6,59;0,25;5,67;3,39;120;15;5
"d5-13-44";"primuela";17,00;5;3;8;16;5,52;5,28;5,96;6,37;0,23;5,49;3,35;143;14;8
"d5-14-11";"molincae";10,00;3;1;11;12;5,39;5,34;6,14;6,47;0,20;5,59;3,42;227;24;5
"d5-14-21";"molincae";10,00;3;1;11;12;5,44;5,70;6,42;6,75;0,22;5,58;3,56;235;15;5
"d5-14-24";"filipulm";7,00;3;6;11;9;5,62;5,88;6,47;6,76;0,17;5,61;3,56;281;22;4
"d5-14-42";"molincae";10,00;3;6;11;12;5,75;6,07;6,59;6,82;0,18;5,54;3,61;198;13;5
"d5-15-12";"molincae";9,00;4;2;4;4;5,15;4,84;6,14;6,62;0,17;5,53;3,28;127;12;5
"d5-15-24";"molincae";9,00;4;2;4;4;4,97;5,02;5,69;6,74;0,26;5,59;3,35;109;9;5
"d5-15-31";"molincae";9,00;4;2;4;4;6,04;5,70;6,07;6,86;0,27;5,47;3,54;113;5;5
"d5-15-34";"primuela";16,00;5;8;8;5;5,61;5,66;6,11;6,26;0,16;5,56;3,46;189;16;8
"d5-15-43";"molincae";8,00;3;1;13;14;5,85;5,91;6,04;6,48;0,17;5,58;3,50;224;20;5
"d5-16-11";"molincae";9,00;4;2;4;4;5,74;5,62;5,41;6,95;0,24;5,77;3,68;118;12;5
"d5-16-12";"molincae";9,00;4;2;4;4;5,81;5,63;5,60;6,64;0,23;5,62;3,65;124;10;5
"d5-16-13";"molincae";9,00;4;2;4;4;5,38;5,18;5,37;6,65;0,23;5,60;3,44;117;12;5
"d5-16-14";"molincae";8,00;3;1;13;14;5,73;5,55;5,99;6,67;0,18;5,68;3,56;170;15;5
"d5-16-22";"molincae";9,00;4;2;4;4;5,47;5,30;4,97;6,69;0,20;5,72;3,45;134;18;5
"d5-16-23";"molincae";10,00;3;1;13;12;5,69;5,72;6,21;6,59;0,22;5,56;3,57;206;15;5
"d5-16-24";"molincae";10,00;3;1;11;12;5,54;5,71;6,43;6,59;0,20;5,64;3,51;296;28;5
"d5-16-32";"filipulm";7,00;3;1;11;9;5,69;5,77;6,15;6,56;0,17;5,61;3,59;266;33;4
"d5-16-33";"filipulm";7,00;3;6;3;9;5,90;5,91;6,19;6,78;0,19;5,64;3,63;204;16;4
"d5-16-34";"molincae";10,00;3;1;11;12;5,09;5,25;6,59;6,69;0,16;5,58;3,44;274;26;5
"d5-16-41";"molincae";10,00;3;1;11;12;5,57;5,93;6,35;6,63;0,15;5,55;3,70;226;15;5
"d5-16-42";"molincae";10,00;3;1;11;12;5,37;5,40;6,24;6,71;0,17;5,59;3,47;269;23;5
"d5-16-43";"molincae";10,00;3;1;11;12;5,10;5,18;6,65;6,59;0,17;5,52;3,23;210;22;5
"d5-16-44";"molincae";10,00;3;1;11;12;5,48;5,43;6,24;6,41;0,18;5,49;3,39;210;11;5
"d5-17-11";"molincae";8,00;4;2;13;14;5,30;5,18;5,37;6,69;0,19;5,67;3,41;167;14;5
"d5-17-12";"molincae";10,00;3;1;11;12;5,40;5,31;6,08;6,47;0,15;5,55;3,53;212;14;5
"d5-17-13";"molincae";10,00;3;1;11;12;5,37;5,57;6,35;6,59;0,19;5,58;3,57;290;27;5
"d5-17-14";"molincae";10,00;3;1;11;12;5,47;5,71;6,53;6,61;0,16;5,56;3,59;295;36;5
"d5-17-21";"filipulm";6,00;3;6;13;3;5,85;6,03;5,89;6,60;0,17;5,64;3,75;187;17;4
"d5-17-22";"molincae";8,00;3;1;13;14;5,62;5,61;5,78;6,42;0,17;5,60;3,54;176;16;5
"d5-17-23";"molincae";10,00;3;1;11;12;5,63;5,69;6,39;6,58;0,18;5,53;3,55;253;18;5
"d5-17-24";"molincae";10,00;3;1;11;12;5,64;5,60;6,22;6,60;0,19;5,54;3,56;198;14;5
"d5-17-31";"molincae";8,00;3;1;13;14;5,75;5,75;6,11;6,52;0,18;5,58;3,59;173;19;5
"d5-17-32";"molincae";9,00;4;2;4;4;5,54;5,26;5,32;6,59;0,22;5,62;3,56;108;17;5
"d5-17-33";"molincae";9,00;4;2;4;4;5,56;5,46;5,66;6,67;0,23;5,61;3,50;129;17;5
"d5-17-34";"molincae";9,00;4;2;4;4;5,35;4,98;5,38;6,40;0,30;5,58;3,35;116;9;5
"d5-17-41";"molincae";9,00;4;2;4;4;5,19;4,85;5,44;6,30;0,18;5,52;3,34;119;8;5
"d5-17-43";"molincae";9,00;4;2;4;4;5,26;5,16;5,61;6,38;0,13;5,53;3,36;118;13;5
"d5-17-44";"molincae";9,00;4;2;4;4;5,45;5,20;5,52;6,43;0,20;5,55;3,41;135;6;5
"d5-18-11";"molincae";10,00;3;1;11;12;5,57;5,73;6,45;6,76;0,19;5,60;3,68;244;25;5
"d5-18-12";"molincae";10,00;3;1;11;12;5,63;5,66;6,37;6,71;0,18;5,60;3,57;242;16;5
"d5-18-14";"molincae";10,00;3;1;11;12;5,44;5,49;6,15;6,50;0,15;5,56;3,47;237;24;5
"d5-18-23";"filipulm";6,00;3;1;9;3;6,02;5,93;6,57;6,89;0,17;5,58;3,74;158;9;4
"d5-18-33";"molincae";8,00;3;1;13;14;5,74;5,62;5,90;6,51;0,18;5,57;3,48;222;16;5
"d5-18-43";"filipulm";6,00;4;2;9;3;5,90;5,89;6,19;6,78;0,23;5,53;3,57;121;10;4
"d5-21-42";"molincae";9,00;4;2;4;4;5,78;5,31;6,10;6,67;0,16;5,57;3,68;103;9;5
"d5-21-44";"filipulm";6,00;3;1;8;3;5,44;5,50;6,33;6,34;0,15;5,54;3,52;176;11;4
"d5-22-11";"molincae";8,00;6;4;6;14;5,95;5,82;5,78;6,91;0,28;5,75;3,73;156;23;5
"d5-22-33";"molincae";8,00;4;2;13;14;5,84;5,59;5,86;6,66;0,25;5,67;3,44;148;13;5
"d5-22-43";"molincae";9,00;4;2;4;4;6,00;5,46;5,35;6,80;0,29;5,71;3,51;109;14;5
"d5-22-44";"primuela";17,00;5;3;8;16;5,71;5,50;6,15;6,24;0,20;5,52;3,45;176;8;8
"d5-23-12";"molincae";9,00;4;2;4;4;5,94;5,65;5,70;6,94;0,30;5,60;3,69;94;7;5
"d5-23-23";"molincae";9,00;4;2;4;4;5,96;5,61;5,79;6,67;0,28;5,62;3,58;116;11;5
"d5-23-34";"molincae";8,00;3;1;13;14;5,74;5,34;5,76;6,55;0,18;5,65;3,44;172;17;5
"d5-23-44";"filipulm";6,00;4;2;13;3;5,77;5,36;6,12;6,52;0,22;5,61;3,46;153;11;4
"d5-24-23";"molincae";8,00;3;1;6;14;5,68;5,79;6,17;6,79;0,27;5,63;3,58;164;10;5
"d5-24-34";"molincae";11,00;4;2;9;8;5,22;5,18;6,04;6,44;0,19;5,47;3,49;149;5;5
"d5-24-43";"molincae";11,00;4;2;9;8;5,29;5,16;6,63;6,68;0,12;5,64;3,66;129;15;5
"d5-24-44";"molincae";10,00;3;1;11;12;5,16;5,12;6,60;6,76;0,20;5,56;3,38;191;13;5
"d5-25-31";"molincae";9,00;4;4;4;4;5,77;6,04;5,35;7,02;0,18;5,72;3,58;122;14;5
"d5-25-32";"molincae";8,00;3;1;13;14;5,73;5,59;5,61;6,68;0,17;5,63;3,52;172;20;5
"d5-25-33";"molincae";10,00;3;1;11;12;5,13;5,15;5,99;6,64;0,20;5,62;3,36;206;13;5
"d5-25-34";"molincae";8,00;4;2;13;14;5,65;5,42;5,60;6,62;0,23;5,75;3,41;156;23;5
"d5-26-12";"filipulm";7,00;2;6;3;9;5,67;5,97;6,03;6,60;0,17;5,67;3,60;295;39;4
"d5-26-21";"molincae";11,00;3;1;9;8;5,30;5,22;6,58;6,58;0,12;5,52;3,40;178;11;5
"d5-26-33";"molincae";9,00;4;2;4;4;5,75;5,90;5,70;6,76;0,24;5,67;3,56;127;22;5
"d5-26-41";"molincae";11,00;4;2;9;8;4,45;4,64;7,47;6,99;0,20;5,47;2,96;119;10;5
"d5-26-43";"molincae";10,00;3;1;11;12;4,88;5,00;7,02;6,80;0,19;5,47;3,31;243;15;5
"d5-26-44";"molincae";11,00;4;2;9;8;5,06;4,98;7,11;7,06;0,17;5,51;3,40;129;7;5
"d5-27-12";"molincae";9,00;4;2;4;4;5,53;5,46;5,57;6,66;0,20;5,62;3,50;151;15;5
"d5-27-21";"molincae";9,00;4;2;4;4;5,67;5,37;5,39;6,54;0,24;5,57;3,45;116;12;5
"d5-27-22";"molincae";11,00;4;2;9;8;5,12;4,92;6,37;6,66;0,15;5,59;3,18;151;12;5
"d5-27-24";"molincae";9,00;4;2;4;4;4,92;4,91;5,96;6,77;0,23;5,54;3,44;110;12;5
"d5-27-32";"molincae";10,00;3;1;13;12;5,39;5,46;6,07;6,56;0,18;5,59;3,59;205;16;5
"d5-27-44";"molincae";8,00;4;2;13;14;5,59;5,41;5,58;6,71;0,21;5,80;3,50;157;23;5
"d5-28-11";"molincae";8,00;3;1;13;14;5,47;5,22;5,55;6,53;0,20;5,63;3,37;170;16;5
"d5-28-12";"molincae";9,00;4;2;4;4;5,50;5,27;5,58;6,62;0,21;5,62;3,54;127;11;5
"d5-28-13";"molincae";9,00;4;2;4;4;5,51;5,24;5,61;6,68;0,26;5,61;3,46;150;12;5
"d5-28-23";"molincae";8,00;3;1;13;14;5,02;4,78;6,06;6,67;0,19;5,57;3,19;197;10;5
"d5-31-23";"molincae";11,00;5;3;9;8;5,75;5,78;6,38;6,34;0,21;5,34;3,65;114;6;5
"d5-31-24";"molincae";11,00;4;2;9;8;5,12;4,94;6,33;6,67;0,17;5,60;3,45;156;9;5
"d5-31-31";"filipulm";6,00;5;3;10;3;5,95;6,11;6,24;6,59;0,16;5,58;3,53;143;13;4
"d5-31-32";"filipulm";7,00;2;6;3;9;6,05;6,24;6,26;6,59;0,20;5,61;3,62;210;16;4
"d5-31-34";"primuela";16,00;1;8;8;5;5,65;5,80;5,94;6,40;0,17;5,57;3,51;217;16;8
"d5-31-41";"filipulm";7,00;2;6;3;9;5,86;6,08;6,12;6,63;0,17;5,60;3,72;271;21;4
"d5-31-43";"filipulm";6,00;3;6;3;3;6,00;6,14;6,19;6,63;0,17;5,59;3,73;196;15;4
"d5-31-44";"filipulm";6,00;3;1;9;3;5,53;5,58;6,02;6,56;0,16;5,54;3,51;177;10;4
"d5-32-31";"molincae";11,00;5;3;9;8;5,57;5,37;6,83;6,46;0,18;5,44;3,55;139;4;5
"d5-32-32";"molincae";8,00;4;2;13;14;5,66;5,45;5,99;6,51;0,18;5,52;3,47;154;16;5
"d5-32-33";"filipulm";7,00;2;6;3;9;5,59;5,78;6,02;6,67;0,18;5,69;3,52;296;23;4
"d5-32-44";"molincae";9,00;4;2;4;4;5,82;5,75;5,20;6,85;0,21;5,62;3,68;106;12;5
"d5-33-14";"molincae";11,00;4;2;9;8;4,68;4,97;6,98;7,02;0,23;5,50;3,34;134;8;5
"d5-33-24";"molincae";9,00;4;2;4;4;5,77;5,57;5,55;6,91;0,31;5,66;3,49;105;4;5
"d5-33-31";"molincae";9,00;4;2;4;4;4,64;4,72;5,85;6,96;0,19;5,63;3,41;113;9;5
"d5-33-33";"primuela";17,00;5;3;10;16;5,95;6,21;5,86;6,49;0,10;5,54;3,62;127;9;8
"d5-33-43";"molincae";8,00;3;1;13;14;5,83;5,91;5,84;6,70;0,17;5,65;3,68;170;14;5
"d5-33-44";"molincae";8,00;3;1;13;14;5,85;5,63;5,42;6,73;0,17;5,67;3,60;176;15;5
"d5-34-12";"molincae";8,00;3;1;13;14;5,73;5,66;5,84;6,77;0,27;5,60;3,61;163;19;5
"d5-34-24";"molincae";11,00;4;2;9;8;4,93;5,00;6,62;6,71;0,23;5,53;3,31;145;5;5
"d5-34-34";"molincae";9,00;4;2;4;4;5,56;5,52;6,02;6,70;0,23;5,48;3,48;117;7;5
"d5-35-12";"molincae";10,00;3;1;11;12;5,07;5,33;6,64;6,80;0,17;5,60;3,45;270;16;5
"d5-35-24";"molincae";8,00;4;2;13;14;5,73;5,43;5,97;6,52;0,20;5,61;3,52;155;15;5
"d5-35-34";"molincae";9,00;4;4;4;4;5,42;5,49;5,01;6,61;0,22;5,67;3,57;139;11;5
"d5-35-44";"buddldav";13,00;6;4;5;17;6,33;6,54;5,21;7,08;0,24;5,86;3,74;105;19;6
"d5-36-12";"molincae";10,00;3;1;11;12;5,35;5,36;6,35;6,64;0,17;5,62;3,37;248;17;5
"d5-36-21";"molincae";10,00;3;1;11;12;5,23;5,16;6,30;6,51;0,13;5,54;3,42;191;20;5
"d5-36-33";"buddldav";13,00;2;5;2;17;6,01;6,35;5,35;6,90;0,18;5,82;3,47;179;20;6
"d5-36-34";"loliumul";4,00;6;4;1;11;6,30;6,46;5,47;6,78;0,23;5,64;3,48;126;8;3
"d5-36-42";"molincae";8,00;3;1;13;14;5,53;5,57;5,65;6,65;0,17;5,73;3,51;223;22;5
"d5-36-44";"filipulm";5,00;2;6;3;7;5,85;6,09;5,95;6,87;0,17;5,70;3,62;214;22;4
"d5-37-14";"molincae";10,00;3;1;11;12;5,27;5,21;6,03;6,71;0,15;5,63;3,43;254;18;5
"d5-37-24";"molincae";10,00;3;1;11;12;5,55;5,81;6,16;6,76;0,18;5,60;3,66;215;13;5
"d5-37-32";"filipulm";7,00;2;6;3;9;5,76;5,95;6,24;6,97;0,21;5,66;3,67;250;22;4
"d5-37-33";"molincae";11,00;5;3;9;8;4,84;5,47;6,15;6,63;0,19;5,42;3,29;129;4;5
"d5-37-42";"filipulm";6,00;3;1;13;3;5,56;5,74;6,15;6,74;0,21;5,62;3,52;188;11;4
"d5-38-12";"molincae";8,00;3;6;13;14;6,01;6,03;6,18;6,76;0,19;5,63;3,50;194;15;5
"d5-38-13";"filipulm";7,00;2;6;3;9;5,67;5,98;5,86;6,93;0,15;5,77;3,63;277;31;4
"d5-38-14";"filipulm";7,00;2;6;2;9;5,90;6,01;5,78;6,78;0,17;5,73;3,54;228;23;4
"d5-38-21";"molincae";10,00;3;1;11;12;5,62;5,93;6,83;6,87;0,19;5,65;3,67;268;23;5
"d5-38-22";"molincae";10,00;3;1;11;12;5,36;5,60;6,47;6,85;0,20;5,67;3,50;301;28;5
"d5-38-23";"molincae";10,00;3;1;11;12;5,23;5,59;6,35;6,58;0,13;5,58;3,50;310;16;5
"d5-38-24";"buddldav";12,00;2;5;2;2;5,99;6,26;5,78;6,89;0,20;5,77;3,70;221;31;6
"d5-41-14";"filipulm";7,00;2;6;3;9;6,01;6,41;5,83;6,69;0,14;5,70;3,66;235;20;4
"d5-41-22";"filipulm";6,00;5;3;10;3;6,40;6,31;6,47;6,54;0,17;5,57;3,69;103;9;4
"d5-41-42";"loliumul";4,00;6;4;1;11;6,04;6,23;5,83;6,62;0,19;5,58;3,58;107;9;3
"d5-41-44";"buddldav";12,00;2;5;2;2;5,93;6,31;5,61;6,77;0,17;5,74;3,59;237;23;6
"d5-42-13";"primuela";17,00;5;3;8;16;5,81;5,95;5,78;6,35;0,10;5,56;3,45;192;8;8
"d5-42-14";"filipulm";6,00;6;4;6;3;6,28;6,25;6,21;6,85;0,19;5,61;3,62;115;8;4
"d5-42-22";"filipulm";7,00;2;6;3;9;5,65;5,73;5,75;6,65;0,19;5,74;3,57;248;23;4
"d5-42-24";"molincae";8,00;3;1;13;14;5,72;5,72;6,07;6,59;0,16;5,53;3,61;179;15;5
"d5-42-33";"primuela";17,00;5;3;10;16;5,82;5,94;5,68;6,41;0,22;5,43;3,56;125;4;8
"d5-42-34";"primuela";16,00;1;8;8;5;5,93;5,98;5,76;6,42;0,14;5,55;3,42;193;11;8
"d5-43-11";"molincae";11,00;4;2;10;8;6,00;5,89;6,20;6,65;0,07;5,62;3,59;91;10;5
"d5-43-13";"filipulm";7,00;2;6;3;9;5,91;6,05;6,60;6,74;0,20;5,61;3,81;208;11;4
"d5-43-21";"loliumul";4,00;6;4;6;11;5,95;5,98;5,60;6,88;0,28;5,71;3,67;125;8;3
"d5-44-14";"filipulm";5,00;3;6;13;7;6,01;5,86;6,04;6,80;0,19;5,68;3,74;191;19;4
"d5-44-23";"molincae";11,00;5;3;10;8;5,84;6,05;6,23;6,27;0,13;5,48;3,63;110;9;5
"d5-44-24";"molincae";10,00;3;1;11;12;5,33;5,56;6,47;6,72;0,20;5,61;3,42;280;18;5
"d5-44-43";"molincae";9,00;4;4;4;4;5,52;5,79;5,08;6,85;0,19;5,72;3,64;154;14;5
"d5-45-12";"filipulm";7,00;2;6;3;9;5,97;6,16;5,74;6,77;0,14;5,73;3,63;225;27;4
"d5-45-14";"molincae";10,00;3;1;11;12;5,13;5,64;6,73;6,63;0,15;5,57;3,49;274;21;5
"d5-45-21";"filipulm";6,00;3;1;13;3;5,54;5,80;6,17;6,67;0,13;5,55;3,65;193;10;4
"d5-45-22";"buddldav";12,00;2;5;2;2;5,38;6,05;5,23;7,03;0,17;5,84;3,63;200;29;6
"d5-45-23";"molincae";11,00;4;2;9;8;5,00;5,33;7,00;6,55;0,15;5,47;3,39;157;12;5
"d5-45-24";"molincae";10,00;3;1;11;12;5,19;5,29;5,86;6,57;0,13;5,64;3,40;277;27;5
"d5-45-31";"molincae";8,00;3;1;13;14;4,86;4,97;5,68;6,68;0,14;5,68;3,43;183;18;5
"d5-45-33";"molincae";8,00;3;1;13;14;5,21;5,22;5,28;6,54;0,14;5,69;3,45;216;19;5
"d5-45-43";"molincae";8,00;2;5;13;14;5,58;5,67;5,26;6,66;0,16;5,76;3,39;222;26;5
"d5-46-12";"filipulm";7,00;2;6;3;9;5,64;5,84;6,06;6,68;0,20;5,64;3,51;268;18;4
"d5-46-21";"molincae";10,00;3;1;11;12;5,22;5,47;6,19;6,53;0,16;5,55;3,48;240;15;5
"d5-46-33";"molincae";9,00;4;2;4;4;5,52;5,50;5,02;6,57;0,25;5,68;3,38;113;8;5
"d5-47-23";"molincae";8,00;3;1;13;14;5,66;5,58;5,89;6,39;0,22;5,56;3,35;181;12;5
"d5-47-33";"molincae";8,00;3;1;13;14;5,28;5,40;5,56;6,58;0,16;5,68;3,36;230;17;5
"d5-47-34";"filipulm";6,00;5;3;10;3;5,50;5,94;5,71;6,67;0,23;5,51;3,59;107;1;4
"d5-47-41";"molincae";8,00;4;2;13;14;5,36;5,30;5,09;6,65;0,20;5,67;3,37;167;13;5
"d5-48-22";"molincae";9,00;4;4;4;4;6,07;5,80;5,15;6,70;0,25;5,73;3,54;90;12;5
"d5-48-23";"buddldav";13,00;6;4;1;17;6,01;6,08;5,00;6,85;0,21;5,80;3,61;106;14;6
"d5-48-34";"molincae";9,00;6;4;4;4;5,54;5,57;5,14;6,84;0,24;5,78;3,51;137;16;5
"d5-48-43";"molincae";11,00;4;2;9;8;5,07;5,07;6,23;6,55;0,22;5,47;3,27;158;9;5
"d5-48-44";"molincae";8,00;3;1;13;14;5,42;5,53;5,58;6,64;0,17;5,58;3,47;209;15;5
"d5-51-14";"primuela";17,00;5;3;10;16;5,57;6,22;6,14;6,11;0,18;5,30;3,32;124;3;8
"d5-51-24";"primuela";17,00;5;3;1;16;6,38;6,30;5,80;6,14;0,10;5,55;3,49;119;8;8
"d5-51-31";"primuela";16,00;1;8;7;5;5,38;6,39;6,38;6,62;0,26;5,55;3,54;330;30;8
"d5-51-32";"primuela";17,00;5;3;10;16;5,11;6,17;6,15;6,50;0,21;5,32;3,37;118;5;8
"d5-51-42";"primuela";17,00;5;3;8;16;6,07;6,35;5,98;6,29;0,19;5,52;3,59;163;11;8
"d5-51-43";"primuela";16,00;1;8;8;5;5,74;6,30;6,56;6,27;0,21;5,50;3,43;210;7;8
"d5-51-44";"primuela";16,00;1;8;8;5;5,69;6,16;6,24;6,33;0,16;5,43;3,47;212;12;8
"d5-52-13";"filipulm";5,00;6;4;1;7;5,94;6,23;5,57;6,71;0,21;5,69;3,58;167;14;4
"d5-52-22";"filipulm";5,00;2;5;2;7;5,94;6,31;5,81;6,82;0,22;5,78;3,59;171;25;4
"d5-52-31";"primuela";16,00;1;8;8;5;5,77;6,00;5,96;6,23;0,11;5,58;3,52;192;14;8
"d5-52-44";"primuela";17,00;5;3;10;16;5,92;6,09;5,86;6,39;0,16;5,42;3,49;118;3;8
"d5-53-11";"primuela";16,00;1;8;7;5;6,02;6,28;5,66;6,54;0,16;5,72;3,53;204;24;8
"d5-53-22";"filipulm";7,00;2;6;3;9;6,21;6,30;5,89;6,65;0,17;5,67;3,54;216;22;4
"d5-53-24";"primuela";15,00;2;4;1;6;6,25;6,36;5,81;6,69;0,21;5,71;3,52;170;18;8
"d5-53-31";"loliumul";4,00;6;4;4;11;5,83;6,06;5,68;6,94;0,22;5,54;3,56;100;3;3
"d5-53-41";"buddldav";12,00;2;6;2;2;5,98;6,46;5,58;6,75;0,17;5,72;3,60;234;29;6
"d5-53-42";"buddldav";13,00;6;4;1;17;6,40;6,69;5,44;6,75;0,25;5,78;3,66;105;18;6
"d5-53-44";"buddldav";12,00;2;5;2;2;5,89;6,37;5,45;6,91;0,15;5,80;3,69;265;48;6
"d5-54-22";"filipulm";6,00;5;3;10;3;5,88;6,04;6,13;6,41;0,19;5,55;3,59;179;7;4
"d5-54-23";"primuela";17,00;5;3;8;16;5,92;6,06;5,88;6,05;0,10;5,42;3,44;172;10;8
"d5-54-24";"primuela";16,00;1;8;7;5;5,82;6,07;5,86;6,35;0,18;5,61;3,49;240;15;8
"d5-54-31";"loliumul";4,00;6;4;6;11;6,35;6,45;5,72;6,82;0,10;5,61;3,73;116;7;3
"d5-54-32";"filipulm";5,00;6;4;6;7;5,96;6,39;5,82;6,69;0,15;5,67;3,65;156;13;4
"d5-54-34";"primuela";17,00;5;3;10;16;5,83;5,57;5,23;6,25;0,18;5,53;3,48;103;6;8
"d5-54-41";"filipulm";7,00;3;6;3;9;5,73;6,09;6,55;6,50;0,16;5,56;3,58;225;20;4
"d5-54-42";"primuela";16,00;1;8;7;5;5,87;6,12;6,01;6,54;0,17;5,60;3,57;206;16;8
"d5-55-12";"molincae";8,00;3;1;13;14;5,16;5,19;5,26;6,53;0,15;5,70;3,43;214;16;5
"d5-55-13";"primuela";16,00;1;8;8;5;5,58;5,92;6,68;6,29;0,10;5,42;3,45;240;8;8
"d5-55-21";"molincae";9,00;4;2;4;4;5,43;5,36;5,01;6,64;0,19;5,68;3,53;98;9;5
"d5-55-24";"filipulm";7,00;2;6;3;9;5,57;5,93;6,04;6,67;0,18;5,60;3,58;281;18;4
"d5-55-31";"primuela";16,00;1;8;7;5;5,82;6,08;5,96;6,41;0,15;5,58;3,50;244;17;8
"d5-55-34";"primuela";15,00;5;3;1;6;5,64;5,80;5,10;6,51;0,18;5,62;3,44;137;6;8
"d5-56-12";"primuela";16,00;1;8;7;5;5,52;5,73;5,29;6,52;0,18;5,73;3,55;272;27;8
"d5-56-13";"primuela";16,00;3;1;13;5;5,77;5,97;6,07;6,50;0,15;5,56;3,47;210;18;8
"d5-56-22";"primuela";15,00;5;3;1;6;5,44;6,36;4,94;6,79;0,22;5,65;3,52;95;8;8
"d5-56-23";"primuela";17,00;5;3;10;16;5,75;6,08;5,34;6,53;0,18;5,69;3,47;101;6;8
"d5-56-24";"primuela";16,00;1;8;7;5;5,66;5,97;6,47;6,24;0,17;5,53;3,48;251;12;8
"d5-56-32";"primuela";16,00;1;8;7;5;5,66;5,94;6,02;6,52;0,18;5,59;3,49;276;18;8
"d5-56-33";"primuela";15,00;5;3;8;6;5,48;5,47;5,19;6,21;0,13;5,63;3,50;147;8;8
"d5-56-34";"primuela";17,00;5;3;8;16;5,73;5,70;5,39;6,31;0,14;5,59;3,42;121;9;8
"d5-56-41";"primuela";16,00;1;8;7;5;5,39;5,58;6,00;6,30;0,12;5,62;3,46;319;24;8
"d5-56-43";"primuela";15,00;1;8;13;6;5,27;5,63;5,28;6,50;0,15;5,68;3,47;213;22;8
"d5-57-11";"primuela";16,00;1;8;7;5;5,84;5,92;5,69;6,43;0,19;5,67;3,49;236;18;8
"d5-57-13";"primuela";17,00;5;3;8;16;5,48;5,77;6,42;6,13;0,09;5,41;3,52;190;10;8
"d5-57-14";"filipulm";7,00;3;6;7;9;5,53;5,79;5,98;6,55;0,18;5,61;3,46;272;21;4
"d5-57-23";"primuela";17,00;5;3;10;16;6,03;6,01;5,84;6,27;0,12;5,47;3,52;127;8;8
"d5-57-31";"primuela";16,00;1;8;8;5;5,38;5,41;5,91;6,20;0,12;5,52;3,34;208;13;8
"d5-57-33";"loliumul";4,00;6;4;1;11;6,09;6,15;5,83;6,64;0,11;5,56;3,61;132;11;3
"d5-57-41";"primuela";15,00;1;8;1;6;5,75;5,88;5,06;6,42;0,20;5,77;3,50;210;21;8
"d5-57-44";"primuela";15,00;6;4;1;6;5,87;6,02;5,03;6,57;0,17;5,78;3,54;138;16;8
"d5-58-11";"molincae";10,00;3;1;11;12;5,38;5,37;6,00;6,60;0,18;5,60;3,40;262;21;5
"d5-58-14";"primuela";15,00;6;4;1;6;5,86;5,96;4,99;6,65;0,24;5,74;3,52;149;19;8
"d5-58-21";"buddldav";13,00;6;4;1;17;5,91;6,26;5,34;6,89;0,32;5,75;3,47;113;12;6
"d5-58-22";"primuela";15,00;5;3;1;6;5,91;5,82;5,10;6,40;0,18;5,65;3,46;132;11;8
"d5-58-23";"primuela";15,00;6;4;1;6;6,03;6,00;5,02;6,31;0,21;5,71;3,44;136;14;8
"d5-58-32";"primuela";15,00;5;3;1;6;5,80;6,15;5,25;6,54;0,18;5,73;3,57;141;10;8
"d5-58-33";"primuela";15,00;5;3;1;6;5,71;5,78;5,04;6,26;0,12;5,62;3,47;146;9;8
"d5-58-34";"primuela";15,00;6;4;1;6;5,98;6,11;5,07;6,55;0,24;5,71;3,50;129;12;8
"d5-58-41";"primuela";15,00;5;4;1;6;6,00;5,95;5,28;6,35;0,12;5,70;3,50;147;17;8
"d6-11-11";"filipulm";6,00;4;2;9;3;5,82;5,72;6,69;6,49;0,17;5,48;3,75;139;5;4
"d6-11-12";"filipulm";6,00;5;3;10;3;5,87;5,78;6,01;6,72;0,15;5,55;3,59;123;4;4
"d6-11-13";"molincae";10,00;3;1;13;12;5,57;5,57;6,00;6,79;0,23;5,60;3,48;183;13;5
"d6-11-21";"filipulm";6,00;4;2;4;3;5,89;5,56;6,07;6,54;0,22;5,67;3,48;109;6;4
"d6-11-32";"molincae";10,00;3;1;11;12;5,55;5,69;6,39;6,72;0,16;5,58;3,59;269;22;5
"d6-11-41";"molincae";10,00;3;1;11;12;5,68;5,68;6,02;6,64;0,18;5,64;3,60;228;30;5
"d6-12-24";"molincae";10,00;3;1;11;12;5,43;5,52;6,25;6,91;0,28;5,55;3,57;193;11;5
"d6-12-34";"molincae";9,00;4;2;4;4;5,35;5,23;4,97;6,77;0,23;5,72;3,54;121;8;5
"d6-12-41";"molincae";8,00;3;1;13;14;5,64;5,75;5,53;6,74;0,16;5,68;3,48;205;18;5
"d6-13-11";"molincae";11,00;4;2;9;8;4,45;4,76;6,28;6,71;0,22;5,49;3,44;123;4;5
"d6-13-13";"molincae";10,00;3;1;11;12;5,10;5,25;5,86;6,80;0,23;5,57;3,46;213;15;5
"d6-13-21";"molincae";9,00;6;4;5;4;5,66;6,19;5,59;7,01;0,22;5,76;3,77;122;13;5
"d6-13-22";"molincae";11,00;4;2;4;8;5,18;4,91;5,88;6,83;0,23;5,60;3,45;127;3;5
"d6-13-23";"molincae";8,00;4;2;13;14;5,55;5,41;5,43;6,75;0,22;5,64;3,50;170;14;5
"d6-13-24";"molincae";9,00;4;2;4;4;5,22;5,18;5,00;6,65;0,19;5,68;3,29;169;13;5
"d6-13-31";"molincae";8,00;3;1;13;14;5,34;5,31;5,87;6,67;0,19;5,58;3,45;206;13;5
"d6-13-34";"molincae";11,00;4;2;9;8;5,54;5,80;6,09;6,79;0,18;5,52;3,43;138;5;5
"d6-13-43";"primuela";17,00;5;3;10;16;5,25;5,21;6,23;6,40;0,15;5,42;3,47;117;4;8
"d6-14-11";"molincae";11,00;4;2;9;8;5,12;4,96;5,90;6,63;0,21;5,43;3,33;106;5;5
"d6-14-12";"molincae";11,00;4;2;9;8;4,90;4,97;6,34;6,69;0,14;5,43;3,46;133;5;5
"d6-14-14";"molincae";10,00;3;1;11;12;5,32;5,38;5,83;6,67;0,18;5,57;3,46;217;20;5
"d6-14-21";"molincae";11,00;4;2;9;8;4,69;4,96;7,06;6,82;0,20;5,41;3,46;106;1;5
"d6-14-23";"molincae";11,00;4;2;9;8;4,31;4,95;6,37;6,80;0,18;5,48;3,49;133;6;5
"d6-14-24";"molincae";11,00;4;2;9;8;4,95;5,28;6,37;6,85;0,17;5,43;3,66;134;4;5
"d6-14-34";"molincae";9,00;4;2;4;4;5,48;5,25;5,54;6,74;0,21;5,60;3,45;148;12;5
"d6-14-42";"buddldav";13,00;5;3;4;17;5,30;5,79;5,18;6,67;0,19;5,65;3,44;157;14;6
"d6-15-13";"buddldav";12,00;3;5;2;2;4,96;5,77;5,59;7,01;0,22;5,74;3,48;301;39;6
"d6-15-24";"molincae";10,00;3;1;11;12;5,09;5,20;6,56;6,69;0,17;5,42;3,51;243;9;5
"d6-15-31";"astertri";14,00;4;2;5;15;4,98;6,07;4,89;6,96;0,19;5,87;3,64;150;22;7
"d6-15-33";"molincae";11,00;4;2;9;8;5,14;5,20;6,63;6,56;0,21;5,34;3,43;125;2;5
"d6-15-34";"molincae";11,00;5;3;9;8;5,89;5,81;6,81;6,47;0,13;5,40;3,46;99;4;5
"d6-15-41";"filipulm";6,00;5;3;9;3;5,66;5,61;6,16;6,69;0,17;5,41;3,60;138;2;4
"d6-15-42";"molincae";10,00;3;1;11;12;5,32;5,26;6,28;6,78;0,21;5,53;3,48;204;10;5
"d6-16-11";"molincae";10,00;3;1;11;12;4,80;4,91;6,44;6,62;0,18;5,39;3,31;235;8;5
"d6-16-12";"molincae";10,00;3;1;11;12;4,86;5,06;6,49;6,72;0,15;5,44;3,42;318;17;5
"d6-16-13";"molincae";10,00;3;1;11;12;4,99;5,25;6,00;6,82;0,16;5,57;3,54;314;26;5
"d6-16-14";"molincae";11,00;4;2;9;8;4,23;4,47;6,57;6,94;0,20;5,37;3,28;118;3;5
"d6-16-21";"molincae";10,00;3;1;11;12;4,58;4,76;6,36;6,81;0,13;5,45;3,43;262;13;5
"d6-16-22";"molincae";11,00;3;1;11;8;4,31;4,49;6,37;6,93;0,14;5,43;3,37;227;10;5
"d6-16-23";"molincae";11,00;4;2;4;8;4,27;4,21;5,50;6,77;0,13;5,38;3,32;104;5;5
"d6-16-24";"molincae";11,00;4;2;9;8;3,52;3,61;5,91;7,03;0,19;5,33;3,04;106;5;5
"d6-16-33";"molincae";9,00;4;2;4;4;5,07;4,85;5,12;6,87;0,22;5,63;3,28;127;10;5
"d6-16-43";"molincae";11,00;4;1;4;8;4,88;4,75;5,84;6,85;0,18;5,50;3,35;177;15;5
"d6-16-44";"astertri";14,00;4;5;5;15;5,09;5,98;5,49;7,20;0,33;5,71;3,68;210;30;7
"d6-17-13";"molincae";11,00;4;2;4;8;4,12;4,32;5,73;7,09;0,21;5,55;3,34;108;10;5
"d6-17-22";"molincae";11,00;4;2;4;8;4,35;4,43;5,52;6,99;0,16;5,55;3,28;129;5;5
"d6-17-24";"molincae";9,00;4;2;4;4;4,84;5,48;4,81;7,08;0,16;5,73;3,49;135;14;5
"d6-17-34";"molincae";11,00;4;2;9;8;4,86;5,27;5,83;6,95;0,20;5,60;3,50;180;7;5
"d6-17-41";"molincae";11,00;4;2;9;8;4,55;4,79;5,93;6,71;0,21;5,49;3,27;99;6;5
"d6-17-42";"molincae";9,00;4;2;4;4;5,13;4,98;5,83;6,64;0,19;5,51;3,31;159;9;5
"d6-18-11";"molincae";9,00;4;2;4;4;4,44;4,43;5,50;6,96;0,28;5,48;3,33;129;5;5
"d6-18-12";"molincae";9,00;4;2;4;4;4,37;4,12;5,50;6,82;0,27;5,53;3,28;108;4;5
"d6-18-13";"molincae";9,00;4;2;4;4;4,78;4,27;5,45;6,62;0,21;5,44;3,30;98;4;5
"d6-18-14";"molincae";9,00;4;2;4;4;5,00;4,73;5,51;6,71;0,21;5,64;3,36;150;8;5
"d6-18-24";"molincae";9,00;4;2;4;4;5,14;4,98;5,84;6,89;0,24;5,54;3,43;156;10;5
"d6-18-31";"molincae";9,00;4;2;4;4;4,68;4,35;4,96;6,77;0,21;5,55;3,47;94;10;5
"d6-18-32";"molincae";9,00;4;2;4;4;4,96;4,86;5,24;6,70;0,27;5,50;3,28;106;4;5
"d6-18-33";"molincae";11,00;4;2;9;8;4,84;4,63;5,86;6,52;0,19;5,40;3,41;109;6;5
"d6-18-34";"molincae";9,00;4;2;4;4;4,40;4,29;5,50;6,76;0,15;5,51;3,27;163;5;5
"d6-21-14";"molincae";9,00;4;2;4;4;5,48;5,40;5,68;6,57;0,17;5,64;3,34;141;8;5
"d6-21-21";"molincae";8,00;4;2;4;14;4,81;4,81;5,85;6,93;0,24;5,52;3,27;168;14;5
"d6-21-24";"molincae";8,00;4;2;13;14;5,13;4,94;5,37;6,71;0,19;5,66;3,36;174;16;5
"d6-21-34";"molincae";8,00;3;1;13;14;5,19;5,16;5,46;6,70;0,19;5,60;3,40;182;15;5
"d6-21-44";"molincae";11,00;4;2;9;8;5,20;5,11;5,87;6,32;0,19;5,55;3,40;159;11;5
"d6-22-11";"molincae";9,00;4;2;4;4;4,76;4,80;5,11;6,79;0,22;5,64;3,21;115;5;5
"d6-22-12";"molincae";9,00;4;2;4;4;5,22;5,20;5,00;6,91;0,23;5,65;3,55;144;7;5
"d6-22-14";"molincae";9,00;4;2;4;4;4,21;4,03;5,16;6,70;0,17;5,40;3,16;98;3;5
"d6-22-21";"molincae";9,00;4;2;4;4;5,07;5,21;4,97;7,00;0,23;5,61;3,48;95;5;5
"d6-22-22";"molincae";11,00;4;2;9;8;4,87;5,00;6,12;6,68;0,16;5,41;3,40;118;4;5
"d6-22-33";"molincae";10,00;3;1;13;12;4,93;4,97;5,81;6,54;0,15;5,58;3,30;197;15;5
"d6-22-34";"molincae";10,00;3;1;11;12;4,87;4,98;6,28;6,73;0,15;5,52;3,32;201;6;5
"d6-22-43";"molincae";11,00;4;2;9;8;5,18;5,64;7,08;6,70;0,13;5,49;3,38;141;7;5
"d6-23-11";"molincae";10,00;3;1;11;12;5,08;5,10;6,20;6,70;0,14;5,50;3,38;197;13;5
"d6-23-12";"molincae";11,00;4;2;9;8;4,96;5,27;7,05;7,06;0,32;5,37;3,59;106;0;5
"d6-23-13";"molincae";10,00;3;1;11;12;5,18;5,30;6,70;6,72;0,20;5,51;3,58;204;11;5
"d6-23-22";"molincae";8,00;3;1;13;14;5,39;5,41;5,86;6,91;0,24;5,58;3,39;190;13;5
"d6-23-31";"molincae";10,00;3;1;11;12;5,13;5,39;6,61;6,70;0,18;5,56;3,41;271;26;5
"d6-23-41";"molincae";11,00;4;2;4;8;5,00;4,66;5,60;6,52;0,18;5,51;3,36;106;7;5
"d6-24-23";"molincae";11,00;4;2;9;8;5,57;5,76;6,18;6,83;0,21;5,48;3,66;122;4;5
"d6-24-32";"molincae";10,00;3;1;11;12;5,17;5,19;6,12;6,76;0,15;5,55;3,48;207;12;5
"d6-24-33";"molincae";11,00;4;2;9;8;4,98;5,17;6,71;6,70;0,16;5,40;3,42;140;3;5
"d6-24-34";"molincae";10,00;3;1;11;12;5,19;5,36;6,64;6,93;0,23;5,50;3,50;186;9;5
"d6-24-41";"filipulm";6,00;3;1;9;3;5,69;5,56;6,50;6,84;0,26;5,48;3,50;166;5;4
"d6-24-42";"molincae";11,00;4;1;9;8;5,04;4,96;6,57;6,69;0,16;5,41;3,54;164;6;5
"d6-24-43";"molincae";10,00;3;1;9;12;5,50;5,46;6,38;6,69;0,20;5,45;3,49;177;8;5
"d6-24-44";"molincae";11,00;3;1;9;8;5,00;5,16;6,55;6,82;0,16;5,37;3,52;183;6;5
"d6-25-13";"molincae";11,00;4;2;9;8;5,72;5,25;6,78;6,80;0,24;5,49;3,60;114;3;5
"d6-25-14";"molincae";11,00;4;2;9;8;4,81;4,72;5,96;6,66;0,27;5,53;3,44;143;8;5
"d6-25-21";"molincae";11,00;4;2;9;8;5,09;5,00;6,71;6,77;0,23;5,44;3,57;114;0;5
"d6-25-23";"molincae";8,00;3;1;13;14;5,01;4,95;5,59;6,83;0,22;5,63;3,40;194;18;5
"d6-25-31";"molincae";11,00;4;2;9;8;5,16;4,90;6,50;6,82;0,21;5,40;3,30;141;6;5
"d6-25-34";"molincae";9,00;4;2;4;4;5,46;5,26;5,50;6,77;0,21;5,58;3,38;149;15;5
"d6-26-11";"molincae";8,00;3;1;13;14;5,23;5,05;5,57;6,86;0,21;5,57;3,40;179;10;5
"d6-26-12";"molincae";9,00;4;2;4;4;5,18;5,07;5,51;6,95;0,31;5,61;3,43;112;8;5
"d6-26-13";"molincae";9,00;4;2;4;4;5,32;4,98;5,48;6,80;0,26;5,57;3,38;103;6;5
"d6-26-22";"molincae";8,00;4;5;13;14;4,93;5,69;5,18;7,13;0,25;5,72;3,64;207;22;5
"d6-26-23";"molincae";8,00;4;2;13;14;5,34;5,75;5,30;6,64;0,20;5,61;3,44;168;13;5
"d6-26-32";"molincae";10,00;3;1;11;12;5,11;5,21;6,01;6,75;0,20;5,53;3,53;224;13;5
"d6-26-33";"molincae";11,00;4;2;9;8;5,54;5,54;6,11;6,53;0,17;5,40;3,47;113;5;5
"d6-26-34";"molincae";11,00;4;2;9;8;5,43;5,55;6,20;6,72;0,27;5,60;3,51;124;8;5
"d6-26-41";"molincae";10,00;3;1;11;12;5,17;5,53;6,03;6,73;0,21;5,51;3,47;222;11;5
"d6-26-42";"molincae";10,00;3;1;11;12;5,25;5,64;5,75;6,79;0,18;5,54;3,52;239;15;5
"d6-27-12";"molincae";8,00;3;1;13;14;5,43;5,47;5,75;6,60;0,19;5,57;3,49;232;23;5
"d6-27-21";"molincae";11,00;4;2;9;8;4,92;5,05;6,56;6,53;0,18;5,35;3,54;169;8;5
"d6-27-22";"molincae";10,00;3;1;11;12;5,04;5,35;6,38;6,65;0,16;5,47;3,54;213;8;5
"d6-27-31";"molincae";10,00;3;1;11;12;5,18;5,36;6,44;6,76;0,21;5,56;3,38;241;13;5
"d6-27-32";"astertri";14,00;4;2;4;15;4,56;6,30;5,14;7,01;0,18;5,64;3,66;159;15;7
"d6-27-33";"molincae";8,00;4;2;13;14;5,38;5,42;5,40;6,42;0,14;5,58;3,43;173;11;5
"d6-27-34";"molincae";10,00;3;1;11;12;5,03;5,79;6,10;6,91;0,19;5,64;3,58;239;18;5
"d6-27-41";"molincae";9,00;4;2;4;4;5,34;4,98;5,06;6,83;0,24;5,52;3,38;101;7;5
"d6-27-42";"molincae";9,00;4;2;4;4;5,47;5,15;5,47;6,56;0,29;5,53;3,41;123;11;5
"d6-28-11";"molincae";11,00;4;2;9;8;4,76;4,72;6,13;6,84;0,25;5,50;3,40;165;6;5
"d6-28-12";"molincae";11,00;4;2;9;8;4,14;4,30;6,06;6,94;0,15;5,47;3,20;124;10;5
"d6-28-24";"molincae";9,00;4;2;4;4;4,21;4,55;5,65;7,05;0,19;5,58;3,28;146;10;5
"d6-28-31";"molincae";9,00;4;2;4;4;5,34;5,03;4,95;6,64;0,28;5,55;3,41;96;5;5
"d6-28-32";"molincae";9,00;4;2;4;4;4,77;4,49;5,58;6,96;0,18;5,41;3,23;103;4;5
"d6-28-33";"molincae";9,00;4;2;4;4;4,87;4,69;5,54;6,85;0,19;5,56;3,38;124;9;5
"d6-28-34";"molincae";11,00;4;2;9;8;4,23;4,34;7,04;6,73;0,19;5,30;3,17;147;5;5
"d6-28-41";"molincae";11,00;4;2;9;8;4,43;4,31;7,03;6,59;0,20;5,37;3,31;143;5;5
"d6-28-42";"molincae";11,00;4;2;9;8;4,61;4,54;6,67;6,75;0,20;5,44;3,25;195;9;5
"d6-28-43";"molincae";11,00;4;2;9;8;4,34;4,38;7,03;6,91;0,23;5,52;3,28;113;3;5
"d6-31-22";"molincae";11,00;3;1;9;8;5,19;5,23;6,13;6,54;0,16;5,61;3,42;180;10;5
"d6-31-24";"molincae";11,00;5;3;9;8;5,17;5,11;5,96;6,53;0,19;5,42;3,38;127;6;5
"d6-31-34";"primuela";17,00;5;3;10;16;5,65;5,59;5,61;6,27;0,14;5,59;3,42;130;7;8
"d6-31-42";"buddldav";12,00;2;5;2;2;5,43;5,87;4,91;6,84;0,18;5,85;3,53;223;45;6
"d6-31-43";"molincae";11,00;5;3;10;8;5,10;5,74;5,51;6,95;0,25;5,67;3,52;93;8;5
"d6-31-44";"buddldav";13,00;6;5;5;17;5,87;6,26;5,29;6,87;0,09;5,84;3,68;145;27;6
"d6-32-11";"molincae";10,00;3;1;11;12;5,54;5,74;6,51;6,51;0,15;5,52;3,46;216;13;5
"d6-32-12";"primuela";17,00;5;3;10;16;5,56;5,67;6,19;6,41;0,11;5,51;3,42;136;6;8
"d6-32-14";"molincae";8,00;3;1;13;14;5,37;5,64;5,83;6,72;0,24;5,58;3,38;172;10;5
"d6-32-21";"molincae";10,00;3;1;11;12;5,65;5,61;6,08;6,84;0,20;5,64;3,49;203;19;5
"d6-32-22";"molincae";8,00;3;1;13;14;5,52;5,47;5,61;6,77;0,20;5,57;3,43;184;9;5
"d6-32-24";"molincae";9,00;4;2;4;4;5,50;5,47;5,10;6,73;0,15;5,62;3,42;145;5;5
"d6-32-33";"buddldav";12,00;2;5;2;2;5,67;6,31;5,78;6,82;0,17;5,81;3,56;252;34;6
"d6-32-34";"filipulm";6,00;5;3;10;3;5,50;5,91;5,95;6,84;0,19;5,57;3,43;144;4;4
"d6-32-44";"molincae";11,00;3;1;9;8;4,79;5,07;6,68;6,86;0,15;5,52;3,26;184;9;5
"d6-33-13";"molincae";9,00;4;2;4;4;5,41;5,34;4,96;6,77;0,17;5,65;3,42;136;12;5
"d6-33-24";"molincae";8,00;3;1;13;14;5,82;5,60;6,03;6,61;0,18;5,59;3,41;174;14;5
"d6-33-32";"molincae";10,00;3;1;11;12;5,35;5,31;6,15;6,79;0,19;5,50;3,54;194;16;5
"d6-33-33";"molincae";11,00;4;2;9;8;5,50;5,50;7,34;6,81;0,26;5,38;3,51;99;1;5
"d6-33-34";"molincae";11,00;4;2;9;8;5,24;5,28;6,62;6,89;0,28;5,48;3,53;148;8;5
"d6-33-41";"molincae";11,00;4;2;9;8;5,72;5,50;6,66;6,81;0,29;5,55;3,50;100;8;5
"d6-33-43";"molincae";11,00;4;2;9;8;5,32;5,07;6,86;6,78;0,22;5,52;3,54;158;10;5
"d6-34-11";"molincae";11,00;4;2;9;8;5,57;5,59;7,11;6,81;0,23;5,51;3,66;149;9;5
"d6-34-12";"molincae";10,00;3;1;11;12;4,99;4,96;6,95;6,85;0,21;5,44;3,47;208;10;5
"d6-34-13";"molincae";10,00;3;1;11;12;5,52;5,53;6,60;6,76;0,21;5,56;3,60;238;17;5
"d6-34-14";"molincae";11,00;4;2;9;8;5,27;5,30;7,04;6,80;0,27;5,36;3,53;111;6;5
"d6-34-21";"molincae";11,00;4;2;9;8;5,43;5,31;6,50;6,82;0,20;5,46;3,42;141;7;5
"d6-34-24";"molincae";8,00;3;1;13;14;5,21;5,13;5,70;6,84;0,15;5,61;3,36;195;13;5
"d6-34-33";"molincae";8,00;3;1;13;14;5,67;5,62;5,77;6,61;0,17;5,69;3,44;181;22;5
"d6-34-42";"molincae";10,00;3;1;11;12;5,53;5,52;5,98;6,74;0,18;5,57;3,57;202;15;5
"d6-34-44";"molincae";11,00;4;2;9;8;4,51;4,94;6,87;6,67;0,20;5,39;3,33;137;1;5
"d6-35-12";"molincae";8,00;4;2;13;14;5,28;5,42;5,97;6,89;0,24;5,52;3,41;162;13;5
"d6-35-13";"molincae";11,00;3;1;9;8;5,04;5,20;6,64;6,64;0,17;5,39;3,50;189;8;5
"d6-35-14";"molincae";11,00;3;1;9;8;4,99;5,37;6,33;6,71;0,17;5,46;3,59;183;6;5
"d6-35-21";"molincae";11,00;4;2;9;8;5,33;5,16;5,97;6,60;0,19;5,43;3,34;133;8;5
"d6-35-22";"molincae";9,00;4;2;4;4;5,32;4,96;5,50;6,74;0,17;5,62;3,40;129;7;5
"d6-35-32";"molincae";11,00;4;1;9;8;5,35;5,26;6,29;6,78;0,18;5,51;3,37;164;8;5
"d6-35-33";"molincae";11,00;4;2;9;8;4,92;4,90;7,30;6,58;0,18;5,58;3,23;163;5;5
"d6-35-41";"molincae";11,00;4;2;9;8;4,91;4,80;5,92;6,64;0,17;5,50;3,35;128;5;5
"d6-35-44";"molincae";11,00;3;1;9;8;5,21;5,13;6,36;6,47;0,16;5,50;3,40;182;12;5
"d6-36-12";"molincae";11,00;4;2;9;8;5,24;5,43;6,85;6,58;0,17;5,46;3,58;136;3;5
"d6-36-13";"molincae";10,00;3;1;11;12;5,02;5,09;7,06;6,61;0,16;5,47;3,34;239;6;5
"d6-36-14";"molincae";11,00;4;1;9;8;4,90;5,05;7,15;6,42;0,15;5,35;3,57;172;6;5
"d6-36-21";"molincae";10,00;3;1;11;12;5,32;5,28;6,08;6,42;0,15;5,53;3,42;196;11;5
"d6-36-22";"molincae";11,00;4;2;9;8;5,00;4,97;6,46;6,37;0,18;5,33;3,31;146;3;5
"d6-36-23";"molincae";11,00;4;2;9;8;4,72;4,71;6,96;6,10;0,09;5,32;3,45;104;2;5
"d6-36-31";"molincae";11,00;4;2;9;8;4,42;4,41;7,13;6,89;0,21;5,43;3,36;144;1;5
"d6-36-32";"molincae";11,00;4;2;9;8;5,11;5,27;6,12;6,58;0,16;5,54;3,54;154;13;5
"d6-36-41";"molincae";10,00;3;1;11;12;5,04;5,38;7,06;6,84;0,20;5,53;3,42;263;20;5
"d6-36-42";"molincae";10,00;3;1;11;12;5,16;5,32;5,84;6,76;0,17;5,55;3,45;202;18;5
"d6-36-43";"molincae";10,00;3;1;11;12;5,16;5,44;7,20;6,88;0,18;5,60;3,49;288;26;5
"d6-36-44";"molincae";10,00;3;1;11;12;5,42;5,86;6,70;7,02;0,22;5,74;3,57;273;34;5
"d6-37-11";"molincae";10,00;3;1;11;12;5,06;5,60;6,19;6,74;0,16;5,57;3,53;277;13;5
"d6-37-12";"molincae";11,00;4;2;9;8;5,36;5,55;6,48;6,66;0,23;5,53;3,50;164;9;5
"d6-37-21";"primuela";17,00;5;3;10;16;5,58;5,73;6,10;6,38;0,25;5,35;3,46;120;6;8
"d6-37-22";"molincae";11,00;4;2;9;8;4,92;4,79;6,68;6,34;0,20;5,25;3,31;110;2;5
"d6-37-24";"molincae";9,00;4;2;4;4;5,24;5,07;5,71;6,80;0,24;5,48;3,41;96;6;5
"d6-37-33";"molincae";8,00;3;1;13;14;5,66;5,79;6,08;6,71;0,17;5,62;3,50;194;19;5
"d6-37-34";"molincae";11,00;4;2;9;8;5,64;5,71;6,52;6,97;0,22;5,56;3,60;109;4;5
"d6-37-44";"molincae";10,00;3;1;11;12;4,95;5,01;7,06;6,88;0,20;5,51;3,39;214;11;5
"d6-38-11";"molincae";11,00;4;2;9;8;4,35;4,70;6,94;6,59;0,22;5,32;3,25;183;2;5
"d6-38-14";"molincae";8,00;3;1;11;14;4,73;4,95;6,08;6,85;0,14;5,55;3,31;219;17;5
"d6-38-23";"molincae";11,00;4;2;4;8;4,37;4,76;6,05;6,94;0,16;5,53;3,26;194;18;5
"d6-38-24";"molincae";11,00;4;2;9;8;4,28;4,49;6,70;6,95;0,16;5,44;3,24;174;10;5
"d6-38-31";"molincae";11,00;4;2;9;8;4,52;4,67;6,98;7,14;0,19;5,50;3,35;122;4;5
"d6-38-32";"molincae";10,00;3;1;11;12;4,76;4,98;6,44;6,95;0,19;5,54;3,49;251;22;5
"d6-38-33";"molincae";10,00;3;1;11;12;5,15;5,24;7,01;6,86;0,25;5,58;3,36;235;14;5
"d6-38-44";"molincae";9,00;4;2;4;4;4,88;4,65;5,03;6,87;0,19;5,63;3,40;129;12;5
"d6-41-32";"molincae";9,00;4;4;4;4;5,76;5,53;4,98;6,64;0,18;5,75;3,42;116;13;5
"d6-41-33";"molincae";11,00;4;2;9;8;4,90;5,30;5,76;6,41;0,16;5,46;3,33;94;7;5
"d6-42-11";"molincae";9,00;6;4;4;4;5,67;5,79;4,82;7,08;0,33;5,93;3,53;105;13;5
"d6-42-13";"primuela";15,00;3;4;13;6;5,61;5,76;5,72;6,72;0,16;5,69;3,39;181;12;8
"d6-42-21";"filipulm";7,00;3;6;3;9;5,52;5,86;6,27;6,80;0,17;5,70;3,61;356;37;4
"d6-42-22";"molincae";10,00;3;1;11;12;5,42;5,65;7,13;6,77;0,17;5,55;3,59;199;12;5
"d6-42-23";"filipulm";7,00;2;6;3;9;5,89;6,23;5,98;6,77;0,21;5,68;3,69;241;21;4
"d6-42-24";"filipulm";7,00;3;6;3;9;5,66;5,80;6,43;6,65;0,16;5,61;3,63;280;27;4
"d6-42-33";"primuela";15,00;4;4;1;6;5,65;5,61;5,09;6,47;0,13;5,64;3,44;150;14;8
"d6-42-41";"loliumul";4,00;6;4;1;11;6,08;6,12;5,74;6,84;0,22;5,65;3,46;141;14;3
"d6-42-43";"filipulm";5,00;3;6;13;7;5,80;5,87;5,80;6,69;0,19;5,66;3,55;208;14;4
"d6-42-44";"filipulm";6,00;4;4;6;3;5,91;6,08;6,02;6,82;0,20;5,56;3,67;132;8;4
"d6-43-13";"molincae";10,00;3;1;11;12;5,36;5,40;6,61;6,76;0,19;5,56;3,56;243;14;5
"d6-43-14";"molincae";10,00;3;1;11;12;5,37;5,39;6,27;6,80;0,22;5,56;3,54;191;14;5
"d6-43-21";"molincae";10,00;3;1;11;12;4,95;5,04;6,80;6,74;0,16;5,53;3,42;210;10;5
"d6-43-22";"molincae";11,00;4;2;9;8;4,93;5,01;6,86;6,89;0,21;5,49;3,28;163;7;5
"d6-43-23";"molincae";9,00;4;2;4;4;5,28;5,02;4,97;6,65;0,16;5,63;3,39;127;8;5
"d6-43-24";"filipulm";6,00;4;2;9;3;5,72;5,87;6,79;6,94;0,24;5,62;3,62;144;8;4
"d6-43-31";"filipulm";6,00;6;3;10;3;6,20;6,23;6,35;6,89;0,36;5,66;3,68;94;7;4
"d6-43-32";"filipulm";6,00;2;6;3;3;6,14;6,23;6,60;6,86;0,22;5,62;3,66;212;11;4
"d6-43-33";"loliumul";4,00;6;4;6;11;6,06;6,25;5,83;6,95;0,27;5,65;3,45;135;14;3
"d6-43-34";"filipulm";6,00;2;6;3;3;6,27;6,55;6,96;6,95;0,29;5,71;3,72;208;7;4
"d6-43-41";"filipulm";7,00;2;6;3;9;5,68;6,08;6,67;6,91;0,25;5,72;3,73;258;22;4
"d6-43-42";"filipulm";7,00;2;6;3;9;5,60;6,09;6,56;6,96;0,25;5,65;3,65;293;23;4
"d6-43-43";"filipulm";6,00;2;6;3;3;5,80;6,34;7,05;6,74;0,28;5,62;3,64;207;10;4
"d6-43-44";"filipulm";6,00;5;3;10;3;5,82;6,20;6,73;6,81;0,24;5,58;3,52;170;4;4
"d6-44-12";"molincae";11,00;4;2;9;8;5,72;5,73;7,42;6,75;0,16;5,47;3,51;139;10;5
"d6-44-13";"filipulm";7,00;3;6;11;9;5,56;6,00;6,76;6,95;0,19;5,68;3,68;278;21;4
"d6-44-21";"molincae";11,00;4;2;9;8;5,10;4,84;6,27;6,54;0,16;5,46;3,26;110;4;5
"d6-44-22";"molincae";11,00;4;1;9;8;4,91;5,04;7,09;6,67;0,20;5,47;3,34;184;4;5
"d6-44-24";"molincae";11,00;4;2;9;8;4,81;5,20;7,71;6,69;0,22;5,50;3,39;124;4;5
"d6-44-31";"filipulm";5,00;3;6;3;7;5,88;6,03;6,63;6,98;0,27;5,64;3,71;201;12;4
"d6-44-41";"molincae";10,00;3;1;13;12;5,59;5,69;6,12;6,63;0,20;5,60;3,53;208;16;5
"d6-44-42";"molincae";10,00;3;1;11;12;5,57;5,64;6,14;6,74;0,21;5,59;3,47;217;16;5
"d6-45-12";"molincae";9,00;4;2;4;4;4,81;4,91;5,98;6,80;0,17;5,53;3,31;149;12;5
"d6-45-13";"molincae";10,00;3;1;13;12;5,60;5,50;6,45;6,94;0,24;5,54;3,46;167;15;5
"d6-45-14";"molincae";10,00;3;1;11;12;5,31;5,44;6,37;6,74;0,18;5,56;3,49;223;16;5
"d6-45-21";"molincae";11,00;4;1;9;8;4,38;4,79;6,53;6,86;0,15;5,46;3,16;194;10;5
"d6-45-31";"filipulm";7,00;3;6;3;9;5,90;6,00;6,38;6,73;0,21;5,63;3,51;222;17;4
"d6-45-32";"molincae";10,00;3;1;11;12;5,80;5,85;6,43;6,68;0,22;5,58;3,48;233;13;5
"d6-45-41";"molincae";10,00;3;1;13;12;5,72;5,52;6,34;6,72;0,21;5,52;3,42;179;9;5
"d6-46-11";"molincae";11,00;4;2;9;8;5,20;4,94;6,10;6,64;0,17;5,51;3,30;124;12;5
"d6-46-12";"molincae";10,00;3;1;11;12;4,94;5,17;7,06;6,84;0,21;5,63;3,22;229;16;5
"d6-46-14";"molincae";11,00;4;2;9;8;4,77;4,83;6,81;6,75;0,21;5,40;3,28;142;4;5
"d6-46-21";"molincae";10,00;3;1;11;12;4,91;5,18;6,87;6,79;0,15;5,54;3,30;322;20;5
"d6-46-22";"molincae";11,00;4;2;9;8;4,87;4,89;7,29;6,98;0,28;5,52;3,41;104;6;5
"d6-46-24";"molincae";11,00;4;2;9;8;4,52;4,57;7,22;7,18;0,24;5,47;3,31;167;3;5
"d6-46-31";"primuela";17,00;5;3;8;16;5,81;5,77;6,35;6,31;0,18;5,57;3,30;164;16;8
"d6-46-32";"molincae";11,00;3;1;9;8;5,06;5,22;6,60;6,79;0,15;5,51;3,42;189;7;5
"d6-46-41";"molincae";10,00;3;1;9;12;5,13;5,32;6,51;6,85;0,18;5,50;3,56;184;8;5
"d6-46-43";"primuela";17,00;5;3;10;16;5,64;5,56;5,95;6,51;0,14;5,43;3,46;127;6;8
"d6-47-11";"molincae";10,00;3;1;11;12;5,36;5,41;6,35;6,71;0,19;5,66;3,48;230;20;5
"d6-47-13";"molincae";11,00;4;2;9;8;4,89;5,17;7,81;7,04;0,30;5,58;3,38;204;10;5
"d6-47-22";"molincae";11,00;4;2;9;8;5,07;4,82;6,46;6,99;0,17;5,46;3,47;147;9;5
"d6-47-23";"molincae";10,00;3;1;11;12;5,19;5,25;6,12;6,63;0,19;5,51;3,35;184;13;5
"d6-47-24";"molincae";11,00;4;2;9;8;4,58;4,24;6,37;6,81;0,21;5,30;3,37;109;5;5
"d6-47-31";"molincae";9,00;4;2;4;4;5,77;5,67;5,75;6,88;0,23;5,66;3,47;111;8;5
"d6-47-41";"molincae";10,00;3;1;11;12;5,28;5,29;6,24;6,52;0,16;5,57;3,48;181;14;5
"d6-47-42";"molincae";10,00;3;1;11;12;5,17;5,21;6,99;6,84;0,19;5,65;3,40;237;21;5
"d6-47-43";"molincae";11,00;4;2;9;8;5,00;5,06;6,80;6,70;0,22;5,56;3,38;145;9;5
"d6-47-44";"molincae";11,00;4;2;9;8;4,98;4,87;7,58;6,53;0,18;5,53;3,32;127;3;5
"d6-48-11";"molincae";10,00;3;1;11;12;4,77;4,76;6,10;6,72;0,19;5,54;3,30;190;12;5
"d6-48-12";"molincae";11,00;4;1;9;8;4,79;5,02;6,42;6,86;0,19;5,51;3,35;177;10;5
"d6-48-13";"molincae";11,00;4;1;9;8;5,03;4,82;6,23;6,71;0,17;5,51;3,35;177;9;5
"d6-48-14";"molincae";11,00;4;2;9;8;5,09;4,93;6,89;6,33;0,14;5,55;3,36;150;8;5
"d6-48-21";"molincae";11,00;4;2;9;8;4,70;4,90;6,98;6,87;0,17;5,49;3,43;158;9;5
"d6-48-22";"molincae";11,00;4;2;9;8;4,82;4,80;7,34;6,97;0,22;5,47;3,37;110;6;5
"d6-48-23";"molincae";10,00;3;1;11;12;4,92;5,06;6,48;6,85;0,18;5,64;3,40;241;20;5
"d6-48-31";"molincae";10,00;3;1;11;12;5,20;5,19;6,62;6,70;0,15;5,60;3,39;258;15;5
"d6-48-33";"molincae";8,00;3;1;13;14;5,24;5,27;5,74;6,81;0,17;5,63;3,42;212;21;5
"d6-48-44";"molincae";10,00;3;1;11;12;4,57;5,01;7,18;7,11;0,23;5,57;3,28;308;11;5
"d6-51-11";"molincae";9,00;4;2;4;4;5,53;5,41;5,35;6,28;0,09;5,59;3,37;136;11;5
"d6-51-12";"primuela";15,00;6;4;1;6;5,73;5,88;5,03;6,74;0,12;5,73;3,59;111;7;8
"d6-51-13";"molincae";9,00;4;2;4;4;5,20;5,78;6,10;7,12;0,23;5,66;3,61;137;17;5
"d6-51-21";"primuela";15,00;6;4;1;6;5,71;5,65;4,97;6,63;0,22;5,66;3,52;155;14;8
"d6-51-22";"primuela";15,00;6;4;1;6;5,83;5,76;5,19;6,75;0,25;5,66;3,48;131;11;8
"d6-51-23";"primuela";16,00;3;1;13;5;5,61;5,57;5,80;6,37;0,17;5,62;3,49;237;19;8
"d6-51-32";"molincae";8,00;3;1;13;14;5,32;5,31;5,47;6,25;0,18;5,54;3,37;198;16;5
"d6-51-42";"primuela";16,00;1;8;13;5;5,52;5,65;5,67;6,36;0,15;5,55;3,42;192;13;8
"d6-51-44";"primuela";15,00;5;3;8;6;5,74;5,63;5,73;6,20;0,13;5,57;3,29;157;14;8
"d6-52-14";"primuela";17,00;5;3;8;16;5,94;6,18;5,67;6,35;0,14;5,56;3,43;176;8;8
"d6-52-21";"primuela";15,00;6;4;1;6;5,78;5,89;5,26;6,63;0,22;5,70;3,39;172;14;8
"d6-52-24";"filipulm";6,00;2;6;3;3;6,33;6,42;6,35;6,78;0,22;5,63;3,54;191;7;4
"d6-52-33";"primuela";16,00;1;8;7;5;5,87;5,95;5,98;6,56;0,19;5,61;3,60;205;15;8
"d6-52-34";"primuela";17,00;5;3;10;16;6,45;6,04;6,09;5,83;0,06;5,48;3,52;100;9;8
"d6-52-41";"primuela";16,00;1;8;13;5;5,87;5,72;5,83;6,44;0,13;5,52;3,53;190;11;8
"d6-52-44";"primuela";17,00;5;3;10;16;5,64;5,75;5,76;6,49;0,19;5,38;3,33;99;3;8
"d6-53-11";"filipulm";6,00;5;6;6;3;5,89;6,32;6,35;6,83;0,26;5,64;3,56;177;5;4
"d6-53-12";"filipulm";6,00;5;3;10;3;5,93;6,04;6,08;6,53;0,22;5,55;3,49;164;7;4
"d6-53-21";"filipulm";5,00;6;4;6;7;5,78;5,96;5,66;6,90;0,24;5,66;3,48;176;12;4
"d6-53-31";"primuela";17,00;5;3;10;16;5,21;5,54;5,14;6,50;0,19;5,56;3,36;106;2;8
"d6-53-32";"loliumul";4,00;6;4;6;11;6,45;6,43;5,92;6,92;0,25;5,64;3,49;143;8;3
"d6-53-33";"primuela";16,00;1;8;7;5;5,76;5,91;5,74;6,43;0,17;5,63;3,50;223;14;8
"d6-53-34";"filipulm";6,00;5;3;10;3;6,13;6,27;6,24;6,56;0,15;5,59;3,50;150;7;4
"d6-53-42";"loliumul";4,00;6;4;6;11;5,98;6,19;5,53;7,00;0,27;5,67;3,41;130;9;3
"d6-53-43";"filipulm";6,00;1;8;3;3;5,92;6,10;6,34;6,58;0,16;5,50;3,49;205;6;4
"d6-53-44";"filipulm";5,00;2;4;6;7;5,96;6,09;5,65;6,69;0,22;5,64;3,50;187;10;4
"d6-54-11";"filipulm";7,00;2;6;3;9;5,84;6,15;6,30;6,81;0,20;5,75;3,48;280;22;4
"d6-54-12";"molincae";10,00;3;1;11;12;5,72;5,74;6,34;6,67;0,19;5,60;3,49;205;14;5
"d6-54-13";"primuela";17,00;5;3;10;16;6,05;5,89;6,01;6,38;0,21;5,66;3,36;115;8;8
"d6-54-14";"filipulm";6,00;2;6;3;3;5,94;6,27;6,20;6,67;0,20;5,56;3,56;191;8;4
"d6-54-21";"molincae";10,00;3;1;13;12;5,23;5,25;6,06;6,62;0,23;5,49;3,36;190;8;5
"d6-54-23";"filipulm";6,00;6;4;6;3;6,25;6,32;6,50;6,92;0,21;5,58;3,42;131;4;4
"d6-54-31";"primuela";15,00;5;4;1;6;6,09;5,85;5,63;6,51;0,16;5,64;3,57;151;6;8
"d6-54-32";"primuela";15,00;4;2;1;6;5,90;5,77;5,84;6,62;0,25;5,48;3,46;147;7;8
"d6-54-33";"primuela";15,00;4;4;1;6;5,83;5,91;5,56;6,66;0,16;5,52;3,61;151;4;8
"d6-54-34";"primuela";15,00;1;4;1;6;5,69;5,84;5,60;6,51;0,23;5,62;3,54;165;14;8
"d6-54-41";"filipulm";5,00;2;6;13;7;5,81;5,94;5,84;6,60;0,18;5,64;3,50;207;16;4
"d6-54-42";"filipulm";6,00;5;3;10;3;5,87;6,06;5,75;6,65;0,20;5,50;3,50;118;6;4
"d6-54-43";"primuela";15,00;5;3;10;6;5,61;5,79;5,37;6,49;0,24;5,56;3,44;118;3;8
"d6-54-44";"primuela";15,00;6;4;1;6;6,25;6,31;5,68;6,64;0,25;5,61;3,56;164;9;8
"d6-55-11";"primuela";17,00;5;3;8;16;5,51;5,40;5,98;6,10;0,14;5,47;3,41;140;6;8
"d6-55-13";"molincae";11,00;4;2;9;8;5,24;5,49;6,07;6,39;0,19;5,43;3,48;99;1;5
"d6-55-14";"primuela";17,00;5;3;10;16;5,97;5,80;6,05;6,08;0,15;5,43;3,56;108;5;8
"d6-55-21";"primuela";17,00;5;3;10;16;5,27;5,39;6,03;6,39;0,12;5,50;3,42;146;4;8
"d6-55-22";"molincae";8,00;6;5;13;14;5,62;5,96;5,52;7,11;0,16;5,75;3,60;165;21;5
"d6-55-23";"primuela";17,00;5;3;10;16;5,27;5,20;5,89;6,18;0,15;5,47;3,42;118;4;8
"d6-55-24";"primuela";16,00;1;8;8;5;5,91;5,87;5,98;6,35;0,18;5,53;3,42;176;7;8
"d6-55-31";"filipulm";6,00;5;3;10;3;6,13;6,26;6,12;6,56;0,24;5,53;3,39;165;8;4
"d6-55-32";"primuela";16,00;1;8;7;5;6,02;6,05;6,13;6,62;0,20;5,57;3,47;207;14;8
"d6-55-33";"primuela";16,00;1;8;7;5;5,97;6,06;5,85;6,32;0,19;5,58;3,50;233;18;8
"d6-55-41";"primuela";17,00;5;3;8;16;5,72;5,91;6,10;6,20;0,19;5,45;3,48;166;7;8
"d6-55-42";"filipulm";6,00;6;4;6;3;6,01;6,25;6,04;6,92;0,21;5,63;3,61;130;7;4
"d6-56-11";"molincae";8,00;3;1;13;14;5,37;5,72;5,82;6,86;0,24;5,64;3,55;202;16;5
"d6-56-13";"molincae";9,00;4;2;4;4;5,52;5,36;5,71;6,83;0,14;5,55;3,42;135;6;5
"d6-56-14";"molincae";10,00;3;1;11;12;5,72;5,88;6,27;6,79;0,18;5,59;3,61;208;14;5
"d6-56-23";"molincae";10,00;3;1;13;12;5,49;5,85;6,34;6,92;0,18;5,63;3,52;191;21;5
"d6-56-31";"primuela";16,00;1;8;7;5;5,91;5,92;5,85;6,60;0,20;5,60;3,51;200;8;8
"d6-56-34";"primuela";16,00;1;8;7;5;5,78;5,83;5,81;6,41;0,13;5,60;3,43;220;14;8
"d6-57-11";"molincae";9,00;4;2;4;4;5,60;5,84;5,57;7,07;0,18;5,72;3,63;135;14;5
"d6-57-12";"molincae";8,00;3;1;13;14;5,35;5,55;5,43;6,87;0,15;5,70;3,54;179;17;5
"d6-57-21";"molincae";11,00;4;2;9;8;5,46;5,50;6,22;6,55;0,15;5,59;3,46;151;14;5
"d6-57-22";"molincae";8,00;4;1;13;14;5,24;5,50;5,68;7,08;0,25;5,73;3,52;179;19;5
"d6-57-23";"filipulm";5,00;2;6;3;7;5,88;5,96;6,03;6,81;0,25;5,65;3,50;208;14;4
"d6-57-24";"molincae";11,00;4;2;9;8;5,27;5,22;6,66;6,89;0,25;5,52;3,58;129;10;5
"d6-57-32";"primuela";17,00;5;3;10;16;5,86;6,18;5,37;6,45;0,11;5,59;3,61;113;2;8
"d6-57-41";"primuela";15,00;1;8;6;6;5,98;5,89;5,88;6,52;0,21;5,62;3,56;173;12;8
"d6-57-42";"molincae";11,00;4;2;9;8;5,52;5,65;6,59;6,85;0,20;5,47;3,55;151;4;5
"d6-57-43";"primuela";17,00;5;3;8;16;5,70;5,66;5,90;6,21;0,22;5,48;3,50;163;7;8
"d6-57-44";"primuela";15,00;5;3;8;6;5,78;5,92;5,72;6,46;0,17;5,50;3,55;164;6;8
"d6-58-11";"molincae";10,00;3;1;11;12;4,98;5,33;6,12;6,99;0,20;5,63;3,36;291;27;5
"d6-58-12";"molincae";11,00;4;2;9;8;4,61;4,88;6,57;7,13;0,17;5,59;3,50;111;9;5
"d6-58-13";"molincae";11,00;4;2;9;8;5,34;5,36;7,15;6,92;0,24;5,48;3,39;137;5;5
"d6-58-21";"molincae";10,00;3;1;11;12;4,54;4,80;7,08;7,08;0,20;5,53;3,39;239;12;5
"d6-58-22";"molincae";10,00;3;1;11;12;5,00;5,18;6,76;6,95;0,22;5,58;3,43;209;14;5
"d6-58-31";"primuela";17,00;5;3;10;16;5,61;5,36;6,15;6,39;0,14;5,36;3,38;129;3;8
"d6-58-32";"molincae";11,00;4;2;9;8;5,13;5,11;6,24;6,55;0,17;5,36;3,50;108;3;5
"d6-58-33";"filipulm";5,00;6;4;6;7;5,84;5,86;5,53;6,88;0,22;5,69;3,48;155;24;4
"d6-58-34";"primuela";16,00;1;8;8;5;5,50;5,81;5,98;6,61;0,16;5,55;3,39;206;10;8
"d6-58-41";"molincae";11,00;4;2;9;8;5,47;5,49;7,29;6,94;0,18;5,53;3,55;110;6;5
"d6-58-42";"molincae";11,00;4;2;9;8;5,21;5,41;7,10;6,92;0,23;5,51;3,61;135;5;5
"d6-58-43";"molincae";10,00;3;1;11;12;5,27;5,50;6,65;6,88;0,21;5,56;3,46;254;19;5
"d6-58-44";"molincae";11,00;4;2;9;8;4,35;5,03;7,20;7,04;0,16;5,38;3,39;144;3;5
"d7-11-13";"molincae";9,00;4;2;4;4;5,22;5,06;5,49;6,94;0,18;5,66;3,54;160;16;5
"d7-11-24";"molincae";9,00;4;2;4;4;4,95;4,86;5,87;6,90;0,21;5,50;3,24;167;12;5
"d7-11-32";"molincae";9,00;4;2;4;4;5,09;4,97;5,46;6,76;0,22;5,62;3,45;138;17;5
"d7-11-42";"molincae";11,00;4;2;9;8;3,71;3,79;6,90;6,92;0,13;5,24;3,13;103;5;5
"d7-12-12";"molincae";9,00;4;2;4;4;4,98;4,57;5,02;6,95;0,28;5,58;3,40;109;7;5
"d7-12-13";"molincae";11,00;4;2;9;8;4,62;4,74;6,78;6,78;0,24;5,45;3,39;99;2;5
"d7-12-31";"molincae";10,00;3;1;11;12;4,84;4,93;6,27;6,93;0,20;5,56;3,44;272;16;5
"d7-12-33";"molincae";9,00;4;2;4;4;4,41;4,41;6,14;7,02;0,20;5,53;3,32;167;14;5
"d7-12-34";"molincae";9,00;4;2;4;4;4,69;4,47;5,62;6,85;0,21;5,59;3,37;99;11;5
"d7-13-31";"molincae";11,00;4;2;4;8;4,40;4,62;5,74;6,95;0,19;5,50;3,30;149;7;5
"d7-14-11";"molincae";9,00;4;2;4;4;4,52;4,69;4,89;6,78;0,26;5,56;3,30;125;8;5
"d7-14-22";"molincae";11,00;4;2;9;8;5,34;5,28;6,25;6,68;0,18;5,42;3,37;169;6;5
"d7-14-23";"molincae";10,00;3;1;11;12;5,14;5,32;6,02;6,68;0,15;5,58;3,40;285;21;5
"d7-14-24";"molincae";11,00;4;2;9;8;4,90;4,77;6,61;6,63;0,14;5,30;3,39;123;3;5
"d7-14-32";"molincae";11,00;4;2;9;8;5,18;5,04;6,62;6,62;0,16;5,42;3,35;131;4;5
"d7-14-33";"molincae";11,00;4;2;9;8;4,38;4,39;6,96;6,66;0,23;5,34;3,33;127;4;5
"d7-14-41";"molincae";9,00;4;2;4;4;4,91;4,91;5,70;6,83;0,16;5,50;3,37;165;8;5
"d7-15-11";"molincae";10,00;3;1;11;12;5,26;5,36;5,99;6,81;0,20;5,57;3,46;219;13;5
"d7-15-12";"molincae";10,00;3;1;11;12;5,42;5,62;6,25;6,66;0,22;5,59;3,39;219;13;5
"d7-15-14";"molincae";11,00;3;1;9;8;5,11;5,73;6,18;6,70;0,15;5,56;3,49;205;6;5
"d7-15-21";"molincae";11,00;5;3;9;8;5,35;5,86;6,19;6,48;0,15;5,41;3,43;138;9;5
"d7-15-22";"molincae";11,00;4;2;9;8;5,21;5,30;6,33;6,54;0,18;5,49;3,48;149;6;5
"d7-15-24";"molincae";10,00;3;1;11;12;5,33;5,72;6,46;6,89;0,17;5,63;3,60;252;16;5
"d7-15-31";"molincae";11,00;4;2;9;8;5,00;5,06;5,88;7,15;0,32;5,61;3,50;90;13;5
"d7-15-32";"molincae";11,00;4;2;9;8;5,87;6,01;5,95;6,51;0,13;5,61;3,66;153;12;5
"d7-15-34";"molincae";11,00;4;2;9;8;5,28;5,60;6,03;6,81;0,20;5,60;3,65;116;11;5
"d7-16-11";"molincae";10,00;3;1;11;12;5,21;5,37;6,33;6,73;0,22;5,60;3,53;184;8;5
"d7-16-12";"molincae";9,00;4;2;4;4;5,81;5,92;5,72;6,88;0,19;5,60;3,58;131;6;5
"d7-16-13";"molincae";9,00;4;2;4;4;5,37;5,51;5,41;6,75;0,11;5,70;3,69;140;8;5
"d7-16-14";"primuela";15,00;6;4;1;6;5,95;6,26;5,22;6,82;0,20;5,68;3,56;155;8;8
"d7-16-22";"euphoesu";18,00;2;6;6;10;5,77;6,66;5,81;7,06;0,24;5,74;3,74;203;11;9
"d7-16-23";"primuela";15,00;5;3;10;6;5,99;6,53;5,36;6,47;0,06;5,60;3,70;127;2;8
"d7-16-24";"euphoesu";18,00;6;4;1;10;5,64;6,51;5,08;6,90;0,17;5,72;3,70;183;7;9
"d7-16-32";"euphoesu";18,00;6;4;1;10;6,01;6,40;5,44;6,82;0,19;5,65;3,63;154;6;9
"d7-16-41";"euphoesu";18,00;2;5;2;10;5,88;6,65;5,62;6,85;0,17;5,77;3,75;222;18;9
"d7-16-42";"euphoesu";18,00;2;5;2;10;5,71;6,56;5,61;7,00;0,20;5,83;3,77;302;34;9
"d7-16-43";"euphoesu";18,00;6;7;5;10;5,92;6,80;5,44;7,14;0,16;5,73;3,71;120;8;9
"d7-17-11";"euphoesu";18,00;2;5;2;10;5,92;6,70;5,59;7,04;0,21;5,86;3,68;220;26;9
"d7-17-13";"euphoesu";18,00;6;7;5;10;5,79;6,76;5,46;7,06;0,22;5,81;3,77;191;12;9
"d7-17-31";"euphoesu";18,00;2;5;2;10;6,17;6,73;5,86;7,04;0,22;5,84;3,84;232;29;9
"d7-21-13";"molincae";9,00;4;2;4;4;4,27;4,70;6,00;7,23;0,17;5,63;3,20;167;13;5
"d7-21-31";"molincae";9,00;4;2;4;4;5,22;5,03;5,49;6,91;0,19;5,65;3,46;106;11;5
"d7-21-44";"molincae";9,00;4;2;4;4;5,63;5,37;5,49;6,83;0,22;5,60;3,50;103;8;5
"d7-22-21";"molincae";9,00;4;2;4;4;4,36;4,95;5,05;6,86;0,15;5,58;3,47;140;8;5
"d7-22-22";"molincae";9,00;4;2;4;4;5,31;4,71;5,00;6,58;0,20;5,62;3,33;112;6;5
"d7-22-32";"astertri";14,00;4;2;5;15;5,00;6,00;5,01;7,50;0,45;5,73;3,88;105;12;7
"d7-22-33";"astertri";14,00;6;7;5;15;5,35;6,32;5,00;7,17;0,19;5,88;4,05;85;15;7
"d7-22-34";"molincae";9,00;4;2;4;4;4,42;5,58;5,01;7,34;0,43;5,80;3,88;104;12;5
"d7-22-41";"molincae";9,00;4;2;4;4;4,90;4,86;4,93;6,69;0,15;5,62;3,62;103;10;5
"d7-23-12";"molincae";9,00;4;2;4;4;5,50;5,34;5,57;6,75;0,15;5,50;3,49;144;10;5
"d7-23-13";"molincae";9,00;4;2;4;4;5,54;5,10;5,05;6,79;0,19;5,61;3,51;110;6;5
"d7-23-23";"molincae";10,00;3;1;11;12;4,90;5,23;6,63;6,76;0,20;5,51;3,42;255;16;5
"d7-23-33";"molincae";8,00;4;2;4;14;5,02;5,13;5,80;6,92;0,24;5,64;3,47;188;17;5
"d7-23-34";"molincae";11,00;4;2;9;8;4,61;4,45;6,33;6,71;0,18;5,36;3,33;151;3;5
"d7-23-41";"molincae";11,00;4;2;9;8;4,96;4,98;6,68;6,42;0,17;5,28;3,47;168;6;5
"d7-23-43";"molincae";11,00;4;2;9;8;5,07;4,80;5,97;6,51;0,20;5,31;3,22;102;3;5
"d7-24-11";"molincae";9,00;4;4;4;4;5,54;5,49;5,25;6,75;0,24;5,72;3,45;160;17;5
"d7-24-24";"molincae";9,00;4;2;4;4;5,87;5,52;5,42;6,70;0,22;5,69;3,47;113;14;5
"d7-24-33";"molincae";9,00;4;2;4;4;5,19;5,18;6,23;6,83;0,26;5,58;3,45;98;8;5
"d7-25-12";"astertri";14,00;6;4;5;15;5,73;5,96;5,64;7,17;0,31;5,82;3,71;130;22;7
"d7-25-21";"molincae";9,00;4;2;4;4;5,74;5,53;5,25;6,63;0,23;5,62;3,42;111;14;5
"d7-25-33";"molincae";9,00;4;2;4;4;4,81;4,75;5,06;6,92;0,24;5,50;3,45;94;8;5
"d7-25-43";"filipulm";7,00;2;6;3;9;5,52;5,94;5,82;6,81;0,21;5,77;3,61;290;39;4
"d7-26-11";"primuela";17,00;5;3;10;16;5,76;6,44;5,56;6,32;0,12;5,63;3,48;101;2;8
"d7-26-12";"euphoesu";18,00;6;7;5;10;5,98;6,84;5,93;7,10;0,23;5,76;3,78;167;18;9
"d7-26-13";"euphoesu";18,00;2;6;3;10;5,83;6,56;6,28;6,85;0,25;5,65;3,60;203;4;9
"d7-26-31";"filipulm";6,00;6;7;5;3;5,54;6,61;5,83;7,15;0,26;5,74;3,69;109;2;4
"d7-26-34";"euphoesu";18,00;2;5;2;10;5,66;6,61;5,55;7,02;0,17;5,79;3,70;278;28;9
"d7-26-41";"euphoesu";18,00;6;5;5;10;5,74;6,80;5,30;7,19;0,19;5,85;3,66;169;22;9
"d7-26-43";"euphoesu";18,00;2;5;2;10;5,96;6,72;5,88;7,00;0,20;5,82;3,79;290;52;9
"d7-31-14";"molincae";8,00;4;2;4;14;4,82;5,10;5,42;7,00;0,23;5,65;3,47;179;13;5
"d7-31-23";"molincae";9,00;4;2;4;4;4,69;4,88;4,97;7,02;0,18;5,57;3,37;133;10;5
"d7-31-24";"molincae";9,00;4;2;4;4;5,00;4,89;4,98;7,00;0,21;5,63;3,46;125;19;5
"d7-31-32";"buddldav";12,00;3;5;2;2;5,20;5,65;5,21;6,89;0,19;5,70;3,55;259;34;6
"d7-31-33";"molincae";8,00;4;2;4;14;4,87;4,80;5,37;6,96;0,18;5,64;3,37;169;14;5
"d7-31-34";"astertri";14,00;4;5;5;15;5,07;6,10;5,10;7,02;0,24;5,77;3,73;197;26;7
"d7-31-42";"molincae";9,00;4;2;4;4;4,93;4,84;4,86;6,91;0,17;5,64;3,34;120;13;5
"d7-31-43";"astertri";14,00;4;5;5;15;5,04;5,90;5,18;6,92;0,26;5,70;3,67;200;24;7
"d7-31-44";"molincae";8,00;3;1;13;14;5,19;5,26;6,11;6,66;0,19;5,60;3,42;194;14;5
"d7-32-12";"molincae";9,00;4;2;4;4;4,86;5,04;4,78;6,99;0,11;5,75;3,58;146;13;5
"d7-32-14";"molincae";9,00;4;2;5;4;4,30;5,61;4,45;7,21;0,16;5,81;3,76;111;15;5
"d7-32-21";"astertri";14,00;4;2;5;15;5,29;6,13;4,98;7,24;0,34;5,80;3,74;133;13;7
"d7-32-23";"astertri";14,00;4;2;5;15;4,84;5,80;5,15;7,19;0,28;5,74;3,74;155;18;7
"d7-32-32";"molincae";11,00;5;3;9;8;5,51;5,49;6,77;6,55;0,17;5,51;3,50;130;7;5
"d7-32-33";"molincae";8,00;3;1;13;14;5,07;5,10;5,96;6,83;0,20;5,60;3,41;187;12;5
"d7-32-41";"astertri";14,00;4;5;5;15;5,43;6,08;5,55;6,98;0,25;5,66;3,59;172;15;7
"d7-33-13";"molincae";10,00;3;1;11;12;5,40;5,27;6,25;6,82;0,21;5,56;3,57;199;14;5
"d7-33-21";"molincae";9,00;5;3;4;4;5,36;5,60;4,98;6,64;0,12;5,70;3,48;125;19;5
"d7-33-42";"molincae";9,00;4;2;4;4;5,72;5,13;5,64;6,94;0,24;5,72;3,68;107;13;5
"d7-33-44";"molincae";9,00;4;2;4;4;4,64;4,69;4,85;6,92;0,12;5,65;3,42;131;7;5
"d7-34-12";"molincae";11,00;4;2;4;8;5,03;5,14;6,33;7,02;0,23;5,60;3,63;144;12;5
"d7-34-24";"molincae";9,00;4;2;4;4;4,41;5,11;5,33;7,16;0,19;5,76;3,43;109;15;5
"d7-35-13";"astertri";14,00;4;2;5;15;4,61;5,61;5,40;7,21;0,28;5,78;3,65;205;24;7
"d7-35-23";"filipulm";7,00;2;6;3;9;5,67;6,15;5,87;6,80;0,21;5,70;3,54;257;29;4
"d7-35-44";"euphoesu";18,00;2;5;2;10;5,75;6,49;5,82;7,00;0,20;5,67;3,69;215;15;9
"d7-36-11";"euphoesu";18,00;1;8;7;10;5,65;6,55;5,28;6,67;0,13;5,72;3,58;247;23;9
"d7-36-14";"euphoesu";18,00;5;3;10;10;5,54;6,35;5,75;6,76;0,17;5,71;3,51;173;9;9
"d7-36-21";"euphoesu";18,00;6;4;1;10;6,41;6,81;5,50;7,01;0,22;5,83;3,76;152;22;9
"d7-36-31";"primuela";16,00;1;8;7;5;5,84;6,28;5,47;6,34;0,13;5,60;3,41;220;16;8
"d7-36-32";"euphoesu";18,00;2;5;2;10;5,89;6,65;5,60;6,69;0,16;5,74;3,64;237;28;9
"d7-36-33";"euphoesu";18,00;6;5;1;10;6,02;6,71;5,82;6,84;0,18;5,68;3,60;203;13;9
"d7-41-11";"molincae";9,00;4;2;4;4;4,87;4,96;4,73;7,09;0,17;5,67;3,56;95;8;5
"d7-41-12";"molincae";9,00;4;2;5;4;4,92;5,79;4,68;7,22;0,18;5,89;3,79;118;17;5
"d7-41-21";"molincae";8,00;4;2;13;14;5,37;5,44;5,89;7,08;0,27;5,65;3,50;171;12;5
"d7-41-22";"molincae";8,00;3;1;13;14;5,44;5,68;5,55;6,96;0,20;5,67;3,76;179;17;5
"d7-41-23";"molincae";8,00;3;1;13;14;5,14;5,31;5,93;6,74;0,23;5,63;3,52;199;18;5
"d7-41-31";"molincae";11,00;3;1;9;8;4,55;4,64;6,86;7,10;0,22;5,52;3,30;217;8;5
"d7-41-32";"molincae";8,00;4;2;4;14;4,80;4,78;5,89;6,88;0,16;5,56;3,35;178;12;5
"d7-41-33";"molincae";10,00;3;1;11;12;4,52;4,78;7,25;7,08;0,19;5,54;3,32;277;9;5
"d7-41-34";"molincae";11,00;4;2;9;8;5,02;5,08;6,13;7,00;0,20;5,54;3,38;160;7;5
"d7-41-41";"molincae";9,00;4;2;4;4;4,64;4,73;4,76;6,93;0,18;5,77;3,51;99;10;5
"d7-41-43";"molincae";8,00;3;1;11;14;5,01;5,30;5,78;7,04;0,20;5,61;3,47;202;12;5
"d7-42-13";"molincae";10,00;3;1;11;12;5,11;5,43;6,00;6,60;0,17;5,52;3,47;246;16;5
"d7-42-14";"molincae";11,00;4;2;9;8;5,12;5,05;6,40;6,64;0,17;5,47;3,33;171;9;5
"d7-42-22";"molincae";9,00;4;2;4;4;5,19;5,28;5,58;7,03;0,22;5,65;3,56;161;16;5
"d7-42-23";"molincae";9,00;4;2;4;4;5,56;5,17;4,89;6,68;0,18;5,65;3,50;128;11;5
"d7-42-24";"molincae";8,00;3;1;13;14;5,13;5,32;5,66;6,95;0,16;5,65;3,43;226;21;5
"d7-42-32";"molincae";9,00;4;2;4;4;5,06;4,72;5,37;6,77;0,20;5,59;3,39;149;10;5
"d7-42-33";"molincae";9,00;4;2;4;4;5,25;5,03;5,11;6,83;0,15;5,63;3,54;147;8;5
"d7-42-34";"molincae";9,00;4;2;4;4;5,14;4,94;4,93;6,93;0,20;5,65;3,39;126;9;5
"d7-42-44";"molincae";9,00;4;2;4;4;5,20;5,17;5,47;6,93;0,17;5,61;3,36;166;13;5
"d7-43-13";"molincae";9,00;4;2;4;4;4,94;5,08;5,45;7,00;0,29;5,56;3,38;108;7;5
"d7-43-22";"molincae";11,00;4;2;4;8;3,84;4,01;6,06;7,04;0,24;5,42;3,24;109;5;5
"d7-43-42";"molincae";9,00;4;2;4;4;5,32;5,37;5,14;6,70;0,15;5,53;3,62;103;5;5
"d7-44-22";"molincae";11,00;4;2;9;8;4,01;3,95;6,66;7,09;0,18;5,32;3,31;107;5;5
"d7-44-32";"molincae";11,00;4;2;4;8;4,00;4,23;6,00;7,12;0,15;5,52;3,25;144;8;5
"d7-44-41";"molincae";11,00;4;2;4;8;4,70;4,66;5,96;6,88;0,21;5,50;3,27;171;8;5
"d7-45-11";"molincae";9,00;4;2;4;4;5,22;5,02;5,03;6,96;0,19;5,66;3,43;105;7;5
"d7-45-12";"primuela";17,00;5;3;10;16;5,67;5,81;5,47;6,63;0,15;5,60;3,38;130;3;8
"d7-45-21";"euphoesu";18,00;2;6;2;10;5,60;6,22;5,60;6,80;0,18;5,73;3,62;313;31;9
"d7-45-22";"euphoesu";18,00;2;5;2;10;5,86;6,53;5,72;6,88;0,17;5,74;3,65;239;27;9
"d7-45-23";"euphoesu";18,00;2;6;3;10;5,75;6,50;5,81;6,87;0,16;5,74;3,66;329;32;9
"d7-45-24";"euphoesu";18,00;6;4;5;10;5,85;6,82;5,55;6,97;0,14;5,75;3,77;123;8;9
"d7-45-33";"primuela";17,00;5;3;10;16;5,70;6,05;5,68;6,69;0,20;5,57;3,38;122;1;8
"d7-45-42";"euphoesu";18,00;5;3;10;10;6,11;6,51;5,70;6,61;0,19;5,64;3,47;151;11;9
"d7-46-11";"primuela";17,00;5;3;10;16;5,81;6,51;5,34;6,68;0,17;5,63;3,63;108;1;8
"d7-46-13";"primuela";17,00;5;3;10;16;6,21;6,67;5,30;6,51;0,14;5,63;3,48;102;11;8
"d7-46-14";"primuela";15,00;5;3;1;6;6,11;6,60;5,59;6,52;0,20;5,70;3,56;174;13;8
"d7-46-32";"euphoesu";18,00;2;5;2;10;6,33;6,88;5,73;7,13;0,20;5,83;3,80;186;36;9
"d7-46-33";"euphoesu";18,00;6;4;1;10;5,97;6,91;5,53;6,84;0,17;5,79;3,59;137;7;9
"d7-46-34";"primuela";17,00;5;3;10;16;6,37;6,61;6,08;5,57;0,15;5,61;3,47;112;7;8
"d7-51-11";"molincae";9,00;4;2;4;4;4,89;4,92;5,67;6,94;0,14;5,60;3,41;151;12;5
"d7-51-12";"molincae";10,00;3;1;11;12;5,00;5,11;6,15;7,00;0,20;5,55;3,40;183;15;5
"d7-51-14";"molincae";9,00;4;2;4;4;4,82;4,73;5,93;7,02;0,19;5,51;3,38;152;9;5
"d7-51-21";"molincae";10,00;3;1;11;12;4,85;5,11;5,79;6,98;0,19;5,59;3,40;231;17;5
"d7-51-22";"molincae";8,00;4;2;13;14;4,94;5,10;5,51;6,90;0,16;5,58;3,34;178;19;5
"d7-51-24";"molincae";11,00;4;2;9;8;4,52;4,96;6,55;7,19;0,20;5,55;3,31;158;8;5
"d7-51-31";"molincae";11,00;4;2;9;8;5,24;5,11;6,31;6,69;0,19;5,47;3,41;151;6;5
"d7-51-32";"molincae";11,00;4;2;9;8;4,93;4,77;6,24;6,81;0,24;5,42;3,31;159;8;5
"d7-51-41";"molincae";10,00;3;1;11;12;4,82;4,71;6,07;6,91;0,15;5,48;3,35;184;14;5
"d7-51-42";"molincae";8,00;3;1;11;14;4,61;4,86;5,86;6,98;0,18;5,58;3,33;199;12;5
"d7-51-43";"molincae";11,00;4;2;9;8;4,64;4,72;6,25;6,77;0,16;5,41;3,24;176;9;5
"d7-51-44";"molincae";10,00;3;1;11;12;4,87;5,00;5,96;6,93;0,14;5,58;3,40;236;16;5
"d7-52-11";"molincae";9,00;4;2;4;4;5,00;4,69;5,20;6,87;0,15;5,56;3,40;119;8;5
"d7-52-13";"molincae";9,00;4;2;4;4;4,80;4,88;4,98;7,05;0,21;5,64;3,26;111;9;5
"d7-52-14";"molincae";9,00;4;2;4;4;5,15;4,99;5,11;6,87;0,16;5,60;3,38;158;11;5
"d7-52-21";"molincae";9,00;4;2;4;4;5,16;4,98;5,45;6,90;0,24;5,45;3,35;109;4;5
"d7-52-23";"molincae";9,00;4;2;4;4;4,91;4,95;5,83;6,85;0,18;5,56;3,52;177;9;5
"d7-52-31";"molincae";8,00;4;2;4;14;4,91;5,00;5,85;7,04;0,20;5,60;3,37;181;8;5
"d7-52-32";"molincae";10,00;3;1;11;12;4,59;4,76;6,17;7,09;0,18;5,54;3,33;233;10;5
"d7-52-33";"molincae";10,00;3;1;11;12;4,81;5,02;6,53;7,05;0,21;5,54;3,31;202;7;5
"d7-52-34";"molincae";10,00;3;1;11;12;4,94;5,37;6,16;7,09;0,18;5,63;3,42;298;21;5
"d7-52-41";"molincae";10,00;3;1;11;12;4,77;4,82;6,05;6,90;0,17;5,49;3,28;222;11;5
"d7-52-42";"molincae";11,00;4;2;9;8;4,66;4,71;6,52;6,71;0,16;5,48;3,19;195;4;5
"d7-52-43";"molincae";10,00;3;1;11;12;4,82;5,11;6,50;6,94;0,21;5,57;3,24;277;22;5
"d7-52-44";"molincae";11,00;4;2;9;8;4,82;4,88;6,16;6,88;0,18;5,46;3,41;125;5;5
"d7-53-11";"euphoesu";18,00;4;2;5;10;6,19;6,50;5,76;7,13;0,14;5,84;3,71;113;18;9
"d7-53-13";"molincae";9,00;4;4;4;4;5,70;5,68;5,34;6,80;0,19;5,58;3,40;151;13;5
"d7-53-33";"molincae";11,00;4;2;9;8;4,90;4,89;6,28;6,63;0,17;5,43;3,21;120;5;5
"d7-53-44";"molincae";9,00;4;2;4;4;4,95;4,98;4,90;6,46;0,13;5,55;3,33;97;4;5
"d7-54-14";"molincae";11,00;4;2;9;8;3,82;3,88;7,35;6,97;0,18;5,25;3,08;108;6;5
"d7-54-21";"molincae";8,00;4;2;4;14;5,30;5,48;6,34;6,96;0,19;5,60;3,37;170;13;5
"d7-54-23";"molincae";11,00;4;2;9;8;4,29;4,40;6,74;6,93;0,22;5,35;3,33;168;11;5
"d7-54-31";"molincae";11,00;4;2;9;8;4,37;4,75;7,03;6,87;0,15;5,34;3,30;192;4;5
"d7-54-41";"molincae";11,00;4;2;9;8;4,64;4,52;6,93;7,03;0,25;5,54;3,42;103;5;5
"d7-55-11";"molincae";11,00;4;2;9;8;5,66;5,50;5,92;6,58;0,13;5,48;3,30;130;5;5
"d7-55-21";"filipulm";6,00;5;3;10;3;5,79;6,40;5,57;6,78;0,14;5,67;3,43;118;7;4
"d7-55-22";"primuela";17,00;5;3;10;16;6,50;6,78;5,57;6,40;0,16;5,51;3,43;98;2;8
"d7-55-24";"euphoesu";18,00;2;5;2;10;5,89;6,67;5,43;6,90;0,15;5,78;3,68;219;19;9
"d7-55-34";"euphoesu";18,00;2;5;2;10;5,96;6,66;5,74;7,03;0,25;5,74;3,65;257;24;9
"d7-55-41";"euphoesu";18,00;5;3;10;10;5,50;6,70;5,78;6,90;0,19;5,71;3,72;159;8;9
"d7-55-43";"euphoesu";18,00;6;5;2;10;5,95;6,66;5,92;7,05;0,23;5,82;3,82;196;20;9
"d7-55-44";"euphoesu";18,00;6;4;1;10;6,54;6,88;5,41;7,02;0,22;5,80;3,72;112;24;9
"d7-56-11";"euphoesu";18,00;2;6;3;10;5,84;6,66;5,78;6,77;0,14;5,71;3,60;255;15;9
"e0-17-13";"loliumul";4,00;6;7;12;11;6,45;6,62;5,76;7,09;0,23;5,68;3,68;102;7;3
"e0-17-21";"loliumul";4,00;6;7;12;11;6,33;6,63;5,79;7,00;0,29;5,65;3,57;116;7;3
"e0-17-33";"loliumul";4,00;6;7;12;11;6,45;6,74;5,75;6,96;0,28;5,70;3,66;143;15;3
"e0-18-22";"loliumul";4,00;6;4;12;11;6,25;6,56;5,63;6,82;0,26;5,69;3,67;113;10;3
"e0-18-23";"primuela";16,00;1;8;7;5;6,02;6,19;5,87;6,35;0,17;5,62;3,50;199;18;8
"e0-26-24";"loliumul";4,00;6;4;12;11;6,43;6,69;5,65;6,82;0,26;5,71;3,58;120;10;3
"e0-27-11";"loliumul";4,00;6;4;1;11;6,20;6,44;5,58;6,77;0,26;5,69;3,47;152;15;3
"e0-27-13";"loliumul";4,00;6;7;12;11;6,36;6,70;5,75;6,92;0,28;5,77;3,61;131;10;3
"e0-27-24";"loliumul";4,00;6;4;12;11;6,29;6,60;5,63;6,78;0,14;5,57;3,68;96;4;3
"e0-27-44";"loliumul";4,00;6;4;1;11;6,24;6,40;5,82;6,45;0,23;5,73;3,53;166;8;3
"e0-28-13";"loliumul";4,00;6;4;1;11;6,42;6,49;5,47;6,52;0,17;5,58;3,51;107;6;3
"e0-28-31";"loliumul";4,00;6;4;1;11;6,29;6,54;5,62;6,36;0,17;5,64;3,57;143;10;3
"e0-28-32";"loliumul";4,00;6;4;12;11;6,23;6,28;5,78;6,73;0,24;5,67;3,54;144;10;3
"e0-28-33";"primuela";16,00;1;8;8;5;6,07;6,11;5,69;6,30;0,23;5,61;3,41;185;16;8
"e0-28-41";"loliumul";4,00;6;4;12;11;6,43;6,58;6,05;6,89;0,30;5,68;3,58;141;9;3
"e0-37-22";"loliumul";4,00;6;4;12;11;6,23;6,49;5,50;6,82;0,24;5,71;3,51;125;10;3
"e0-37-24";"loliumul";4,00;6;4;12;11;6,30;6,73;5,76;6,94;0,27;5,79;3,63;157;12;3
"e0-38-11";"loliumul";4,00;6;4;12;11;6,31;6,79;5,53;6,86;0,29;5,77;3,62;127;9;3
"e0-38-13";"loliumul";4,00;6;4;12;11;6,08;6,68;5,36;6,90;0,28;5,78;3,65;127;10;3
"e1-11-11";"loliumul";4,00;5;4;1;11;6,15;6,20;5,74;6,46;0,20;5,66;3,68;130;12;3
"e1-11-12";"loliumul";4,00;6;4;12;11;6,32;6,53;5,93;6,87;0,31;5,71;3,65;132;11;3
"e1-11-42";"loliumul";4,00;6;7;12;11;6,30;6,67;6,02;7,12;0,23;5,71;3,52;126;13;3
"e1-11-44";"loliumul";4,00;6;7;12;11;6,26;6,67;5,74;7,14;0,33;5,79;3,61;114;11;3
"e1-12-14";"loliumul";4,00;6;4;12;11;6,38;6,58;5,93;6,94;0,30;5,65;3,59;136;11;3
"e1-12-22";"loliumul";4,00;6;4;12;11;6,38;6,53;5,64;6,95;0,35;5,80;3,56;123;12;3
"e1-12-33";"primuela";17,00;5;3;10;16;6,25;6,13;5,71;6,19;0,16;5,47;3,47;110;8;8
"e1-12-34";"loliumul";4,00;6;7;12;11;6,43;6,81;5,91;6,87;0,21;5,62;3,48;115;8;3
"e1-12-41";"loliumul";4,00;6;4;1;11;6,50;6,57;5,38;6,59;0,15;5,67;3,43;113;17;3
"e1-13-14";"buddldav";13,00;6;4;1;17;6,01;6,60;5,12;6,75;0,18;5,70;3,56;106;3;6
"e1-13-22";"loliumul";4,00;6;4;12;11;6,20;6,55;5,22;6,85;0,19;5,72;3,46;127;6;3
"e1-13-31";"loliumul";4,00;6;4;12;11;6,28;6,56;5,88;6,72;0,24;5,68;3,59;158;10;3
"e1-13-32";"loliumul";4,00;6;4;12;11;6,18;6,67;5,41;6,78;0,21;5,60;3,47;112;7;3
"e1-13-43";"loliumul";4,00;6;4;12;11;6,11;6,55;5,47;6,92;0,24;5,73;3,56;136;9;3
"e1-13-44";"loliumul";4,00;6;4;12;11;6,39;6,77;5,54;7,03;0,29;5,69;3,64;112;9;3
"e1-14-24";"loliumul";4,00;6;4;12;11;6,18;6,44;5,53;6,97;0,24;5,81;3,51;127;9;3
"e1-14-33";"loliumul";4,00;6;4;12;11;6,66;6,75;5,78;6,94;0,29;5,67;3,66;105;8;3
"e1-14-34";"loliumul";4,00;6;7;12;11;6,06;6,43;5,62;7,11;0,33;5,75;3,60;117;6;3
"e1-14-42";"loliumul";4,00;6;4;12;11;6,32;6,69;5,69;6,98;0,31;5,70;3,55;120;7;3
"e1-15-33";"loliumul";4,00;6;4;12;11;6,54;6,67;5,93;6,87;0,29;5,72;3,67;128;7;3
"e1-15-42";"loliumul";4,00;6;4;1;11;6,41;6,21;5,63;6,82;0,19;5,63;3,57;106;13;3
"e1-15-43";"filipulm";5,00;2;6;3;7;6,15;6,35;5,80;6,70;0,22;5,75;3,44;186;19;4
"e1-15-44";"filipulm";5,00;2;6;3;7;6,15;6,33;6,00;6,77;0,24;5,78;3,58;201;22;4
"e1-16-11";"loliumul";4,00;6;4;12;11;6,35;6,22;5,55;6,90;0,19;5,82;3,61;120;13;3
"e1-16-13";"loliumul";4,00;6;4;12;11;6,08;6,07;5,71;6,89;0,21;5,74;3,57;132;11;3
"e1-16-23";"loliumul";4,00;6;4;12;11;6,15;6,47;5,50;6,94;0,26;5,80;3,68;138;11;3
"e1-16-31";"loliumul";4,00;6;4;1;11;6,10;6,38;5,41;6,81;0,27;5,73;3,66;133;14;3
"e1-17-12";"filipulm";6,00;5;3;10;3;6,00;5,75;6,18;6,24;0,13;5,54;3,51;135;5;4
"e1-17-13";"loliumul";4,00;6;4;1;11;6,08;6,24;5,07;6,99;0,30;5,85;3,64;105;17;3
"e1-17-21";"loliumul";4,00;6;4;1;11;6,09;5,91;5,63;6,59;0,20;5,66;3,56;141;15;3
"e1-17-24";"loliumul";4,00;6;4;12;11;6,43;6,34;5,67;6,84;0,27;5,73;3,54;121;10;3
"e1-17-43";"loliumul";4,00;6;4;12;11;6,40;6,37;5,75;6,83;0,27;5,66;3,58;129;11;3
"e1-18-14";"loliumul";4,00;6;4;12;11;6,28;6,43;5,76;7,02;0,34;5,76;3,53;125;14;3
"e1-18-24";"loliumul";4,00;6;4;12;11;6,44;6,61;5,92;7,04;0,31;5,82;3,74;124;11;3
"e1-18-33";"loliumul";4,00;6;4;12;11;6,37;6,48;5,73;6,93;0,31;5,72;3,58;145;16;3
"e1-18-44";"loliumul";4,00;6;4;12;11;6,19;6,32;5,79;6,85;0,25;5,73;3,65;135;12;3
"e1-21-13";"buddldav";13,00;2;5;2;17;6,20;6,60;5,65;6,81;0,18;5,77;3,52;178;37;6
"e1-21-14";"coronsqu";3,00;6;7;12;13;5,85;6,65;5,55;7,15;0,28;5,83;3,62;152;12;2
"e1-21-24";"loliumul";4,00;6;4;12;11;6,14;6,79;5,40;6,94;0,33;5,83;3,63;126;13;3
"e1-21-31";"loliumul";4,00;6;7;12;11;6,10;6,54;5,64;7,03;0,25;5,75;3,54;130;9;3
"e1-22-11";"primuela";17,00;5;3;10;16;6,15;6,13;5,84;6,23;0,13;5,47;3,53;140;9;8
"e1-22-23";"filipulm";5,00;2;4;1;7;6,19;6,35;5,60;6,70;0,22;5,77;3,52;177;24;4
"e1-22-34";"loliumul";4,00;6;4;12;11;6,38;6,59;5,86;6,93;0,27;5,66;3,60;136;12;3
"e1-22-44";"loliumul";4,00;6;4;12;11;6,48;6,55;5,78;6,94;0,30;5,74;3,58;118;12;3
"e1-23-11";"loliumul";4,00;6;4;12;11;6,17;6,66;5,38;6,81;0,21;5,69;3,63;115;8;3
"e1-23-13";"loliumul";4,00;6;4;12;11;6,32;6,81;5,33;6,84;0,23;5,74;3,55;127;8;3
"e1-23-14";"loliumul";4,00;6;4;12;11;6,09;6,62;5,51;6,81;0,24;5,81;3,51;158;22;3
"e1-23-21";"loliumul";4,00;6;4;12;11;6,18;6,61;5,22;6,89;0,27;5,70;3,52;117;10;3
"e1-23-23";"loliumul";4,00;6;4;12;11;6,10;6,65;5,47;6,94;0,21;5,74;3,57;137;16;3
"e1-23-24";"buddldav";12,00;2;5;2;2;6,11;6,59;5,66;6,92;0,19;5,84;3,63;220;39;6
"e1-23-31";"loliumul";4,00;6;4;12;11;6,49;6,75;5,73;7,03;0,26;5,65;3,67;107;7;3
"e1-23-41";"buddldav";13,00;6;4;12;17;6,21;6,70;5,64;6,85;0,23;5,81;3,58;162;18;6
"e1-23-42";"buddldav";13,00;2;5;2;17;5,92;6,63;5,62;6,89;0,22;5,80;3,53;185;34;6
"e1-23-44";"buddldav";13,00;6;4;5;17;5,98;6,58;5,03;7,07;0,18;5,83;3,64;138;20;6
"e1-24-13";"buddldav";13,00;6;4;1;17;6,15;6,54;5,31;6,70;0,20;5,75;3,55;123;18;6
"e1-24-24";"loliumul";4,00;6;4;12;11;6,08;6,31;5,72;6,85;0,29;5,67;3,57;144;8;3
"e1-24-31";"buddldav";13,00;6;4;1;17;6,06;6,71;5,37;6,87;0,20;5,75;3,65;164;22;6
"e1-24-32";"primuela";15,00;6;4;1;6;6,15;6,47;5,33;6,71;0,25;5,67;3,51;134;9;8
"e1-24-33";"coronsqu";3,00;6;7;12;13;6,23;6,69;6,23;6,98;0,25;5,68;3,67;165;6;2
"e1-25-12";"loliumul";4,00;6;4;12;11;6,14;6,58;5,46;6,84;0,22;5,76;3,59;137;13;3
"e1-25-31";"loliumul";4,00;6;4;1;11;6,52;6,26;6,05;6,50;0,19;5,63;3,54;103;14;3
"e1-25-32";"primuela";17,00;5;3;10;16;5,92;5,75;5,59;6,42;0,20;5,51;3,36;118;12;8
"e1-25-42";"molincae";10,00;3;1;8;12;5,65;5,53;6,23;6,36;0,13;5,48;3,38;200;10;5
"e1-25-44";"loliumul";4,00;6;4;12;11;6,35;6,53;5,60;6,70;0,27;5,67;3,50;128;15;3
"e1-26-31";"loliumul";4,00;6;4;12;11;6,22;6,25;5,52;7,00;0,34;5,71;3,60;118;10;3
"e1-26-32";"loliumul";4,00;6;4;12;11;6,13;6,10;5,20;6,84;0,26;5,89;3,58;87;14;3
"e1-26-33";"filipulm";5,00;2;4;6;7;5,99;5,91;5,97;6,79;0,25;5,69;3,44;194;12;4
"e1-27-32";"loliumul";4,00;6;4;12;11;6,00;6,10;5,40;7,00;0,29;5,82;3,62;111;12;3
"e1-27-41";"primuela";17,00;5;3;10;16;5,93;5,96;5,93;5,89;0,11;5,50;3,42;115;6;8
"e1-27-43";"loliumul";4,00;6;4;12;11;6,25;6,57;5,59;6,80;0,23;5,64;3,52;110;3;3
"e1-28-22";"loliumul";4,00;6;4;12;11;6,27;6,46;5,80;6,79;0,27;5,65;3,50;130;9;3
"e1-28-33";"loliumul";4,00;6;4;12;11;6,13;6,43;5,66;6,89;0,27;5,64;3,61;146;11;3
"e1-28-41";"loliumul";4,00;6;4;12;11;6,33;6,38;5,44;6,94;0,30;5,82;3,63;123;8;3
"e1-31-12";"loliumul";4,00;6;7;12;11;6,48;6,79;6,13;6,87;0,24;5,73;3,70;126;10;3
"e1-31-23";"loliumul";4,00;6;4;12;11;6,09;6,54;5,55;7,01;0,23;5,75;3,58;113;12;3
"e1-31-34";"loliumul";4,00;6;7;12;11;6,43;6,50;5,72;7,01;0,24;5,81;3,50;114;13;3
"e1-31-43";"filipulm";5,00;1;8;7;7;6,00;6,20;5,78;6,53;0,23;5,67;3,44;198;12;4
"e1-31-44";"primuela";16,00;1;8;7;5;5,78;6,15;6,00;6,48;0,20;5,59;3,41;216;11;8
"e1-32-24";"loliumul";4,00;6;4;12;11;6,44;6,65;5,58;6,81;0,25;5,84;3,50;133;17;3
"e1-32-34";"loliumul";4,00;6;4;1;11;6,35;6,59;5,69;6,71;0,22;5,72;3,52;123;9;3
"e1-32-43";"loliumul";4,00;6;4;12;11;6,40;6,60;6,04;6,93;0,32;5,67;3,56;135;13;3
"e1-33-12";"loliumul";4,00;6;4;12;11;6,44;6,57;5,55;6,74;0,26;5,70;3,63;136;10;3
"e1-33-22";"loliumul";4,00;6;4;12;11;6,45;6,77;5,61;6,93;0,23;5,64;3,51;113;9;3
"e1-33-23";"loliumul";4,00;6;4;12;11;6,26;6,68;5,64;6,92;0,27;5,79;3,52;142;13;3
"e1-33-31";"filipulm";6,00;6;7;12;3;6,44;6,55;6,39;6,94;0,25;5,58;3,63;110;4;4
"e1-34-12";"loliumul";4,00;6;4;12;11;6,40;6,57;5,62;6,76;0,25;5,76;3,56;145;14;3
"e1-34-23";"molincae";11,00;3;1;9;8;5,33;5,46;6,72;6,44;0,14;5,48;3,31;175;11;5
"e1-34-24";"molincae";11,00;4;2;9;8;5,46;5,46;6,68;6,28;0,15;5,45;3,35;164;11;5
"e1-34-32";"filipulm";6,00;5;3;10;3;6,22;6,25;6,15;6,62;0,21;5,62;3,49;137;9;4
"e1-34-41";"filipulm";7,00;2;6;3;9;5,84;6,07;6,10;6,66;0,22;5,68;3,44;231;21;4
"e1-34-42";"filipulm";6,00;5;3;10;3;6,10;6,37;6,57;6,47;0,22;5,48;3,50;129;2;4
"e1-34-44";"loliumul";4,00;6;7;12;11;6,43;6,75;6,26;6,99;0,32;5,60;3,48;105;6;3
"e1-35-11";"molincae";9,00;4;2;4;4;5,81;5,55;5,84;6,25;0,14;5,60;3,38;108;10;5
"e1-35-12";"molincae";8,00;3;1;13;14;5,28;5,23;6,24;6,57;0,22;5,42;3,37;185;10;5
"e1-35-13";"loliumul";4,00;6;4;6;11;6,31;6,20;5,73;6,77;0,27;5,71;3,54;121;8;3
"e1-35-33";"loliumul";4,00;6;4;12;11;6,28;6,45;5,61;6,93;0,25;5,75;3,64;124;10;3
"e1-36-21";"loliumul";4,00;6;4;6;11;6,25;6,40;5,81;7,01;0,29;5,67;3,64;145;9;3
"e1-36-22";"loliumul";4,00;6;4;6;11;6,27;6,43;6,08;6,91;0,31;5,70;3,55;125;10;3
"e1-36-24";"loliumul";4,00;5;3;10;11;6,31;6,59;5,93;6,41;0,28;5,67;3,51;136;9;3
"e1-36-31";"loliumul";4,00;6;7;12;11;6,14;6,22;5,92;6,92;0,31;5,63;3,53;118;8;3
"e1-37-13";"loliumul";4,00;6;4;12;11;6,35;6,56;5,97;6,92;0,26;5,76;3,55;157;14;3
"e1-37-44";"buddldav";13,00;6;5;5;17;5,81;6,50;4,88;7,14;0,14;6,02;3,66;127;30;6
"e1-38-13";"filipulm";6,00;6;4;6;3;6,14;6,23;6,04;6,90;0,27;5,69;3,60;111;4;4
"e1-38-22";"loliumul";4,00;6;7;12;11;6,25;6,62;5,65;6,93;0,31;5,75;3,55;117;9;3
"e1-38-31";"loliumul";4,00;6;4;12;11;6,31;6,58;5,88;6,90;0,28;5,67;3,58;128;10;3
"e1-38-34";"loliumul";4,00;6;7;12;11;6,16;6,40;5,63;6,96;0,29;5,72;3,56;120;7;3
"e1-38-41";"filipulm";5,00;6;4;6;7;6,26;6,51;5,94;6,74;0,22;5,74;3,57;168;26;4
"e1-41-12";"primuela";17,00;5;3;10;16;6,10;6,15;5,81;6,23;0,13;5,44;3,59;110;4;8
"e1-41-14";"primuela";17,00;5;3;10;16;5,90;5,88;5,92;6,25;0,20;5,52;3,33;129;5;8
"e1-41-21";"primuela";16,00;1;8;8;5;5,89;5,98;6,08;6,13;0,19;5,50;3,38;199;14;8
"e1-41-23";"primuela";16,00;1;8;7;5;5,89;5,97;5,85;6,30;0,18;5,66;3,33;222;19;8
"e1-41-42";"primuela";17,00;5;3;10;16;6,08;6,15;5,70;6,52;0,23;5,49;3,32;105;3;8
"e1-42-11";"primuela";17,00;5;3;8;16;5,42;5,57;5,54;6,32;0,19;5,56;3,38;183;10;8
"e1-42-23";"primuela";16,00;1;8;8;5;5,69;5,88;5,98;6,24;0,14;5,52;3,40;194;9;8
"e1-42-24";"primuela";16,00;1;8;7;5;6,01;6,25;5,83;6,54;0,19;5,74;3,44;202;29;8
"e1-42-32";"primuela";16,00;1;8;7;5;5,76;6,03;6,03;6,40;0,17;5,52;3,52;205;13;8
"e1-42-41";"primuela";16,00;1;8;7;5;5,89;6,23;5,98;6,30;0,18;5,54;3,41;220;14;8
"e1-43-11";"loliumul";4,00;5;3;10;11;6,35;6,47;5,67;6,41;0,25;5,68;3,32;102;5;3
"e1-43-21";"primuela";16,00;1;8;8;5;6,05;6,17;5,83;6,35;0,18;5,61;3,43;176;12;8
"e1-43-23";"primuela";15,00;5;3;1;6;6,14;6,21;5,74;6,31;0,16;5,64;3,46;146;10;8
"e1-43-24";"loliumul";4,00;6;7;12;11;6,18;6,44;5,37;6,95;0,27;5,80;3,49;110;10;3
"e1-44-12";"loliumul";4,00;6;7;12;11;6,44;6,74;5,63;7,05;0,34;5,79;3,58;111;10;3
"e1-44-21";"loliumul";4,00;6;4;12;11;6,33;6,37;5,73;6,62;0,27;5,57;3,50;100;9;3
"e1-44-33";"loliumul";4,00;6;4;12;11;6,07;6,50;5,55;6,89;0,22;5,75;3,45;111;11;3
"e1-45-13";"loliumul";4,00;6;4;12;11;6,39;6,58;5,51;6,94;0,31;5,77;3,60;102;9;3
"e1-45-31";"loliumul";4,00;6;4;12;11;6,45;6,70;5,82;6,90;0,32;5,67;3,57;110;8;3
"e1-46-23";"buddldav";13,00;6;4;1;17;6,06;6,30;5,71;6,86;0,17;5,75;3,50;119;14;6
"e1-46-24";"buddldav";13,00;6;5;2;17;6,04;6,49;5,39;7,06;0,23;5,90;3,70;162;21;6
"e1-46-31";"buddldav";13,00;6;4;5;17;5,86;6,24;4,72;7,01;0,17;5,76;3,63;93;16;6
"e1-46-32";"filipulm";5,00;6;7;6;7;6,08;6,54;6,32;6,88;0,23;5,68;3,62;168;18;4
"e1-46-41";"buddldav";13,00;6;4;6;17;6,21;6,65;6,11;6,81;0,15;5,70;3,81;144;15;6
"e1-47-13";"loliumul";4,00;6;4;12;11;6,38;6,52;5,83;6,97;0,26;5,76;3,63;148;15;3
"e1-47-22";"buddldav";13,00;6;4;12;17;6,10;6,48;5,78;6,76;0,14;5,75;3,48;114;29;6
"e1-47-32";"filipulm";6,00;6;7;6;3;6,00;6,58;6,51;7,05;0,30;5,66;3,65;168;8;4
"e1-48-11";"buddldav";13,00;6;7;12;17;6,15;6,71;5,95;7,11;0,18;5,80;3,68;115;17;6
"e1-48-12";"filipulm";6,00;6;7;12;3;6,13;6,72;6,30;7,07;0,21;5,67;3,68;121;9;4
"e1-48-22";"loliumul";4,00;6;7;12;11;6,45;6,46;5,88;7,05;0,27;5,77;3,65;109;10;3
"e1-48-44";"loliumul";4,00;6;7;12;11;6,52;6,71;6,02;6,90;0,28;5,69;3,70;101;7;3
"e1-51-21";"loliumul";4,00;6;4;12;11;6,63;6,81;5,57;6,66;0,22;5,79;3,59;122;10;3
"e1-51-22";"loliumul";4,00;6;4;12;11;6,76;6,66;5,59;6,75;0,25;5,82;3,61;108;11;3
"e1-52-12";"loliumul";4,00;6;4;12;11;6,45;6,71;5,92;6,82;0,26;5,75;3,54;142;15;3
"e1-52-13";"filipulm";6,00;5;3;10;3;6,35;6,55;6,05;6,69;0,27;5,61;3,51;122;9;4
"e1-53-11";"filipulm";5,00;6;4;12;7;6,40;6,53;6,15;6,82;0,26;5,78;3,58;167;12;4
"e1-53-22";"loliumul";4,00;6;7;12;11;6,34;6,67;5,62;7,01;0,19;5,71;3,58;110;4;3
"e1-58-22";"loliumul";4,00;6;4;1;11;6,23;6,41;5,34;6,88;0,27;5,82;3,69;129;18;3
"e2-11-12";"loliumul";4,00;6;4;1;11;6,36;6,20;5,62;6,65;0,25;5,83;3,63;144;24;3
"e2-11-13";"loliumul";4,00;6;4;12;11;6,41;6,54;6,08;7,10;0,32;5,75;3,56;147;18;3
"e2-11-22";"loliumul";4,00;6;4;6;11;6,20;6,44;5,71;6,91;0,24;5,84;3,67;147;21;3
"e2-11-31";"loliumul";4,00;6;4;1;11;6,63;6,70;5,60;6,59;0,20;5,67;3,64;98;8;3
"e2-12-12";"loliumul";4,00;6;4;12;11;6,45;6,34;5,52;6,91;0,28;5,83;3,64;111;15;3
"e2-12-32";"buddldav";13,00;6;4;1;17;6,28;6,48;5,43;6,93;0,25;5,85;3,71;131;24;6
"e2-12-33";"loliumul";4,00;6;4;1;11;6,31;6,32;5,52;6,77;0,24;5,77;3,50;137;19;3
"e2-12-44";"loliumul";4,00;6;4;12;11;6,27;6,54;6,12;6,88;0,22;5,64;3,65;146;15;3
"e2-13-12";"filipulm";5,00;6;4;6;7;6,26;6,40;6,15;6,95;0,29;5,79;3,60;153;15;4
"e2-13-24";"filipulm";5,00;6;4;6;7;6,24;6,61;5,88;6,73;0,24;5,79;3,65;157;15;4
"e2-13-42";"filipulm";7,00;2;6;3;9;6,27;6,39;6,06;6,61;0,19;5,68;3,63;250;21;4
"e2-13-43";"filipulm";7,00;2;6;3;9;5,94;6,33;6,26;6,83;0,21;5,64;3,64;227;17;4
"e2-14-11";"loliumul";4,00;6;4;1;11;6,32;6,29;5,23;6,89;0,20;5,76;3,53;120;11;3
"e2-14-12";"buddldav";13,00;6;4;5;17;5,96;6,41;5,11;7,04;0,14;5,75;3,64;128;10;6
"e2-14-13";"filipulm";5,00;6;7;12;7;6,31;6,63;6,14;7,02;0,23;5,73;3,64;158;9;4
"e2-14-14";"loliumul";4,00;6;4;6;11;6,55;6,65;6,18;6,87;0,30;5,65;3,71;112;7;3
"e2-14-21";"filipulm";7,00;2;6;2;9;6,02;6,37;6,07;6,88;0,19;5,82;3,68;244;42;4
"e2-14-22";"filipulm";5,00;2;6;3;7;6,09;6,47;6,12;6,95;0,24;5,78;3,70;215;35;4
"e2-14-23";"filipulm";5,00;2;5;2;7;6,15;6,47;6,10;7,07;0,26;5,81;3,80;194;22;4
"e2-14-24";"buddldav";13,00;6;4;12;17;6,20;6,43;5,71;6,87;0,32;5,73;3,60;150;17;6
"e2-14-32";"filipulm";5,00;2;5;2;7;6,10;6,47;5,94;6,88;0,20;5,78;3,59;203;35;4
"e2-14-34";"buddldav";13,00;6;5;2;17;6,18;6,61;5,59;6,93;0,19;5,80;3,66;179;23;6
"e2-14-43";"loliumul";4,00;6;4;6;11;6,32;6,41;6,17;7,02;0,29;5,61;3,85;111;6;3
"e2-15-11";"filipulm";7,00;2;6;3;9;5,96;6,26;6,03;6,91;0,20;5,77;3,61;265;44;4
"e2-15-12";"filipulm";7,00;2;6;3;9;5,70;6,12;6,07;6,90;0,20;5,75;3,65;269;31;4
"e2-15-13";"buddldav";12,00;2;5;2;2;6,13;6,35;5,64;6,97;0,27;5,82;3,62;205;32;6
"e2-15-14";"filipulm";7,00;2;6;3;9;5,81;6,14;5,85;6,86;0,20;5,75;3,68;253;31;4
"e2-15-21";"filipulm";7,00;2;6;3;9;5,88;6,09;6,00;6,87;0,20;5,74;3,52;245;21;4
"e2-15-22";"molincae";8,00;3;6;13;14;5,72;5,75;5,90;6,76;0,16;5,61;3,44;201;16;5
"e2-15-23";"filipulm";7,00;2;6;3;9;5,83;6,21;5,93;6,86;0,20;5,79;3,55;317;46;4
"e2-15-24";"filipulm";5,00;2;6;6;7;6,20;6,25;5,97;6,84;0,25;5,74;3,59;188;17;4
"e2-15-31";"filipulm";5,00;2;5;2;7;6,01;6,32;5,71;6,87;0,25;5,72;3,67;205;30;4
"e2-15-32";"buddldav";12,00;2;5;2;2;5,97;6,29;5,25;6,87;0,23;5,78;3,62;192;36;6
"e2-15-33";"filipulm";5,00;2;6;3;7;5,95;6,10;5,84;6,83;0,22;5,73;3,55;208;26;4
"e2-15-34";"buddldav";12,00;2;5;2;2;6,00;6,28;5,57;6,91;0,22;5,80;3,69;215;39;6
"e2-15-41";"filipulm";7,00;2;6;3;9;6,10;6,27;5,82;6,66;0,21;5,74;3,55;245;40;4
"e2-15-42";"filipulm";5,00;2;6;6;7;6,07;6,22;5,88;6,66;0,24;5,69;3,55;190;19;4
"e2-15-43";"loliumul";4,00;6;4;6;11;6,30;6,14;5,85;6,93;0,25;5,61;3,55;125;10;3
"e2-15-44";"filipulm";5,00;2;5;2;7;5,79;6,01;5,58;6,66;0,22;5,71;3,54;206;32;4
"e2-16-11";"filipulm";5,00;2;4;6;7;6,23;6,06;6,03;6,92;0,28;5,72;3,67;163;27;4
"e2-16-13";"filipulm";7,00;2;6;3;9;6,11;6,30;5,97;6,69;0,21;5,71;3,56;238;29;4
"e2-16-14";"filipulm";7,00;2;6;2;9;5,86;6,05;5,74;6,75;0,18;5,75;3,57;257;37;4
"e2-16-21";"loliumul";4,00;6;4;6;11;6,42;6,01;5,70;6,79;0,32;5,72;3,46;109;13;3
"e2-16-22";"filipulm";5,00;1;6;6;7;5,97;5,97;5,90;6,50;0,24;5,64;3,46;189;16;4
"e2-16-31";"filipulm";5,00;2;6;3;7;6,09;6,16;6,03;6,89;0,23;5,75;3,51;217;25;4
"e2-16-32";"loliumul";4,00;6;4;6;11;6,07;5,78;5,73;6,71;0,23;5,62;3,57;144;11;3
"e2-16-33";"filipulm";7,00;3;6;13;9;5,79;5,63;6,07;6,50;0,22;5,62;3,40;230;31;4
"e2-16-34";"filipulm";7,00;2;6;3;9;5,90;6,00;6,11;6,66;0,23;5,63;3,52;218;19;4
"e2-16-41";"primuela";16,00;1;8;7;5;5,97;5,95;5,92;6,53;0,21;5,62;3,51;205;20;8
"e2-16-42";"filipulm";7,00;1;8;7;9;5,84;6,04;5,98;6,54;0,20;5,66;3,52;271;23;4
"e2-16-43";"filipulm";6,00;5;3;10;3;6,24;6,18;5,89;6,46;0,17;5,67;3,35;129;7;4
"e2-16-44";"primuela";16,00;1;8;8;5;6,00;6,16;5,94;6,31;0,20;5,60;3,43;198;11;8
"e2-17-11";"loliumul";4,00;6;4;1;11;6,21;6,35;5,69;6,79;0,21;5,76;3,61;135;21;3
"e2-17-12";"primuela";16,00;1;8;8;5;6,10;6,03;6,14;6,29;0,20;5,61;3,41;162;18;8
"e2-17-13";"filipulm";6,00;5;4;6;3;6,07;6,07;6,09;6,54;0,20;5,50;3,51;162;8;4
"e2-17-14";"loliumul";4,00;6;4;1;11;6,24;6,35;5,66;6,91;0,35;5,72;3,50;118;11;3
"e2-17-22";"loliumul";4,00;6;4;12;11;6,50;6,32;5,69;6,83;0,30;5,73;3,53;112;12;3
"e2-17-32";"loliumul";4,00;6;4;1;11;6,28;6,44;5,65;6,85;0,24;5,70;3,71;121;14;3
"e2-17-33";"loliumul";4,00;6;4;1;11;6,19;6,19;5,66;6,77;0,28;5,71;3,55;128;12;3
"e2-17-41";"filipulm";5,00;1;8;7;7;6,03;6,25;5,67;6,56;0,21;5,75;3,55;207;30;4
"e2-17-42";"primuela";16,00;1;8;7;5;6,08;6,28;6,06;6,44;0,19;5,69;3,48;269;28;8
"e2-17-43";"loliumul";4,00;6;4;1;11;6,20;6,53;5,82;6,83;0,26;5,70;3,46;137;13;3
"e2-18-11";"loliumul";4,00;6;4;1;11;6,20;6,09;5,62;6,77;0,27;5,72;3,59;126;9;3
"e2-18-12";"loliumul";4,00;6;4;6;11;6,34;6,19;5,76;6,89;0,30;5,72;3,65;116;9;3
"e2-18-14";"filipulm";7,00;2;6;3;9;6,11;6,27;6,22;6,75;0,28;5,74;3,60;220;30;4
"e2-18-23";"primuela";16,00;1;8;7;5;6,15;6,18;6,20;6,50;0,21;5,67;3,41;237;29;8
"e2-18-24";"loliumul";4,00;6;4;6;11;6,17;6,49;5,92;6,84;0,31;5,72;3,59;150;17;3
"e2-18-31";"filipulm";5,00;6;4;6;7;6,13;6,18;5,94;6,88;0,28;5,76;3,60;151;17;4
"e2-18-32";"loliumul";4,00;6;4;6;11;6,24;6,28;5,85;6,88;0,29;5,70;3,53;116;13;3
"e2-18-33";"loliumul";4,00;6;4;12;11;6,36;6,46;5,96;6,89;0,29;5,66;3,56;131;17;3
"e2-18-44";"filipulm";5,00;2;6;3;7;6,19;6,50;6,49;6,87;0,23;5,75;3,69;211;14;4
"e2-21-11";"loliumul";4,00;6;4;12;11;6,27;6,36;5,83;6,89;0,25;5,77;3,60;129;11;3
"e2-21-12";"filipulm";5,00;6;4;1;7;6,03;5,85;5,63;6,49;0,20;5,64;3,39;157;15;4
"e2-21-13";"loliumul";4,00;6;4;12;11;6,37;6,20;5,49;6,64;0,20;5,69;3,51;99;8;3
"e2-21-23";"loliumul";4,00;6;4;1;11;6,04;5,82;5,35;6,63;0,27;5,67;3,58;121;11;3
"e2-21-33";"filipulm";5,00;6;4;12;7;6,23;6,48;6,03;7,04;0,31;5,76;3,62;166;22;4
"e2-21-44";"buddldav";13,00;6;4;1;17;6,26;6,33;5,62;6,65;0,19;5,76;3,52;149;20;6
"e2-22-14";"filipulm";5,00;6;5;2;7;6,13;6,50;5,74;6,95;0,19;5,74;3,68;166;20;4
"e2-22-23";"loliumul";4,00;6;7;12;11;6,40;6,61;6,02;7,01;0,29;5,62;3,56;96;4;3
"e2-22-33";"buddldav";13,00;2;5;2;17;5,97;6,43;5,24;6,88;0,21;5,86;3,55;178;41;6
"e2-22-41";"loliumul";4,00;6;4;6;11;6,36;6,47;6,20;6,95;0,20;5,64;3,62;103;9;3
"e2-22-42";"loliumul";4,00;6;4;6;11;6,68;6,54;6,13;6,89;0,19;5,59;3,62;99;8;3
"e2-22-44";"filipulm";7,00;2;6;3;9;6,14;6,31;6,26;6,80;0,23;5,67;3,69;227;19;4
"e2-23-14";"loliumul";4,00;6;4;6;11;6,39;6,36;6,07;7,09;0,25;5,75;3,82;125;11;3
"e2-23-22";"loliumul";4,00;6;4;12;11;6,00;6,18;5,55;7,00;0,24;5,67;3,63;124;7;3
"e2-23-24";"filipulm";5,00;6;4;6;7;6,10;6,35;5,94;6,99;0,26;5,73;3,74;164;14;4
"e2-23-31";"filipulm";5,00;2;4;2;7;6,05;6,51;5,79;6,73;0,24;5,74;3,59;188;16;4
"e2-23-33";"filipulm";6,00;6;4;6;3;5,64;6,10;5,97;6,89;0,20;5,63;3,53;151;6;4
"e2-23-34";"filipulm";7,00;2;6;3;9;5,71;6,24;6,16;6,83;0,20;5,68;3,57;286;21;4
"e2-23-41";"loliumul";4,00;6;4;12;11;6,07;6,28;5,45;7,15;0,30;5,70;3,65;118;4;3
"e2-23-42";"filipulm";5,00;6;4;6;7;6,16;6,40;5,82;6,99;0,27;5,68;3,62;167;11;4
"e2-23-43";"filipulm";7,00;2;6;3;9;5,78;6,26;6,22;6,82;0,22;5,70;3,53;305;23;4
"e2-23-44";"filipulm";5,00;2;6;3;7;6,09;6,29;5,95;6,78;0,26;5,69;3,64;224;13;4
"e2-24-11";"filipulm";5,00;6;4;6;7;6,16;6,47;5,84;6,83;0,23;5,71;3,57;159;8;4
"e2-24-12";"loliumul";4,00;6;4;6;11;6,14;6,27;5,69;6,97;0,22;5,68;3,61;115;7;3
"e2-24-13";"filipulm";7,00;2;6;3;9;5,78;6,04;5,77;6,83;0,20;5,77;3,54;254;34;4
"e2-24-14";"loliumul";4,00;6;4;12;11;6,08;6,32;5,40;6,87;0,25;5,65;3,47;104;8;3
"e2-24-23";"loliumul";4,00;6;4;6;11;6,12;6,12;5,57;6,84;0,20;5,60;3,48;126;7;3
"e2-24-31";"filipulm";5,00;2;5;2;7;5,89;6,00;5,31;6,82;0,22;5,77;3,50;180;26;4
"e2-24-32";"filipulm";5,00;6;4;6;7;6,09;6,12;5,86;6,98;0,26;5,68;3,65;157;9;4
"e2-24-33";"loliumul";4,00;6;4;6;11;6,17;6,48;5,80;7,00;0,32;5,67;3,73;128;8;3
"e2-24-34";"loliumul";4,00;6;4;6;11;6,34;6,31;5,86;6,89;0,20;5,59;3,64;113;7;3
"e2-24-41";"loliumul";4,00;6;4;6;11;6,22;6,27;5,67;7,10;0,28;5,70;3,66;135;8;3
"e2-24-42";"loliumul";4,00;6;4;6;11;6,22;6,38;6,02;6,87;0,24;5,61;3,61;123;6;3
"e2-24-44";"filipulm";6,00;5;3;10;3;6,26;6,48;6,08;6,72;0,21;5,60;3,62;102;3;4
"e2-25-11";"filipulm";5,00;2;5;2;7;6,22;6,26;5,84;6,84;0,24;5,76;3,60;188;29;4
"e2-25-12";"filipulm";5,00;2;5;2;7;6,00;6,30;5,76;6,94;0,22;5,85;3,64;206;26;4
"e2-25-13";"filipulm";5,00;2;6;3;7;6,22;6,40;6,21;6,95;0,24;5,72;3,72;205;27;4
"e2-25-14";"filipulm";5,00;2;5;2;7;6,11;6,22;5,65;7,03;0,26;5,77;3,60;188;24;4
"e2-25-21";"filipulm";5,00;2;6;6;7;6,11;6,14;5,81;6,86;0,25;5,71;3,65;197;24;4
"e2-25-22";"primuela";16,00;1;8;7;5;5,71;5,87;5,82;6,42;0,18;5,66;3,49;271;28;8
"e2-25-23";"filipulm";5,00;2;6;6;7;6,09;6,15;5,84;6,92;0,26;5,72;3,62;181;19;4
"e2-25-24";"filipulm";7,00;1;6;7;9;5,70;5,81;5,88;6,47;0,19;5,67;3,42;261;20;4
"e2-25-31";"loliumul";4,00;6;4;6;11;6,30;6,17;5,63;6,78;0,26;5,71;3,60;129;11;3
"e2-25-32";"loliumul";4,00;6;4;6;11;6,31;6,04;5,73;6,87;0,27;5,62;3,64;116;7;3
"e2-25-33";"loliumul";4,00;6;4;12;11;6,07;6,11;5,31;6,83;0,23;5,62;3,37;115;12;3
"e2-25-34";"loliumul";4,00;6;4;12;11;6,15;6,13;5,39;6,83;0,28;5,69;3,49;111;8;3
"e2-25-41";"loliumul";4,00;6;4;6;11;5,83;5,84;5,88;6,79;0,30;5,65;3,41;129;7;3
"e2-25-42";"filipulm";5,00;6;4;6;7;6,04;6,12;5,89;6,80;0,31;5,69;3,53;146;12;4
"e2-25-43";"loliumul";4,00;6;4;6;11;5,84;6,26;5,52;6,96;0,27;5,74;3,63;132;11;3
"e2-25-44";"filipulm";6,00;6;4;6;3;6,24;6,01;5,93;6,72;0,23;5,60;3,56;131;7;4
"e2-26-11";"primuela";16,00;3;1;7;5;5,44;5,47;6,05;6,44;0,18;5,59;3,37;264;26;8
"e2-26-12";"primuela";16,00;1;8;8;5;5,93;6,02;5,91;6,27;0,22;5,57;3,51;173;19;8
"e2-26-13";"molincae";8,00;3;4;13;14;5,77;5,66;5,73;6,61;0,24;5,68;3,47;184;17;5
"e2-26-14";"loliumul";4,00;6;4;6;11;6,09;5,87;5,58;6,80;0,29;5,82;3,49;139;20;3
"e2-26-21";"filipulm";6,00;5;3;10;3;6,01;6,20;6,50;6,51;0,23;5,56;3,60;113;4;4
"e2-26-22";"primuela";16,00;1;8;8;5;5,91;5,96;5,91;6,22;0,14;5,56;3,34;191;9;8
"e2-26-24";"loliumul";4,00;6;4;12;11;6,19;6,28;5,71;6,86;0,34;5,63;3,47;119;6;3
"e2-26-31";"filipulm";5,00;6;4;6;7;6,29;6,09;5,66;6,83;0,30;5,73;3,57;138;22;4
"e2-26-33";"loliumul";4,00;6;4;1;11;6,22;6,09;5,50;6,62;0,24;5,77;3,51;112;12;3
"e2-26-34";"filipulm";6,00;5;3;10;3;6,05;5,88;5,82;6,55;0,18;5,60;3,52;127;6;4
"e2-26-41";"loliumul";4,00;6;4;1;11;6,17;6,00;5,40;6,75;0,27;5,68;3,47;120;5;3
"e2-26-42";"primuela";16,00;1;8;7;5;6,08;6,41;5,84;6,52;0,22;5,67;3,51;179;18;8
"e2-26-43";"primuela";16,00;1;8;7;5;5,98;6,02;5,77;6,38;0,18;5,65;3,56;219;18;8
"e2-26-44";"primuela";16,00;1;8;8;5;5,81;6,00;5,87;6,12;0,17;5,54;3,40;206;15;8
"e2-27-11";"filipulm";6,00;5;3;10;3;6,02;6,20;5,94;6,50;0,23;5,61;3,40;110;2;4
"e2-27-21";"loliumul";4,00;6;4;1;11;6,34;6,44;5,54;6,70;0,28;5,82;3,55;107;15;3
"e2-27-23";"loliumul";4,00;6;4;1;11;6,51;6,39;5,73;6,69;0,29;5,73;3,52;117;9;3
"e2-27-24";"loliumul";4,00;6;4;1;11;6,44;6,61;5,53;6,51;0,17;5,69;3,54;115;9;3
"e2-27-32";"loliumul";4,00;5;4;1;11;6,28;6,40;5,55;6,31;0,23;5,73;3,50;115;7;3
"e2-27-33";"loliumul";4,00;5;4;1;11;6,15;6,30;5,60;6,58;0,23;5,58;3,39;121;7;3
"e2-27-42";"primuela";16,00;2;8;7;5;6,07;6,30;5,71;6,53;0,19;5,70;3,47;232;35;8
"e2-27-43";"loliumul";4,00;6;4;1;11;6,57;6,60;5,49;6,76;0,29;5,76;3,62;111;21;3
"e2-28-14";"loliumul";4,00;6;4;1;11;6,22;6,38;5,57;6,87;0,26;5,74;3,54;152;15;3
"e2-28-22";"filipulm";7,00;2;6;3;9;6,23;6,53;6,06;6,85;0,21;5,81;3,71;235;38;4
"e2-28-24";"buddldav";12,00;2;6;2;2;6,05;6,56;6,04;6,95;0,23;5,82;3,63;248;44;6
"e2-28-31";"loliumul";4,00;6;4;1;11;6,31;6,38;5,07;6,86;0,25;5,76;3,53;97;11;3
"e2-28-32";"buddldav";13,00;6;4;1;17;6,28;6,43;5,14;6,90;0,22;5,77;3,68;130;20;6
"e2-28-33";"filipulm";7,00;2;6;3;9;6,10;6,44;6,66;6,90;0,26;5,74;3,61;231;16;4
"e2-28-34";"filipulm";7,00;2;6;3;9;5,89;6,45;6,37;6,82;0,24;5,75;3,64;318;42;4
"e2-28-41";"buddldav";12,00;2;5;2;2;6,04;6,47;5,36;6,95;0,22;5,79;3,68;181;31;6
"e2-28-42";"filipulm";5,00;2;6;3;7;6,34;6,72;6,08;6,93;0,22;5,79;3,66;205;26;4
"e2-28-43";"buddldav";12,00;2;5;2;2;6,02;6,47;5,85;6,79;0,19;5,83;3,55;246;53;6
"e2-31-11";"filipulm";5,00;6;4;12;7;6,24;6,49;5,91;6,89;0,26;5,70;3,63;169;20;4
"e2-31-24";"buddldav";12,00;2;5;2;2;6,12;6,35;5,61;6,93;0,20;5,76;3,59;181;36;6
"e2-31-34";"coronsqu";3,00;6;7;12;13;6,36;6,68;6,31;6,92;0,28;5,68;3,68;146;10;2
"e2-31-42";"filipulm";5,00;6;5;2;7;6,15;6,65;5,93;6,90;0,20;5,76;3,53;169;19;4
"e2-31-43";"filipulm";5,00;6;7;12;7;5,93;6,58;5,78;6,99;0,23;5,73;3,71;168;13;4
"e2-32-11";"buddldav";13,00;6;5;2;17;6,12;6,19;5,40;6,92;0,23;5,83;3,57;157;28;6
"e2-32-12";"buddldav";13,00;6;4;5;17;6,12;6,64;5,36;7,03;0,15;5,89;3,62;80;24;6
"e2-32-13";"loliumul";4,00;6;7;12;11;6,44;6,76;6,02;7,18;0,28;5,66;3,69;98;7;3
"e2-32-21";"buddldav";12,00;2;5;2;2;6,14;6,68;5,83;6,87;0,17;5,86;3,64;220;62;6
"e2-32-31";"buddldav";13,00;6;3;5;17;6,02;6,64;5,06;6,85;0,13;5,77;3,57;92;13;6
"e2-32-43";"filipulm";6,00;5;3;10;3;5,76;6,70;6,12;6,85;0,29;5,51;3,57;130;2;4
"e2-32-44";"filipulm";7,00;2;6;7;9;5,80;6,28;5,90;6,70;0,23;5,73;3,60;276;40;4
"e2-33-12";"filipulm";6,00;6;7;12;3;6,19;6,59;5,88;7,01;0,28;5,58;3,71;99;4;4
"e2-33-14";"loliumul";4,00;6;4;6;11;6,12;6,39;6,07;6,76;0,21;5,69;3,71;147;11;3
"e2-33-21";"loliumul";4,00;6;4;12;11;6,00;6,30;5,29;6,97;0,20;5,62;3,58;99;4;3
"e2-33-23";"filipulm";5,00;6;4;6;7;6,07;6,44;6,03;7,02;0,29;5,69;3,59;147;11;4
"e2-33-24";"filipulm";5,00;6;4;6;7;6,24;6,52;6,22;6,98;0,26;5,70;3,65;155;12;4
"e2-33-33";"filipulm";5,00;6;5;2;7;6,16;6,51;5,87;6,97;0,26;5,74;3,66;172;30;4
"e2-33-42";"loliumul";4,00;6;4;12;11;6,38;6,65;5,95;7,06;0,28;5,74;3,64;109;8;3
"e2-34-12";"filipulm";5,00;2;6;3;7;5,87;6,25;5,75;6,84;0,26;5,71;3,47;218;17;4
"e2-34-22";"loliumul";4,00;6;4;1;11;6,05;6,11;5,29;6,72;0,21;5,67;3,57;122;13;3
"e2-34-32";"loliumul";4,00;6;4;1;11;6,36;6,48;5,50;6,76;0,27;5,78;3,68;123;22;3
"e2-34-34";"loliumul";4,00;6;4;12;11;6,29;6,43;5,74;6,91;0,26;5,79;3,61;114;11;3
"e2-34-43";"loliumul";4,00;6;4;1;11;6,11;5,98;5,63;6,47;0,19;5,62;3,48;136;12;3
"e2-35-11";"filipulm";5,00;6;4;1;7;5,80;5,87;5,42;6,72;0,20;5,71;3,44;161;11;4
"e2-35-13";"loliumul";4,00;6;4;1;11;6,17;6,26;5,54;6,81;0,21;5,71;3,43;97;12;3
"e2-35-14";"loliumul";4,00;6;4;12;11;6,23;6,38;5,55;6,64;0,17;5,60;3,47;97;4;3
"e2-35-21";"loliumul";4,00;6;4;6;11;6,12;5,94;5,62;6,71;0,29;5,65;3,47;128;8;3
"e2-35-22";"filipulm";5,00;6;4;6;7;6,20;6,27;5,68;6,80;0,29;5,77;3,66;164;16;4
"e2-35-23";"loliumul";4,00;6;4;6;11;6,21;6,07;5,73;6,84;0,33;5,67;3,42;122;11;3
"e2-35-24";"loliumul";4,00;6;4;1;11;6,35;6,16;5,64;6,65;0,26;5,63;3,51;115;10;3
"e2-35-31";"filipulm";5,00;6;4;6;7;6,08;6,24;5,71;6,76;0,22;5,67;3,46;185;15;4
"e2-35-32";"loliumul";4,00;6;4;1;11;6,30;6,40;5,49;6,69;0,18;5,70;3,54;138;12;3
"e2-35-33";"loliumul";4,00;6;4;1;11;6,28;6,24;5,37;6,52;0,25;5,68;3,42;126;10;3
"e2-35-42";"primuela";15,00;6;4;1;6;6,15;6,21;5,41;6,48;0,20;5,71;3,52;170;15;8
"e2-35-44";"primuela";16,00;1;8;7;5;6,00;6,20;5,56;6,44;0,19;5,68;3,54;193;20;8
"e2-36-11";"loliumul";4,00;6;4;1;11;6,17;6,22;5,39;6,78;0,28;5,72;3,50;136;12;3
"e2-36-12";"loliumul";4,00;6;4;1;11;6,36;6,30;5,28;6,66;0,14;5,81;3,54;119;12;3
"e2-36-13";"primuela";15,00;6;4;1;6;6,19;6,32;5,55;6,62;0,24;5,61;3,51;159;14;8
"e2-36-14";"loliumul";4,00;6;4;12;11;6,27;6,48;5,60;6,77;0,23;5,70;3,49;123;10;3
"e2-36-21";"loliumul";4,00;6;4;1;11;6,27;6,31;5,30;6,86;0,24;5,73;3,48;113;11;3
"e2-36-22";"primuela";16,00;1;8;8;5;5,77;5,84;5,97;6,30;0,22;5,55;3,32;177;11;8
"e2-36-23";"filipulm";5,00;6;4;6;7;6,16;6,41;5,79;6,85;0,29;5,79;3,51;160;18;4
"e2-36-24";"buddldav";13,00;6;4;1;17;5,97;6,53;5,21;6,80;0,26;5,84;3,51;153;26;6
"e2-36-31";"primuela";16,00;1;8;8;5;6,33;6,29;5,76;6,08;0,17;5,57;3,39;174;16;8
"e2-36-32";"primuela";15,00;1;8;1;6;6,01;6,10;5,59;6,46;0,18;5,60;3,47;179;12;8
"e2-36-33";"buddldav";13,00;6;4;1;17;6,23;6,48;5,26;6,50;0,17;5,73;3,50;95;12;6
"e2-36-34";"loliumul";4,00;6;4;1;11;6,43;6,52;5,32;6,73;0,16;5,72;3,52;102;8;3
"e2-36-41";"loliumul";4,00;6;4;1;11;6,15;6,29;5,37;6,68;0,26;5,69;3,56;143;15;3
"e2-36-43";"loliumul";4,00;6;4;6;11;6,56;6,54;5,89;6,73;0,26;5,71;3,61;132;13;3
"e2-37-12";"loliumul";4,00;6;4;1;11;6,11;6,36;5,99;6,65;0,21;5,68;3,39;156;11;3
"e2-37-13";"loliumul";4,00;6;4;6;11;6,13;6,22;5,69;6,92;0,29;5,78;3,49;136;18;3
"e2-37-21";"loliumul";4,00;6;4;1;11;6,14;6,34;5,75;6,83;0,27;5,70;3,47;136;11;3
"e2-37-22";"filipulm";5,00;6;6;6;7;6,06;6,52;6,29;6,81;0,26;5,65;3,65;179;8;4
"e2-37-23";"primuela";16,00;1;8;7;5;6,33;6,51;6,39;6,44;0,14;5,70;3,54;187;21;8
"e2-37-24";"filipulm";5,00;2;6;3;7;6,24;6,53;6,59;6,93;0,29;5,74;3,56;207;11;4
"e2-37-32";"filipulm";7,00;2;6;3;9;6,27;6,47;6,36;6,59;0,22;5,69;3,51;226;28;4
"e2-37-33";"filipulm";5,00;6;4;6;7;6,36;6,60;5,98;6,83;0,22;5,75;3,59;172;21;4
"e2-37-34";"filipulm";5,00;2;6;3;7;6,41;6,52;6,53;6,89;0,24;5,72;3,66;197;20;4
"e2-37-41";"filipulm";7,00;2;6;3;9;6,21;6,56;6,73;6,74;0,25;5,76;3,70;255;26;4
"e2-37-42";"filipulm";7,00;2;6;3;9;6,15;6,59;6,04;6,79;0,21;5,78;3,61;251;29;4
"e2-37-43";"loliumul";4,00;6;4;12;11;6,29;6,57;5,75;6,95;0,28;5,77;3,61;149;14;3
"e2-37-44";"loliumul";4,00;6;4;1;11;6,39;6,59;5,48;6,87;0,29;5,79;3,62;119;14;3
"e2-38-11";"filipulm";7,00;2;6;3;9;5,83;6,49;6,70;6,97;0,35;5,72;3,64;276;14;4
"e2-38-12";"buddldav";12,00;2;6;2;2;6,11;6,65;5,96;6,96;0,26;5,77;3,69;248;36;6
"e2-38-13";"filipulm";7,00;2;6;3;9;6,02;6,57;6,32;6,96;0,27;5,77;3,69;231;19;4
"e2-38-14";"filipulm";5,00;6;4;6;7;6,19;6,44;5,87;6,91;0,28;5,77;3,76;163;22;4
"e2-38-21";"filipulm";7,00;2;8;7;9;6,06;6,45;5,79;6,57;0,19;5,78;3,52;275;48;4
"e2-38-22";"primuela";15,00;1;8;1;6;6,12;6,43;5,36;6,43;0,18;5,76;3,60;195;27;8
"e2-38-23";"primuela";16,00;1;8;7;5;6,01;6,34;5,45;6,36;0,19;5,73;3,44;197;15;8
"e2-38-24";"primuela";16,00;1;8;7;5;5,87;6,28;5,75;6,32;0,16;5,68;3,46;289;32;8
"e2-38-31";"primuela";16,00;1;8;7;5;6,08;6,19;6,11;6,43;0,23;5,72;3,54;265;25;8
"e2-38-32";"primuela";16,00;1;8;8;5;5,93;5,98;5,82;6,06;0,19;5,57;3,41;200;11;8
"e2-38-33";"primuela";15,00;6;4;1;6;6,21;6,22;5,28;6,33;0,18;5,69;3,48;135;10;8
"e2-38-34";"primuela";16,00;1;8;7;5;5,89;6,09;5,61;6,12;0,18;5,58;3,44;220;16;8
"e2-38-42";"primuela";16,00;1;8;7;5;6,16;6,40;6,01;6,58;0,19;5,63;3,49;211;18;8
"e2-38-44";"primuela";16,00;1;8;1;5;6,16;6,42;5,63;6,35;0,18;5,61;3,36;167;14;8
"e2-41-14";"filipulm";5,00;6;5;2;7;6,16;6,49;5,65;6,94;0,20;5,79;3,64;169;23;4
"e2-41-21";"loliumul";4,00;6;4;12;11;6,13;6,52;5,50;6,92;0,22;5,80;3,60;148;19;3
"e2-41-32";"loliumul";4,00;6;4;12;11;6,20;6,62;5,55;6,94;0,28;5,75;3,70;117;9;3
"e2-41-43";"loliumul";4,00;6;4;1;11;6,15;6,52;5,57;6,92;0,23;5,80;3,63;162;22;3
"e2-42-12";"buddldav";13,00;5;4;1;17;6,36;6,48;5,47;6,71;0,27;5,81;3,55;127;32;6
"e2-42-24";"loliumul";4,00;6;4;12;11;6,39;6,62;5,74;6,83;0,26;5,70;3,55;121;10;3
"e2-42-32";"loliumul";4,00;6;4;12;11;6,25;6,56;5,70;6,89;0,22;5,75;3,60;147;16;3
"e2-42-42";"loliumul";4,00;6;4;12;11;6,24;6,78;5,32;7,02;0,18;5,74;3,58;106;13;3
"e2-43-13";"loliumul";4,00;6;4;12;11;6,38;6,63;5,74;6,84;0,32;5,71;3,58;121;10;3
"e2-43-22";"loliumul";4,00;6;4;1;11;6,29;6,53;5,56;6,72;0,26;5,75;3,41;139;11;3
"e2-43-31";"loliumul";4,00;6;4;12;11;6,47;6,53;5,40;6,96;0,35;5,80;3,54;114;14;3
"e2-43-33";"primuela";16,00;1;8;7;5;6,15;6,34;6,00;6,43;0,18;5,66;3,41;183;20;8
"e2-43-34";"primuela";15,00;1;8;1;6;6,08;6,30;5,64;6,45;0,26;5,68;3,47;165;16;8
"e2-43-43";"loliumul";4,00;6;4;1;11;6,46;6,57;5,52;6,72;0,27;5,72;3,59;138;19;3
"e2-44-11";"filipulm";5,00;6;4;12;7;6,27;6,63;6,00;6,82;0,25;5,78;3,51;176;18;4
"e2-44-14";"loliumul";4,00;6;7;12;11;5,67;6,64;5,90;6,98;0,25;5,67;3,55;180;8;3
"e2-44-23";"loliumul";4,00;6;4;1;11;5,94;6,48;5,67;6,84;0,23;5,71;3,67;163;20;3
"e2-44-32";"filipulm";7,00;2;6;3;9;5,82;6,51;6,05;6,80;0,21;5,68;3,51;234;20;4
"e2-44-34";"primuela";17,00;5;3;10;16;6,22;6,32;5,88;6,35;0,24;5,56;3,45;122;10;8
"e2-44-41";"filipulm";7,00;2;6;3;9;5,98;6,56;5,97;6,72;0,19;5,76;3,60;291;30;4
"e2-44-43";"loliumul";4,00;6;4;12;11;6,18;6,53;5,97;6,90;0,27;5,75;3,68;151;18;3
"e2-45-22";"loliumul";4,00;6;4;12;11;6,25;6,33;5,72;6,78;0,17;5,70;3,50;117;10;3
"e2-45-31";"loliumul";4,00;6;4;1;11;6,27;6,41;5,41;6,73;0,22;5,74;3,59;142;16;3
"e2-45-44";"filipulm";5,00;2;6;3;7;6,38;6,78;6,39;6,86;0,18;5,78;3,70;201;17;4
"e2-46-14";"filipulm";5,00;2;4;6;7;6,39;6,46;6,27;6,89;0,25;5,82;3,73;185;22;4
"e2-46-21";"filipulm";5,00;2;5;2;7;6,20;6,46;5,84;6,87;0,24;5,82;3,68;191;31;4
"e2-46-22";"filipulm";5,00;2;6;3;7;6,31;6,48;6,17;6,73;0,16;5,77;3,71;184;28;4
"e2-46-24";"filipulm";5,00;2;6;3;7;6,07;6,57;6,04;6,94;0,25;5,75;3,59;201;20;4
"e2-46-32";"loliumul";4,00;6;7;12;11;6,54;6,75;6,31;7,08;0,24;5,78;3,70;148;16;3
"e2-46-33";"filipulm";5,00;2;6;6;7;6,14;6,52;6,07;6,85;0,28;5,75;3,66;198;9;4
"e2-46-34";"buddldav";13,00;6;4;1;17;6,05;6,40;5,44;6,75;0,29;5,78;3,52;155;14;6
"e2-46-43";"primuela";17,00;5;3;8;16;6,03;6,23;5,62;6,04;0,16;5,58;3,36;166;10;8
"e2-46-44";"primuela";16,00;1;8;8;5;6,13;6,28;5,90;6,06;0,16;5,59;3,38;206;15;8
"e2-47-11";"filipulm";5,00;6;4;6;7;6,07;6,34;5,98;6,86;0,23;5,73;3,61;167;17;4
"e2-47-12";"loliumul";4,00;6;4;6;11;6,24;6,57;5,72;6,86;0,22;5,74;3,76;138;15;3
"e2-47-13";"filipulm";7,00;2;6;3;9;5,92;6,36;6,23;6,77;0,21;5,72;3,60;237;19;4
"e2-47-14";"filipulm";5,00;6;4;1;7;6,20;6,56;5,94;6,70;0,22;5,68;3,55;164;11;4
"e2-47-23";"primuela";16,00;1;8;7;5;6,13;6,40;6,14;6,51;0,18;5,65;3,45;190;7;8
"e2-47-24";"primuela";16,00;1;8;7;5;5,83;6,05;5,77;6,33;0,18;5,69;3,42;295;25;8
"e2-47-31";"primuela";15,00;5;4;1;6;6,23;6,44;5,77;6,55;0,22;5,71;3,51;153;12;8
"e2-47-33";"primuela";16,00;1;8;7;5;6,08;6,28;5,44;6,43;0,19;5,72;3,52;222;25;8
"e2-47-34";"primuela";16,00;1;8;7;5;5,92;6,18;5,73;6,08;0,18;5,58;3,39;224;12;8
"e2-47-41";"primuela";15,00;1;8;1;6;6,17;6,31;5,65;6,54;0,23;5,70;3,66;186;15;8
"e2-47-43";"primuela";17,00;5;3;8;16;5,97;5,92;6,00;5,86;0,12;5,43;3,36;158;8;8
"e2-47-44";"primuela";16,00;1;8;7;5;5,89;6,01;5,95;6,06;0,14;5,57;3,37;247;16;8
"e2-48-11";"primuela";16,00;1;8;7;5;6,09;6,17;5,88;6,27;0,21;5,64;3,39;221;20;8
"e2-48-12";"primuela";15,00;5;3;1;6;6,15;6,26;5,52;6,34;0,23;5,63;3,38;145;9;8
"e2-48-13";"primuela";16,00;1;8;7;5;5,97;6,18;5,80;6,11;0,18;5,64;3,50;236;19;8
"e2-48-22";"primuela";17,00;5;3;10;16;6,35;6,46;5,57;6,08;0,10;5,62;3,34;112;8;8
"e2-48-23";"primuela";17,00;5;3;10;16;6,18;6,33;5,58;5,97;0,13;5,55;3,50;116;6;8
"e2-48-24";"primuela";17,00;5;3;10;16;6,32;6,60;5,70;6,20;0,15;5,55;3,40;102;6;8
"e2-48-33";"primuela";15,00;5;3;1;6;6,22;6,14;5,51;6,13;0,18;5,62;3,43;153;8;8
"e2-48-42";"primuela";16,00;1;8;8;5;5,90;6,02;5,78;6,20;0,19;5,59;3,42;188;13;8
"e2-48-43";"primuela";16,00;1;8;7;5;6,03;6,16;5,63;6,28;0,18;5,63;3,43;194;18;8
"e2-51-11";"loliumul";4,00;6;4;12;11;6,39;6,62;5,64;6,82;0,25;5,72;3,66;126;10;3
"e2-52-11";"loliumul";4,00;6;4;12;11;6,26;6,58;5,68;6,95;0,23;5,77;3,55;160;21;3
"e2-52-22";"loliumul";4,00;6;7;12;11;6,34;6,56;6,00;6,97;0,29;5,61;3,58;97;6;3
"e2-53-11";"loliumul";4,00;6;4;1;11;6,58;6,40;5,64;6,64;0,25;5,67;3,50;101;11;3
"e2-53-24";"primuela";17,00;5;3;8;16;6,35;6,41;5,65;6,12;0,13;5,48;3,40;135;2;8
"e2-53-41";"loliumul";4,00;6;4;1;11;6,43;6,77;5,51;6,87;0,25;5,85;3,69;142;22;3
"e2-54-14";"loliumul";4,00;6;4;1;11;6,32;6,49;5,63;6,76;0,28;5,78;3,38;111;14;3
"e2-54-22";"filipulm";5,00;6;4;1;7;6,24;6,52;5,84;6,75;0,25;5,78;3,64;165;22;4
"e2-54-31";"loliumul";4,00;6;4;1;11;6,29;6,47;5,65;6,77;0,23;5,76;3,52;158;11;3
"e2-54-43";"loliumul";4,00;6;7;12;11;6,60;6,89;5,96;7,14;0,26;5,68;3,73;98;5;3
"e2-55-13";"filipulm";5,00;6;4;6;7;6,36;6,59;6,28;6,93;0,25;5,76;3,64;175;14;4
"e2-55-22";"filipulm";7,00;2;6;3;9;5,89;6,42;6,41;6,87;0,24;5,75;3,65;243;20;4
"e2-55-23";"loliumul";4,00;6;4;12;11;6,49;6,55;6,06;6,92;0,25;5,65;3,49;112;6;3
"e2-55-31";"loliumul";4,00;6;4;12;11;6,50;6,76;5,97;7,00;0,26;5,76;3,72;120;14;3
"e2-56-12";"primuela";16,00;1;8;7;5;6,04;6,16;5,63;6,25;0,17;5,68;3,31;217;23;8
"e2-56-21";"primuela";17,00;5;3;8;16;5,63;5,67;5,99;5,73;0,10;5,42;3,35;198;8;8
"e2-56-22";"primuela";17,00;5;3;8;16;5,72;5,67;6,16;5,51;0,09;5,32;3,22;136;7;8
"e2-56-23";"primuela";17,00;5;3;8;16;5,78;5,72;5,42;6,14;0,12;5,60;3,46;172;11;8
"e2-57-11";"primuela";16,00;1;8;8;5;5,95;5,90;5,42;6,05;0,17;5,59;3,33;191;18;8
"e2-57-12";"primuela";17,00;5;3;8;16;6,05;6,04;5,67;5,89;0,18;5,44;3,32;146;6;8
"e2-57-21";"primuela";17,00;5;3;8;16;5,92;5,80;5,55;5,88;0,15;5,50;3,33;137;4;8
"e2-57-22";"primuela";17,00;5;3;8;16;5,90;5,64;5,47;6,11;0,17;5,54;3,30;149;10;8
"e2-57-23";"primuela";16,00;1;8;8;5;6,12;6,32;5,86;6,06;0,15;5,51;3,31;198;12;8
"e2-57-24";"primuela";16,00;1;8;7;5;6,09;6,18;5,74;6,45;0,22;5,68;3,47;189;21;8
"e2-57-42";"filipulm";5,00;2;4;1;7;6,17;6,42;5,67;6,74;0,19;5,78;3,60;178;25;4
"e2-58-11";"primuela";16,00;1;8;7;5;5,98;6,01;5,53;6,22;0,16;5,66;3,46;239;33;8
"e2-58-12";"primuela";15,00;5;4;1;6;6,16;6,30;5,51;6,35;0,16;5,65;3,40;113;7;8
"e2-58-13";"primuela";16,00;1;8;7;5;6,06;6,10;5,65;6,24;0,14;5,67;3,47;236;23;8
"e2-58-21";"primuela";16,00;1;8;7;5;5,70;5,88;5,72;6,15;0,15;5,63;3,33;277;27;8
"e2-58-22";"primuela";16,00;1;8;8;5;6,03;6,26;5,67;6,12;0,11;5,55;3,37;187;14;8
"e2-58-23";"buddldav";13,00;2;5;2;17;6,33;6,61;5,67;6,75;0,14;5,82;3,59;176;30;6
"e2-58-24";"primuela";15,00;6;4;1;6;6,03;6,39;5,48;6,82;0,17;5,74;3,60;166;14;8
"e2-58-31";"buddldav";13,00;6;4;1;17;6,23;6,41;5,61;6,70;0,17;5,77;3,59;150;23;6
"e2-58-32";"buddldav";13,00;6;4;1;17;6,17;6,57;4,88;6,80;0,15;5,87;3,64;116;25;6
"e2-58-33";"loliumul";4,00;6;4;1;11;6,37;6,69;5,44;6,71;0,12;5,70;3,61;94;6;3
"e2-58-41";"buddldav";13,00;6;4;1;17;6,11;6,64;5,09;6,95;0,21;5,86;3,64;140;23;6
"e2-58-42";"filipulm";5,00;6;4;1;7;6,09;6,42;5,44;6,78;0,24;5,76;3,57;181;22;4
"e2-58-43";"filipulm";6,00;5;3;10;3;5,79;6,33;6,31;6,78;0,29;5,62;3,43;117;2;4
"e2-58-44";"primuela";15,00;6;4;1;6;6,13;6,43;5,34;6,65;0,20;5,74;3,58;135;9;8
"e3-11-11";"filipulm";5,00;6;4;2;7;6,13;6,23;5,47;6,81;0,20;5,74;3,64;170;19;4
"e3-11-12";"buddldav";12,00;2;5;2;2;5,96;6,28;5,26;6,82;0,19;5,78;3,60;197;28;6
"e3-11-13";"filipulm";5,00;6;4;6;7;6,15;6,33;5,69;6,71;0,25;5,71;3,54;156;16;4
"e3-11-14";"loliumul";4,00;6;4;12;11;6,22;6,36;5,21;6,99;0,31;5,80;3,58;104;13;3
"e3-11-21";"filipulm";7,00;2;6;3;9;6,17;6,48;6,20;6,81;0,24;5,70;3,50;225;17;4
"e3-11-22";"filipulm";7,00;2;6;3;9;6,06;6,54;6,54;6,86;0,21;5,65;3,58;205;14;4
"e3-11-23";"filipulm";6,00;6;7;12;3;6,34;6,73;6,66;7,05;0,27;5,66;3,63;116;5;4
"e3-11-24";"filipulm";7,00;2;6;3;9;6,05;6,58;6,46;6,91;0,27;5,75;3,64;261;20;4
"e3-11-31";"filipulm";5,00;2;4;6;7;6,34;6,44;5,76;6,80;0,17;5,80;3,59;176;21;4
"e3-11-32";"filipulm";5,00;2;6;6;7;6,29;6,67;6,22;6,96;0,29;5,74;3,68;180;17;4
"e3-11-33";"filipulm";7,00;2;6;3;9;6,04;6,41;6,33;6,92;0,23;5,81;3,63;277;34;4
"e3-11-34";"filipulm";7,00;2;6;3;9;6,12;6,58;6,26;6,87;0,26;5,78;3,61;253;30;4
"e3-11-41";"filipulm";7,00;2;6;3;9;6,02;6,52;6,76;7,00;0,29;5,74;3,74;219;15;4
"e3-11-42";"filipulm";7,00;2;6;3;9;6,10;6,53;6,28;6,82;0,24;5,76;3,71;232;30;4
"e3-12-11";"filipulm";7,00;2;6;3;9;6,12;6,62;6,11;6,76;0,25;5,76;3,65;245;25;4
"e3-12-13";"filipulm";5,00;2;6;3;7;6,34;6,49;6,28;6,71;0,22;5,68;3,54;182;15;4
"e3-12-14";"primuela";16,00;1;8;7;5;5,83;6,00;6,02;6,22;0,13;5,55;3,41;207;14;8
"e3-12-21";"primuela";16,00;1;8;7;5;5,88;6,25;5,52;6,58;0,17;5,74;3,55;209;26;8
"e3-12-22";"primuela";16,00;1;8;7;5;6,02;6,24;5,70;6,44;0,21;5,74;3,45;231;23;8
"e3-12-23";"primuela";16,00;1;8;8;5;5,91;6,36;6,00;6,25;0,17;5,54;3,53;190;16;8
"e3-12-24";"primuela";17,00;5;3;10;16;5,88;6,32;5,44;6,31;0,22;5,67;3,47;116;6;8
"e3-12-32";"loliumul";4,00;6;4;1;11;6,35;6,27;5,59;6,69;0,25;5,81;3,58;147;16;3
"e3-12-33";"filipulm";5,00;2;4;1;7;6,44;6,50;6,09;6,64;0,20;5,70;3,66;180;21;4
"e3-12-34";"primuela";16,00;1;8;7;5;6,25;6,44;6,00;6,54;0,18;5,68;3,46;178;20;8
"e3-12-42";"loliumul";4,00;6;4;1;11;6,10;6,42;5,45;6,79;0,29;5,76;3,62;119;9;3
"e3-12-43";"primuela";16,00;1;8;7;5;6,00;6,35;6,01;6,47;0,13;5,67;3,58;194;16;8
"e3-12-44";"primuela";16,00;1;8;7;5;6,16;6,36;5,79;6,58;0,17;5,75;3,50;235;22;8
"e3-13-11";"primuela";15,00;5;3;8;6;6,18;6,22;5,78;6,39;0,20;5,68;3,64;144;15;8
"e3-13-24";"primuela";15,00;1;8;8;6;6,17;6,31;5,56;6,25;0,17;5,61;3,51;159;8;8
"e3-13-33";"primuela";16,00;1;8;7;5;6,11;6,44;6,03;6,45;0,22;5,64;3,45;200;8;8
"e3-13-43";"primuela";16,00;1;8;7;5;6,18;6,40;5,88;6,57;0,20;5,71;3,48;206;16;8
"e3-13-44";"primuela";16,00;1;8;7;5;6,00;6,45;6,14;6,49;0,17;5,64;3,47;221;14;8
"e3-14-11";"primuela";15,00;6;4;1;6;6,21;6,41;5,77;6,55;0,23;5,69;3,53;149;9;8
"e3-14-12";"primuela";15,00;5;3;1;6;6,13;6,38;5,48;6,42;0,29;5,64;3,63;148;11;8
"e3-14-13";"primuela";16,00;1;8;7;5;5,86;6,38;5,52;6,53;0,13;5,73;3,46;216;16;8
"e3-14-14";"primuela";17,00;5;3;10;16;6,13;6,16;6,12;6,20;0,26;5,54;3,49;125;6;8
"e3-14-21";"primuela";16,00;1;8;7;5;5,82;6,24;5,92;6,32;0,21;5,58;3,47;216;10;8
"e3-14-22";"primuela";16,00;1;8;8;5;5,98;6,22;6,11;6,17;0,21;5,57;3,38;209;13;8
"e3-14-23";"primuela";16,00;1;8;7;5;6,03;6,27;5,53;6,37;0,23;5,66;3,56;203;17;8
"e3-14-24";"primuela";16,00;1;8;7;5;6,10;6,32;5,86;6,29;0,20;5,62;3,50;216;14;8
"e3-14-31";"primuela";16,00;1;8;7;5;6,23;6,55;5,71;6,52;0,18;5,67;3,57;182;12;8
"e3-14-32";"primuela";16,00;1;8;7;5;5,82;6,11;5,99;6,19;0,13;5,56;3,39;228;8;8
"e3-14-33";"primuela";15,00;1;8;1;6;5,97;6,31;5,40;6,46;0,14;5,62;3,57;172;9;8
"e3-14-34";"primuela";16,00;1;8;7;5;6,00;6,35;5,70;6,39;0,14;5,66;3,47;213;14;8
"e3-14-43";"loliumul";4,00;6;4;1;11;6,23;6,42;5,36;6,74;0,25;5,82;3,34;103;11;3
"e3-14-44";"primuela";16,00;1;8;7;5;6,07;6,30;6,04;6,54;0,22;5,71;3,53;204;11;8
"e3-15-11";"primuela";15,00;5;3;1;6;5,99;6,01;5,45;6,32;0,17;5,64;3,54;146;9;8
"e3-15-21";"primuela";17,00;5;3;10;16;6,09;6,32;6,07;6,21;0,11;5,48;3,35;139;4;8
"e3-15-31";"loliumul";4,00;6;4;1;11;6,24;6,62;5,36;6,82;0,33;5,64;3,58;98;4;3
"e3-16-13";"primuela";16,00;1;8;7;5;6,03;6,24;5,90;6,49;0,21;5,69;3,49;207;17;8
"e3-16-21";"primuela";16,00;1;8;7;5;5,99;6,34;5,81;6,58;0,19;5,66;3,52;214;14;8
"e3-16-22";"primuela";16,00;1;8;7;5;6,07;6,28;6,23;6,51;0,19;5,60;3,46;187;12;8
"e3-16-24";"filipulm";7,00;1;6;7;9;5,95;6,30;6,28;6,62;0,18;5,68;3,52;301;22;4
"e3-16-31";"primuela";16,00;1;8;7;5;5,98;6,19;6,11;6,45;0,23;5,61;3,44;220;12;8
"e3-16-41";"primuela";15,00;6;4;1;6;5,90;6,31;5,71;6,74;0,27;5,62;3,50;165;7;8
"e3-16-42";"primuela";16,00;1;8;7;5;6,00;6,29;6,04;6,41;0,22;5,59;3,38;204;14;8
"e3-16-43";"primuela";15,00;5;3;10;6;6,26;6,49;5,80;6,44;0,22;5,58;3,53;101;3;8
"e3-17-13";"loliumul";4,00;6;4;1;11;6,16;6,37;5,71;6,59;0,23;5,68;3,53;148;16;3
"e3-17-21";"filipulm";5,00;2;4;1;7;6,04;6,27;5,47;6,61;0,24;5,73;3,60;190;18;4
"e3-17-32";"loliumul";4,00;6;4;1;11;6,37;6,37;5,75;6,85;0,26;5,66;3,52;110;8;3
"e3-17-41";"primuela";16,00;1;8;7;5;6,02;6,26;5,98;6,56;0,21;5,66;3,48;234;12;8
"e3-17-42";"loliumul";4,00;6;4;1;11;6,32;6,63;5,98;6,58;0,23;5,68;3,56;146;13;3
"e3-17-43";"primuela";16,00;1;8;7;5;6,09;6,27;6,18;6,54;0,20;5,57;3,40;206;17;8
"e3-17-44";"filipulm";7,00;2;6;7;9;6,03;6,38;6,00;6,67;0,20;5,68;3,48;272;32;4
"e3-18-11";"filipulm";5,00;2;6;6;7;6,12;6,38;5,79;6,75;0,21;5,65;3,59;187;16;4
"e3-18-12";"primuela";16,00;1;8;7;5;6,03;6,21;5,85;6,62;0,22;5,67;3,47;233;23;8
"e3-18-13";"filipulm";5,00;1;6;7;7;6,09;6,38;6,06;6,66;0,17;5,65;3,56;209;12;4
"e3-18-14";"loliumul";4,00;5;3;10;11;6,47;6,40;5,72;6,63;0,12;5,63;3,55;104;7;3
"e3-18-21";"filipulm";7,00;2;6;3;9;5,68;6,30;6,31;6,68;0,18;5,68;3,63;358;36;4
"e3-18-23";"filipulm";7,00;2;6;3;9;5,58;6,26;6,28;6,71;0,17;5,72;3,59;382;39;4
"e3-18-24";"filipulm";7,00;1;8;7;9;5,76;6,21;5,99;6,51;0,17;5,68;3,51;324;29;4
"e3-18-31";"filipulm";7,00;1;6;7;9;5,92;6,27;6,12;6,62;0,20;5,67;3,50;260;20;4
"e3-18-33";"filipulm";5,00;1;6;6;7;6,13;6,42;6,20;6,65;0,22;5,55;3,58;178;10;4
"e3-18-34";"loliumul";4,00;6;4;12;11;5,99;6,18;5,66;6,98;0,30;5,73;3,66;145;14;3
"e3-18-42";"primuela";15,00;5;3;10;6;5,71;6,34;5,32;6,83;0,17;5,62;3,55;126;9;8
"e3-18-43";"loliumul";4,00;6;4;1;11;5,72;6,24;5,10;6,94;0,25;5,80;3,56;120;8;3
"e3-18-44";"filipulm";5,00;2;6;2;7;5,96;6,35;5,67;6,77;0,19;5,73;3,57;208;25;4
"e3-21-11";"filipulm";5,00;6;4;6;7;6,39;6,48;5,87;6,94;0,32;5,74;3,70;149;22;4
"e3-21-13";"filipulm";5,00;2;6;6;7;6,31;6,43;6,16;6,59;0,26;5,72;3,54;187;12;4
"e3-21-14";"filipulm";7,00;1;8;7;9;5,72;6,14;6,19;6,40;0,16;5,65;3,44;357;33;4
"e3-21-22";"primuela";15,00;6;4;1;6;6,23;6,38;5,75;6,61;0,20;5,67;3,69;162;15;8
"e3-21-23";"loliumul";4,00;6;4;1;11;6,12;6,43;5,83;6,79;0,25;5,74;3,59;146;12;3
"e3-21-31";"primuela";16,00;1;8;7;5;5,82;6,16;5,85;6,39;0,18;5,64;3,42;318;37;8
"e3-21-32";"primuela";16,00;1;8;7;5;5,90;6,10;5,95;6,28;0,17;5,60;3,40;274;22;8
"e3-21-33";"primuela";16,00;1;8;7;5;5,90;6,24;5,97;6,24;0,17;5,66;3,40;305;30;8
"e3-21-43";"primuela";16,00;1;8;7;5;6,14;6,38;5,67;6,43;0,16;5,75;3,52;189;28;8
"e3-21-44";"primuela";15,00;6;4;1;6;6,25;6,42;5,63;6,42;0,19;5,68;3,55;148;12;8
"e3-22-12";"filipulm";5,00;6;4;1;7;6,02;6,32;5,59;6,68;0,17;5,78;3,53;171;11;4
"e3-22-14";"buddldav";13,00;6;4;1;17;6,27;6,41;5,40;6,71;0,22;5,82;3,53;148;21;6
"e3-22-21";"primuela";17,00;5;3;10;16;6,23;6,55;5,82;6,45;0,24;5,63;3,44;120;8;8
"e3-22-31";"primuela";15,00;5;3;10;6;6,26;6,43;5,92;6,40;0,21;5,59;3,57;131;5;8
"e3-22-32";"primuela";16,00;1;8;7;5;6,01;6,37;5,73;6,38;0,17;5,59;3,35;189;8;8
"e3-22-33";"primuela";15,00;5;3;1;6;6,27;6,66;5,79;6,39;0,20;5,60;3,49;134;4;8
"e3-22-34";"primuela";16,00;1;8;7;5;5,99;6,39;5,76;6,39;0,19;5,68;3,47;225;12;8
"e3-22-41";"primuela";16,00;1;8;8;5;6,07;6,39;5,64;6,27;0,18;5,59;3,44;172;8;8
"e3-22-43";"primuela";16,00;1;8;7;5;5,91;6,31;5,89;6,20;0,14;5,58;3,44;210;6;8
"e3-22-44";"primuela";16,00;1;8;7;5;6,00;6,29;5,70;6,46;0,21;5,61;3,47;186;11;8
"e3-23-11";"filipulm";7,00;1;8;7;9;6,05;6,44;6,16;6,57;0,20;5,70;3,54;250;25;4
"e3-23-12";"primuela";16,00;1;8;7;5;6,02;6,35;5,95;6,34;0,17;5,62;3,44;258;15;8
"e3-23-13";"primuela";15,00;6;4;1;6;6,23;6,61;5,65;6,43;0,22;5,73;3,44;154;18;8
"e3-23-14";"primuela";17,00;5;3;10;16;6,15;6,37;6,18;6,31;0,17;5,51;3,51;153;5;8
"e3-23-21";"primuela";16,00;1;8;8;5;6,09;6,40;5,60;6,32;0,16;5,67;3,58;168;13;8
"e3-23-22";"primuela";16,00;1;8;7;5;6,09;6,42;5,58;6,41;0,18;5,66;3,43;191;15;8
"e3-23-23";"primuela";16,00;1;8;7;5;6,06;6,47;5,64;6,64;0,17;5,70;3,60;236;21;8
"e3-23-24";"primuela";16,00;1;8;7;5;6,10;6,45;5,76;6,51;0,14;5,68;3,49;203;19;8
"e3-23-31";"primuela";15,00;6;4;1;6;5,99;6,36;5,53;6,49;0,23;5,69;3,47;156;12;8
"e3-23-32";"primuela";16,00;1;8;7;5;5,90;6,43;5,79;6,54;0,21;5,63;3,50;241;12;8
"e3-23-33";"primuela";17,00;5;3;1;16;5,84;6,24;5,49;6,24;0,22;5,61;3,32;148;12;8
"e3-23-34";"primuela";16,00;1;8;7;5;6,03;6,43;6,00;6,58;0,18;5,68;3,55;235;21;8
"e3-23-41";"primuela";16,00;1;8;7;5;6,01;6,41;5,70;6,32;0,18;5,64;3,48;204;16;8
"e3-23-42";"primuela";17,00;5;3;10;16;5,77;6,34;5,49;6,35;0,13;5,61;3,54;132;6;8
"e3-23-43";"primuela";16,00;1;8;8;5;5,87;6,20;5,84;6,13;0,13;5,54;3,39;202;8;8
"e3-23-44";"primuela";17,00;1;8;8;16;5,90;6,29;6,08;6,03;0,10;5,44;3,39;179;7;8
"e3-24-11";"filipulm";5,00;2;4;1;7;6,06;6,57;5,58;6,69;0,14;5,77;3,55;180;18;4
"e3-24-12";"primuela";16,00;1;8;7;5;5,91;6,18;5,94;6,35;0,16;5,62;3,44;282;24;8
"e3-24-13";"primuela";15,00;1;8;7;6;5,94;6,41;5,31;6,63;0,15;5,69;3,56;196;15;8
"e3-24-21";"primuela";16,00;1;8;7;5;5,93;6,07;6,04;6,11;0,17;5,54;3,44;223;17;8
"e3-24-22";"filipulm";6,00;5;3;10;3;6,04;6,23;6,04;6,55;0,23;5,62;3,38;124;4;4
"e3-24-31";"primuela";16,00;1;8;8;5;5,91;6,12;5,70;6,21;0,18;5,55;3,45;174;5;8
"e3-24-33";"primuela";16,00;1;8;7;5;5,66;5,90;5,98;6,15;0,16;5,52;3,40;252;15;8
"e3-24-42";"primuela";17,00;5;3;10;16;6,14;6,49;5,80;6,39;0,15;5,64;3,51;110;6;8
"e3-25-11";"primuela";15,00;5;4;1;6;5,87;6,30;5,36;6,51;0,19;5,62;3,40;139;5;8
"e3-25-21";"primuela";16,00;1;8;7;5;6,04;6,15;5,94;6,53;0,22;5,64;3,38;219;13;8
"e3-25-32";"primuela";15,00;6;4;1;6;6,19;6,59;5,63;6,49;0,25;5,71;3,41;133;17;8
"e3-25-41";"loliumul";4,00;6;4;1;11;6,20;6,40;5,58;6,74;0,22;5,69;3,49;147;18;3
"e3-25-42";"primuela";16,00;1;8;7;5;5,97;6,22;5,91;6,30;0,18;5,63;3,33;194;12;8
"e3-26-21";"primuela";16,00;1;8;7;5;6,07;6,26;5,91;6,51;0,23;5,70;3,45;225;20;8
"e3-26-31";"primuela";16,00;1;8;7;5;5,82;6,17;6,06;6,24;0,20;5,54;3,39;244;11;8
"e3-26-32";"primuela";16,00;1;8;7;5;6,00;6,28;5,89;6,45;0,23;5,63;3,52;199;18;8
"e3-26-43";"primuela";16,00;1;8;7;5;5,96;6,24;5,97;6,50;0,19;5,63;3,42;253;24;8
"e3-26-44";"primuela";17,00;5;3;10;16;6,21;6,50;5,78;6,38;0,19;5,57;3,48;118;6;8
"e3-27-13";"primuela";15,00;6;4;1;6;6,31;6,41;5,76;6,57;0,23;5,72;3,53;139;9;8
"e3-27-14";"primuela";16,00;1;8;7;5;6,10;6,35;6,18;6,57;0,23;5,65;3,49;220;18;8
"e3-27-23";"primuela";16,00;1;8;7;5;6,00;6,38;6,15;6,57;0,22;5,60;3,47;235;18;8
"e3-27-33";"primuela";16,00;1;8;7;5;6,06;6,42;6,08;6,55;0,20;5,67;3,56;244;29;8
"e3-27-34";"loliumul";4,00;6;4;1;11;6,38;6,61;5,73;6,76;0,20;5,67;3,57;109;10;3
"e3-27-43";"loliumul";4,00;5;4;10;11;6,27;6,28;5,55;6,63;0,31;5,56;3,45;101;5;3
"e3-27-44";"primuela";17,00;5;3;10;16;6,29;6,25;5,81;6,35;0,15;5,65;3,50;98;7;8
"e3-28-13";"filipulm";6,00;5;3;10;3;6,34;6,47;6,31;6,66;0,20;5,52;3,46;145;4;4
"e3-28-21";"filipulm";7,00;2;6;3;9;5,95;6,40;6,16;6,65;0,18;5,73;3,62;319;39;4
"e3-28-22";"filipulm";5,00;2;6;6;7;6,27;6,45;5,85;6,80;0,21;5,68;3,63;184;21;4
"e3-28-23";"filipulm";7,00;2;6;3;9;5,85;6,29;6,34;6,77;0,21;5,69;3,59;299;26;4
"e3-28-24";"primuela";17,00;5;3;10;16;6,19;6,25;6,33;6,05;0,12;5,38;3,46;119;1;8
"e3-28-32";"primuela";16,00;1;8;7;5;6,09;6,46;5,86;6,69;0,17;5,74;3,68;197;17;8
"e3-28-34";"filipulm";7,00;2;6;3;9;5,74;6,24;5,83;6,75;0,20;5,72;3,56;279;34;4
"e3-28-41";"filipulm";7,00;2;6;3;9;6,01;6,25;6,26;6,73;0,21;5,70;3,56;286;32;4
"e3-28-44";"primuela";16,00;1;8;7;5;5,88;6,11;5,83;6,38;0,18;5,69;3,52;248;28;8
"e3-31-11";"primuela";16,00;1;8;7;5;6,07;6,40;5,92;6,31;0,20;5,64;3,41;234;23;8
"e3-31-12";"loliumul";4,00;6;4;1;11;6,24;6,39;5,32;6,78;0,26;5,77;3,59;139;20;3
"e3-31-13";"primuela";17,00;5;3;8;16;6,23;6,22;5,75;5,99;0,16;5,54;3,36;147;8;8
"e3-31-14";"primuela";17,00;5;3;8;16;6,13;6,20;5,91;5,99;0,18;5,41;3,38;130;3;8
"e3-31-23";"primuela";17,00;1;8;8;16;6,06;6,28;5,83;6,29;0,15;5,54;3,37;183;8;8
"e3-31-24";"primuela";16,00;1;8;7;5;5,92;6,22;5,81;6,40;0,17;5,68;3,41;256;22;8
"e3-31-31";"primuela";16,00;1;8;7;5;6,15;6,24;5,95;6,24;0,16;5,60;3,42;205;14;8
"e3-31-32";"primuela";16,00;1;8;7;5;5,98;6,27;6,00;6,39;0,12;5,57;3,45;215;9;8
"e3-31-33";"primuela";17,00;5;3;10;16;6,30;6,26;5,39;6,24;0,17;5,65;3,38;123;5;8
"e3-31-41";"primuela";17,00;5;3;10;16;6,35;6,49;6,12;6,42;0,13;5,45;3,28;106;3;8
"e3-31-42";"primuela";16,00;1;8;7;5;6,10;6,40;5,91;6,24;0,14;5,60;3,37;232;14;8
"e3-31-43";"filipulm";6,00;5;3;10;3;6,50;6,65;6,51;6,63;0,26;5,61;3,49;101;6;4
"e3-31-44";"primuela";15,00;6;4;1;6;6,24;6,38;5,58;6,54;0,21;5,63;3,54;136;18;8
"e3-32-11";"primuela";15,00;1;8;1;6;6,25;6,49;5,67;6,37;0,21;5,75;3,47;168;20;8
"e3-32-12";"primuela";16,00;1;8;7;5;6,19;6,50;5,89;6,02;0,16;5,56;3,40;203;11;8
"e3-32-14";"primuela";17,00;5;3;10;16;6,12;6,48;6,06;6,10;0,18;5,49;3,52;142;9;8
"e3-32-21";"primuela";17,00;5;3;10;16;6,06;6,50;5,83;6,39;0,19;5,51;3,35;162;5;8
"e3-32-23";"primuela";16,00;1;8;7;5;5,99;6,31;5,78;6,19;0,16;5,60;3,36;198;16;8
"e3-32-31";"primuela";16,00;1;8;8;5;5,95;6,39;5,68;6,17;0,10;5,53;3,46;178;6;8
"e3-32-33";"primuela";16,00;1;8;7;5;6,04;6,24;5,90;6,23;0,18;5,58;3,45;261;13;8
"e3-32-34";"primuela";16,00;1;8;7;5;5,77;6,01;5,80;6,12;0,13;5,56;3,40;275;20;8
"e3-32-43";"primuela";17,00;5;3;8;16;5,56;5,75;5,88;5,76;0,11;5,35;3,31;154;3;8
"e3-32-44";"primuela";16,00;1;8;7;5;6,01;6,21;5,78;6,25;0,19;5,60;3,40;205;10;8
"e3-33-12";"primuela";16,00;1;8;7;5;5,79;6,23;5,99;6,50;0,16;5,65;3,47;306;28;8
"e3-33-14";"primuela";16,00;1;8;7;5;5,95;6,34;6,02;6,58;0,18;5,59;3,43;192;7;8
"e3-33-21";"primuela";16,00;1;8;7;5;5,90;6,20;5,84;6,17;0,17;5,61;3,44;256;28;8
"e3-33-22";"primuela";16,00;1;8;8;5;6,07;6,37;5,79;6,11;0,17;5,62;3,41;172;15;8
"e3-33-23";"primuela";16,00;1;8;7;5;5,93;6,23;5,75;6,27;0,15;5,57;3,48;220;12;8
"e3-33-24";"primuela";17,00;5;3;10;16;6,00;6,18;5,82;6,21;0,18;5,49;3,31;136;5;8
"e3-33-31";"primuela";17,00;5;3;8;16;5,90;5,92;5,75;6,18;0,21;5,44;3,26;154;7;8
"e3-33-41";"primuela";16,00;1;8;7;5;6,01;6,36;6,08;6,32;0,16;5,62;3,50;242;17;8
"e3-33-42";"primuela";16,00;1;8;7;5;5,58;5,97;5,77;6,26;0,14;5,58;3,39;291;17;8
"e3-33-44";"primuela";17,00;5;3;8;16;5,84;5,92;5,81;6,02;0,11;5,42;3,47;141;7;8
"e3-34-14";"primuela";15,00;5;3;1;6;6,24;6,39;5,98;6,31;0,15;5,53;3,50;138;11;8
"e3-34-21";"primuela";17,00;5;3;10;16;6,00;6,38;6,06;6,19;0,19;5,39;3,36;129;6;8
"e3-34-22";"primuela";16,00;1;8;7;5;5,80;6,01;5,90;6,20;0,16;5,56;3,31;277;14;8
"e3-34-23";"primuela";16,00;1;8;7;5;5,93;6,34;5,88;6,56;0,15;5,62;3,46;190;9;8
"e3-34-31";"primuela";17,00;5;3;10;16;5,84;6,11;5,73;6,44;0,27;5,52;3,35;154;12;8
"e3-34-42";"loliumul";4,00;6;4;1;11;6,23;6,37;5,55;6,58;0,23;5,79;3,41;128;19;3
"e3-35-11";"primuela";16,00;1;8;8;5;5,83;6,03;6,03;6,08;0,19;5,49;3,34;185;9;8
"e3-35-13";"primuela";16,00;1;8;7;5;5,97;6,16;6,15;6,12;0,16;5,51;3,35;210;14;8
"e3-35-14";"primuela";16,00;1;8;7;5;5,91;6,09;5,99;6,12;0,16;5,52;3,36;239;16;8
"e3-35-21";"primuela";17,00;5;3;10;16;5,92;6,21;5,94;6,34;0,18;5,43;3,32;147;5;8
"e3-35-32";"primuela";16,00;1;8;7;5;5,68;6,12;5,83;6,47;0,18;5,50;3,38;183;4;8
"e3-35-34";"filipulm";6,00;5;3;10;3;5,89;6,17;6,15;6,80;0,22;5,54;3,50;144;3;4
"e3-35-43";"primuela";16,00;1;8;7;5;5,93;6,30;6,50;6,54;0,19;5,61;3,47;266;14;8
"e3-35-44";"filipulm";6,00;5;3;10;3;6,11;6,22;6,47;6,84;0,21;5,54;3,36;154;6;4
"e3-36-14";"loliumul";4,00;6;4;1;11;6,20;6,50;5,51;6,73;0,27;5,57;3,58;109;4;3
"e3-36-23";"primuela";17,00;5;3;10;16;6,45;6,28;5,93;6,17;0,12;5,51;3,57;112;11;8
"e3-36-31";"filipulm";6,00;5;3;10;3;6,14;6,36;6,72;6,57;0,20;5,43;3,53;113;5;4
"e3-36-33";"primuela";17,00;5;3;10;16;6,21;6,50;6,65;6,52;0,23;5,40;3,51;104;3;8
"e3-36-34";"filipulm";6,00;5;3;10;3;6,19;6,40;6,21;6,68;0,25;5,63;3,61;149;8;4
"e3-36-43";"filipulm";7,00;2;6;3;9;6,06;6,35;6,11;6,79;0,19;5,65;3,61;213;13;4
"e3-36-44";"filipulm";6,00;5;3;10;3;6,39;6,42;6,07;6,70;0,27;5,64;3,54;133;12;4
"e3-37-14";"filipulm";5,00;2;6;3;7;6,09;6,50;6,03;6,81;0,18;5,71;3,65;192;13;4
"e3-37-21";"filipulm";7,00;2;6;3;9;6,01;6,40;6,38;6,75;0,20;5,71;3,56;281;17;4
"e3-37-22";"primuela";17,00;5;3;10;16;6,32;6,53;5,17;6,36;0,11;5,60;3,47;87;14;8
"e3-37-23";"filipulm";5,00;2;6;3;7;5,89;6,42;6,17;6,84;0,17;5,63;3,57;195;8;4
"e3-37-24";"filipulm";6,00;5;3;10;3;6,01;6,37;5,83;6,74;0,16;5,51;3,62;114;9;4
"e3-37-31";"filipulm";6,00;5;3;10;3;6,22;6,47;6,27;6,79;0,22;5,64;3,48;128;8;4
"e3-37-32";"filipulm";6,00;5;3;10;3;6,26;6,44;6,08;6,75;0,15;5,65;3,66;171;14;4
"e3-37-43";"primuela";16,00;1;8;7;5;5,91;6,29;6,18;6,48;0,20;5,54;3,48;216;9;8
"e3-38-11";"loliumul";4,00;6;4;6;11;6,28;6,58;6,14;6,91;0,20;5,66;3,50;138;11;3
"e3-38-12";"loliumul";4,00;5;4;10;11;6,18;6,42;5,94;6,75;0,16;5,69;3,66;106;4;3
"e3-38-21";"primuela";16,00;1;8;7;5;6,33;6,32;6,13;6,40;0,16;5,63;3,60;175;11;8
"e3-38-22";"primuela";17,00;5;3;10;16;6,30;6,44;5,90;6,21;0,12;5,57;3,65;129;8;8
"e3-38-24";"primuela";16,00;1;8;8;5;6,20;6,27;6,00;6,25;0,14;5,59;3,55;169;10;8
"e3-38-32";"primuela";17,00;5;3;10;16;6,25;6,31;6,02;6,31;0,13;5,56;3,43;130;5;8
"e3-38-34";"primuela";17,00;5;3;8;16;6,14;6,13;5,77;5,85;0,15;5,38;3,32;147;5;8
"e3-38-41";"primuela";17,00;5;3;8;16;6,10;6,27;6,03;5,98;0,13;5,47;3,39;159;7;8
"e3-38-42";"primuela";16,00;1;8;7;5;5,93;6,14;5,65;6,20;0,16;5,63;3,42;253;23;8
"e3-38-43";"primuela";16,00;1;8;7;5;5,64;5,95;5,89;6,14;0,13;5,53;3,37;306;21;8
"e3-38-44";"primuela";17,00;5;3;10;16;5,95;5,87;5,65;5,89;0,22;5,54;3,22;115;4;8
"e3-41-11";"loliumul";4,00;6;4;1;11;6,18;6,39;5,29;6,70;0,28;5,78;3,64;139;11;3
"e3-41-12";"primuela";15,00;5;4;1;6;6,31;6,47;5,70;6,29;0,20;5,62;3,36;143;12;8
"e3-41-13";"primuela";17,00;5;3;10;16;5,89;5,93;5,81;6,37;0,21;5,50;3,37;123;4;8
"e3-41-14";"primuela";17,00;5;3;10;16;6,25;6,50;5,94;6,41;0,20;5,55;3,39;142;6;8
"e3-41-21";"primuela";16,00;1;8;8;5;6,00;6,19;5,84;6,40;0,20;5,58;3,41;164;7;8
"e3-41-22";"primuela";16,00;1;8;8;5;6,13;6,40;5,83;6,18;0,17;5,55;3,44;176;11;8
"e3-41-23";"primuela";16,00;1;8;7;5;6,06;6,33;6,05;6,21;0,19;5,63;3,36;188;15;8
"e3-41-31";"primuela";17,00;5;3;10;16;6,05;6,17;6,01;6,32;0,16;5,51;3,35;131;6;8
"e3-41-32";"primuela";17,00;5;3;8;16;5,93;5,89;5,68;6,03;0,24;5,45;3,30;157;10;8
"e3-41-33";"primuela";16,00;1;8;8;5;5,73;5,61;5,67;6,07;0,21;5,56;3,32;172;12;8
"e3-41-34";"primuela";16,00;1;8;7;5;5,71;5,90;5,96;6,28;0,17;5,56;3,41;277;20;8
"e3-41-42";"primuela";16,00;1;8;8;5;5,84;6,18;6,00;6,09;0,15;5,44;3,33;198;6;8
"e3-41-43";"primuela";17,00;5;3;10;16;5,85;6,13;5,67;5,92;0,12;5,57;3,40;121;6;8
"e3-41-44";"primuela";17,00;5;3;10;16;5,89;5,93;5,82;5,65;0,06;5,51;3,33;107;2;8
"e3-42-11";"primuela";16,00;1;8;7;5;6,05;6,17;5,77;6,20;0,18;5,57;3,39;231;27;8
"e3-42-12";"primuela";16,00;1;8;8;5;5,87;5,99;5,95;5,94;0,15;5,47;3,27;234;8;8
"e3-42-14";"primuela";17,00;5;3;8;16;6,02;6,04;6,00;6,10;0,15;5,43;3,39;145;6;8
"e3-42-21";"primuela";16,00;1;8;8;5;5,90;6,05;5,77;6,11;0,15;5,58;3,40;210;15;8
"e3-42-22";"primuela";17,00;5;3;10;16;6,05;6,15;5,85;6,14;0,20;5,40;3,44;134;6;8
"e3-42-23";"primuela";17,00;5;3;8;16;5,97;6,08;5,74;6,18;0,19;5,55;3,29;158;11;8
"e3-42-31";"primuela";16,00;1;8;8;5;5,73;5,75;5,80;5,94;0,16;5,42;3,23;189;6;8
"e3-42-33";"primuela";17,00;5;3;8;16;5,70;5,96;5,93;6,09;0,23;5,48;3,34;137;7;8
"e3-42-34";"primuela";17,00;1;8;8;16;5,68;5,62;5,81;5,95;0,13;5,45;3,23;186;10;8
"e3-42-41";"primuela";16,00;1;8;7;5;5,92;6,22;5,87;6,25;0,20;5,60;3,46;196;15;8
"e3-42-43";"primuela";16,00;1;8;7;5;5,69;5,77;5,95;6,07;0,14;5,54;3,28;247;21;8
"e3-42-44";"primuela";16,00;1;8;8;5;5,56;5,91;5,74;6,12;0,11;5,47;3,42;189;8;8
"e3-43-11";"filipulm";6,00;5;3;10;3;6,20;6,56;6,15;6,65;0,15;5,55;3,51;137;3;4
"e3-43-12";"filipulm";5,00;2;4;1;7;6,01;6,40;5,94;6,77;0,15;5,73;3,49;194;25;4
"e3-43-13";"primuela";16,00;1;8;7;5;5,85;6,34;5,57;6,63;0,20;5,69;3,58;195;13;8
"e3-43-14";"primuela";16,00;1;8;7;5;6,02;6,42;6,07;6,49;0,16;5,59;3,45;211;18;8
"e3-43-21";"primuela";17,00;5;3;10;16;5,92;6,20;6,09;6,34;0,23;5,52;3,48;153;9;8
"e3-43-24";"primuela";17,00;5;3;10;16;5,95;6,13;6,07;6,45;0,21;5,45;3,57;113;2;8
"e3-43-31";"primuela";17,00;5;3;10;16;5,86;6,21;5,77;6,22;0,14;5,44;3,45;118;6;8
"e3-43-32";"primuela";16,00;1;8;7;5;5,75;6,04;5,95;6,06;0,14;5,49;3,38;260;17;8
"e3-43-33";"primuela";16,00;1;8;8;5;5,86;5,79;5,87;5,91;0,11;5,44;3,38;186;8;8
"e3-43-34";"primuela";16,00;1;8;8;5;5,82;5,97;5,82;6,02;0,16;5,50;3,31;181;15;8
"e3-43-41";"primuela";16,00;1;8;7;5;5,83;6,04;5,96;6,06;0,15;5,52;3,43;255;12;8
"e3-43-42";"primuela";16,00;1;8;7;5;5,87;6,30;5,79;6,24;0,15;5,58;3,40;237;20;8
"e3-43-43";"primuela";16,00;1;8;7;5;5,84;6,10;5,73;6,03;0,17;5,57;3,38;239;25;8
"e3-43-44";"primuela";16,00;1;8;8;5;5,88;5,99;5,89;6,27;0,17;5,43;3,38;192;10;8
"e3-44-13";"primuela";17,00;5;3;10;16;6,01;6,05;5,95;6,07;0,18;5,41;3,47;121;2;8
"e3-44-31";"primuela";16,00;1;8;8;5;6,01;6,18;5,95;6,02;0,16;5,56;3,35;197;8;8
"e3-44-33";"primuela";16,00;1;8;8;5;5,88;6,11;5,96;6,08;0,15;5,51;3,40;186;10;8
"e3-44-34";"primuela";17,00;5;3;10;16;5,86;6,25;6,40;6,36;0,18;5,35;3,46;134;1;8
"e3-44-41";"filipulm";6,00;5;3;10;3;6,03;6,33;6,40;6,57;0,19;5,48;3,54;105;0;4
"e3-44-42";"filipulm";6,00;5;3;10;3;6,17;6,17;6,08;6,67;0,20;5,54;3,51;123;4;4
"e3-45-11";"primuela";17,00;5;3;10;16;6,19;6,40;6,49;6,63;0,23;5,44;3,40;119;4;8
"e3-45-12";"filipulm";6,00;5;3;10;3;5,89;6,25;6,42;6,69;0,22;5,46;3,46;145;2;4
"e3-45-23";"filipulm";6,00;6;4;6;3;5,97;6,47;6,58;7,04;0,20;5,58;3,62;147;6;4
"e3-45-34";"buddldav";13,00;6;4;1;17;6,36;6,63;5,74;6,70;0,14;5,80;3,69;155;34;6
"e3-45-41";"primuela";16,00;1;8;8;5;5,91;6,10;5,95;6,38;0,21;5,58;3,45;186;9;8
"e3-45-43";"primuela";16,00;1;8;7;5;5,88;6,03;5,66;6,25;0,16;5,66;3,37;236;26;8
"e3-46-12";"loliumul";4,00;6;4;12;11;6,29;6,64;5,88;6,82;0,21;5,64;3,69;96;6;3
"e3-46-21";"filipulm";6,00;5;4;6;3;6,04;6,13;6,11;6,65;0,22;5,53;3,58;167;13;4
"e3-46-22";"loliumul";4,00;6;4;1;11;6,32;6,56;5,71;6,87;0,25;5,60;3,48;107;9;3
"e3-46-33";"primuela";16,00;1;8;8;5;6,09;6,05;5,79;6,05;0,14;5,54;3,48;175;12;8
"e3-46-34";"primuela";16,00;1;8;8;5;5,67;5,82;6,29;5,89;0,10;5,36;3,23;217;11;8
"e3-46-43";"primuela";17,00;5;3;8;16;6,15;6,27;6,24;5,20;0,08;5,40;3,18;107;5;8
"e3-47-11";"primuela";16,00;1;8;7;5;6,11;6,38;5,77;6,33;0,22;5,59;3,47;185;12;8
"e3-47-12";"primuela";15,00;6;4;1;6;6,36;6,50;5,30;6,57;0,19;5,71;3,59;112;8;8
"e3-47-13";"primuela";16,00;1;8;8;5;6,08;6,37;6,07;6,00;0,15;5,52;3,41;228;15;8
"e3-47-24";"filipulm";5,00;6;4;1;7;6,29;6,34;5,75;6,53;0,22;5,69;3,50;165;15;4
"e3-47-32";"primuela";17,00;5;3;10;16;6,22;6,54;6,20;6,04;0,12;5,48;3,52;128;5;8
"e3-47-41";"primuela";17,00;5;3;8;16;5,77;6,13;5,91;6,28;0,17;5,49;3,46;161;6;8
"e3-48-12";"primuela";17,00;5;3;10;16;6,26;6,48;5,96;6,44;0,08;5,54;3,62;124;9;8
"e3-48-14";"primuela";15,00;6;4;1;6;6,29;6,50;6,05;6,64;0,19;5,70;3,68;151;8;8
"e3-48-33";"primuela";17,00;5;3;8;16;5,99;6,30;5,97;6,21;0,19;5,43;3,41;173;2;8
"e3-48-44";"primuela";16,00;1;8;7;5;5,98;6,26;5,70;6,37;0,17;5,68;3,47;201;21;8
"e3-51-11";"primuela";16,00;1;8;8;5;5,74;5,70;5,69;6,04;0,14;5,53;3,30;232;17;8
"e3-51-12";"primuela";16,00;1;8;8;5;5,67;5,64;5,86;6,07;0,10;5,49;3,32;188;11;8
"e3-51-13";"primuela";17,00;5;3;10;16;6,19;6,40;5,66;6,31;0,22;5,68;3,32;109;5;8
"e3-51-14";"filipulm";5,00;1;8;1;7;6,00;6,40;5,78;6,63;0,21;5,75;3,46;180;12;4
"e3-51-21";"primuela";17,00;5;3;10;16;5,78;5,93;5,81;5,81;0,16;5,44;3,27;121;4;8
"e3-51-31";"primuela";16,00;1;8;7;5;5,81;6,11;5,83;6,22;0,13;5,58;3,39;250;26;8
"e3-51-32";"primuela";16,00;1;8;7;5;6,16;6,22;5,78;6,18;0,13;5,56;3,36;217;12;8
"e3-51-33";"primuela";16,00;1;8;7;5;5,64;6,12;5,92;6,19;0,16;5,63;3,40;314;31;8
"e3-52-12";"primuela";15,00;1;8;1;6;5,90;5,89;5,50;6,33;0,19;5,63;3,37;177;12;8
"e3-53-11";"primuela";16,00;1;8;8;5;5,73;5,75;5,85;6,23;0,17;5,49;3,28;217;9;8
"e3-53-12";"primuela";16,00;1;8;7;5;5,75;5,88;5,93;6,08;0,18;5,50;3,37;260;12;8
"e3-53-21";"primuela";16,00;1;8;8;5;5,94;6,09;6,06;6,07;0,15;5,45;3,39;205;10;8
"e3-53-22";"primuela";17,00;5;3;10;16;6,00;6,32;6,23;6,10;0,15;5,34;3,40;112;6;8
"e3-53-41";"loliumul";4,00;6;4;1;11;6,17;6,39;5,30;6,72;0,28;5,74;3,44;114;7;3
"e3-54-11";"primuela";16,00;1;8;7;5;5,89;6,09;6,02;6,38;0,14;5,66;3,40;238;21;8
"e3-54-12";"primuela";17,00;5;3;10;16;6,06;6,27;6,44;6,39;0,23;5,43;3,48;105;6;8
"e3-54-13";"primuela";17,00;5;3;10;16;6,23;6,26;6,18;6,16;0,22;5,53;3,51;122;5;8
"e3-54-24";"primuela";17,00;5;3;10;16;6,63;6,52;6,39;6,09;0,14;5,44;3,45;97;3;8
"e3-54-32";"primuela";15,00;1;8;1;6;6,08;6,45;5,67;6,65;0,21;5,67;3,52;167;15;8
"e3-54-43";"primuela";17,00;5;3;10;16;6,32;6,51;6,00;6,47;0,19;5,48;3,50;109;3;8
"e3-55-11";"loliumul";4,00;6;4;1;11;6,34;6,58;5,63;6,86;0,17;5,68;3,54;128;7;3
"e3-55-14";"primuela";16,00;1;8;7;5;5,64;5,91;5,75;6,30;0,14;5,59;3,34;301;15;8
"e3-55-23";"primuela";16,00;1;8;7;5;5,95;6,23;5,70;6,53;0,19;5,70;3,52;206;15;8
"e3-55-32";"filipulm";7,00;1;8;7;9;5,87;6,14;6,13;6,51;0,16;5,65;3,49;266;19;4
"e3-55-41";"filipulm";6,00;1;6;3;3;5,99;6,15;6,18;6,73;0,24;5,63;3,52;194;10;4
"e3-55-43";"primuela";16,00;1;8;8;5;5,67;6,00;5,81;6,28;0,15;5,57;3,46;228;18;8
"e3-56-11";"primuela";17,00;5;3;10;16;6,11;6,30;6,05;5,92;0,18;5,40;3,36;122;1;8
"e3-56-12";"primuela";16,00;1;8;7;5;5,81;6,02;5,76;6,07;0,16;5,55;3,42;264;23;8
"e3-56-14";"loliumul";4,00;6;4;1;11;6,13;6,16;5,17;6,73;0,34;5,66;3,50;97;6;3
"e3-56-23";"filipulm";6,00;5;3;10;3;6,36;6,47;6,83;6,64;0,20;5,49;3,55;125;2;4
"e3-56-31";"filipulm";5,00;2;6;3;7;5,94;6,45;6,23;6,79;0,20;5,63;3,61;204;12;4
"e3-56-44";"primuela";16,00;1;8;7;5;5,99;6,18;5,84;6,30;0,18;5,66;3,41;219;20;8
"e3-57-11";"primuela";15,00;5;4;1;6;6,08;6,38;6,14;6,59;0,22;5,62;3,64;160;7;8
"e3-57-14";"loliumul";4,00;6;4;1;11;6,18;6,51;6,06;6,62;0,25;5,56;3,63;123;6;3
"e3-57-21";"primuela";17,00;1;8;8;16;5,97;5,99;5,67;6,05;0,20;5,50;3,34;169;8;8
"e3-57-32";"primuela";16,00;1;8;7;5;6,03;6,47;6,34;6,48;0,18;5,55;3,60;196;9;8
"e3-57-41";"filipulm";5,00;6;4;1;7;6,26;6,44;5,81;6,65;0,15;5,71;3,74;163;22;4
"e3-57-44";"primuela";16,00;1;8;7;5;6,05;6,44;6,05;6,57;0,15;5,66;3,59;226;22;8
"e3-58-11";"primuela";15,00;5;3;1;6;6,08;5,90;5,33;6,28;0,22;5,57;3,40;144;7;8
"e3-58-31";"filipulm";5,00;6;4;6;7;6,16;6,38;6,12;6,56;0,25;5,66;3,64;170;8;4
"e3-58-44";"primuela";16,00;1;8;7;5;6,12;6,24;5,69;6,38;0,22;5,64;3,52;191;11;8
"e4-11-11";"primuela";16,00;1;8;7;5;5,70;6,03;5,94;6,23;0,17;5,55;3,47;281;20;8
"e4-11-23";"primuela";16,00;1;8;7;5;5,97;6,32;5,89;6,50;0,22;5,63;3,44;216;19;8
"e4-11-24";"loliumul";4,00;6;4;10;11;6,31;6,33;5,69;6,65;0,25;5,48;3,52;93;7;3
"e4-11-33";"filipulm";7,00;2;6;3;9;5,94;6,32;6,11;6,77;0,19;5,75;3,60;268;33;4
"e4-11-34";"primuela";16,00;1;8;8;5;5,83;6,17;6,37;6,41;0,13;5,45;3,52;194;5;8
"e4-11-41";"filipulm";7,00;2;6;7;9;5,80;6,19;5,76;6,72;0,22;5,68;3,53;255;15;4
"e4-11-43";"buddldav";13,00;6;4;5;17;5,88;6,25;5,44;6,96;0,28;5,66;3,64;146;20;6
"e4-12-12";"primuela";16,00;1;8;7;5;5,80;6,10;5,91;6,52;0,19;5,65;3,49;258;27;8
"e4-12-14";"primuela";16,00;1;8;7;5;5,96;6,26;5,94;6,44;0,20;5,64;3,51;239;24;8
"e4-12-23";"primuela";17,00;5;3;10;16;6,37;6,31;5,49;6,24;0,20;5,50;3,45;99;9;8
"e4-12-33";"primuela";17,00;5;3;8;16;6,09;6,26;6,30;6,25;0,16;5,48;3,55;180;6;8
"e4-12-34";"loliumul";4,00;6;4;1;11;6,32;6,29;5,94;6,61;0,25;5,64;3,50;138;11;3
"e4-12-41";"primuela";16,00;1;8;7;5;5,97;6,14;5,74;6,23;0,16;5,63;3,41;241;25;8
"e4-12-42";"primuela";16,00;1;8;8;5;6,11;6,26;5,92;6,17;0,19;5,56;3,35;191;14;8
"e4-13-13";"filipulm";5,00;2;4;1;7;6,14;6,45;5,82;6,69;0,24;5,73;3,54;180;23;4
"e4-13-21";"loliumul";4,00;6;4;1;11;6,16;6,58;6,10;6,61;0,26;5,65;3,62;141;8;3
"e4-13-22";"filipulm";5,00;2;6;7;7;6,01;6,41;5,86;6,71;0,23;5,73;3,65;198;24;4
"e4-13-31";"primuela";16,00;1;8;7;5;5,91;6,24;5,99;6,21;0,15;5,55;3,55;251;22;8
"e4-13-32";"primuela";16,00;1;8;7;5;5,84;6,21;5,85;6,33;0,20;5,64;3,38;247;21;8
"e4-14-21";"loliumul";4,00;6;4;1;11;6,38;6,59;5,31;6,78;0,25;5,76;3,68;123;15;3
"e4-14-31";"primuela";15,00;6;4;1;6;6,22;6,17;5,35;6,56;0,24;5,69;3,57;147;12;8
"e4-14-33";"primuela";17,00;5;3;10;16;6,21;6,31;5,66;6,27;0,21;5,54;3,49;110;10;8
"e4-14-41";"primuela";17,00;5;3;8;16;6,11;6,34;5,70;5,96;0,15;5,61;3,42;137;8;8
"e4-14-42";"primuela";16,00;1;8;8;5;5,91;6,25;5,55;6,43;0,25;5,62;3,49;185;17;8
"e4-14-43";"primuela";16,00;1;8;7;5;6,00;6,29;5,73;6,23;0,13;5,58;3,48;218;19;8
"e4-14-44";"primuela";16,00;1;8;7;5;5,86;6,28;6,05;6,40;0,17;5,65;3,47;318;47;8
"e4-15-11";"primuela";17,00;5;3;10;16;6,34;6,45;6,15;6,35;0,17;5,51;3,55;143;15;8
"e4-15-12";"buddldav";12,00;2;5;2;2;5,87;6,39;5,47;6,71;0,26;5,75;3,58;220;30;6
"e4-15-13";"primuela";17,00;5;3;10;16;6,50;6,58;5,50;6,35;0,22;5,61;3,63;95;12;8
"e4-15-21";"buddldav";13,00;6;5;5;17;5,47;6,33;5,14;7,00;0,30;5,76;3,68;172;15;6
"e4-15-23";"primuela";17,00;5;3;10;16;6,25;6,45;5,36;6,13;0,16;5,63;3,51;124;21;8
"e4-15-24";"primuela";17,00;5;3;10;16;6,55;6,39;5,38;6,28;0,20;5,56;3,30;88;25;8
"e4-15-31";"primuela";17,00;5;3;8;16;6,33;6,49;5,78;5,93;0,13;5,53;3,38;141;14;8
"e4-15-32";"buddldav";13,00;6;4;1;17;6,42;6,80;5,11;6,59;0,19;5,89;3,78;108;23;6
"e4-15-33";"primuela";16,00;1;8;7;5;6,12;6,58;6,05;6,39;0,14;5,65;3,55;261;35;8
"e4-15-34";"primuela";17,00;1;8;8;16;6,10;6,34;5,67;6,19;0,16;5,60;3,34;159;19;8
"e4-15-41";"primuela";16,00;1;8;7;5;5,87;6,44;5,52;6,33;0,19;5,66;3,45;231;33;8
"e4-15-42";"primuela";17,00;5;3;8;16;6,16;6,23;5,53;6,31;0,14;5,73;3,37;156;29;8
"e4-15-43";"buddldav";13,00;1;8;1;17;6,05;6,49;5,40;6,50;0,16;5,80;3,56;195;35;6
"e4-15-44";"primuela";17,00;1;8;8;16;6,10;6,41;5,76;6,16;0,11;5,66;3,35;185;23;8
"e4-16-12";"buddldav";13,00;6;5;2;17;5,89;6,36;5,31;6,78;0,18;5,76;3,71;178;25;6
"e4-16-13";"primuela";16,00;1;8;7;5;6,00;6,24;5,68;6,39;0,17;5,66;3,47;195;14;8
"e4-16-14";"buddldav";12,00;1;8;7;2;5,89;6,21;5,72;6,60;0,15;5,76;3,61;278;49;6
"e4-16-21";"buddldav";12,00;2;5;2;2;5,87;6,47;5,41;6,76;0,15;5,80;3,74;246;34;6
"e4-16-23";"buddldav";12,00;2;5;2;2;5,80;6,55;5,44;6,96;0,21;5,84;3,85;233;44;6
"e4-16-24";"buddldav";12,00;2;5;2;2;5,84;6,59;5,29;6,94;0,13;5,84;3,73;186;37;6
"e4-16-31";"buddldav";13,00;6;4;1;17;6,49;6,78;5,22;6,79;0,14;5,79;3,66;111;29;6
"e4-16-32";"buddldav";13,00;1;5;2;17;5,96;6,39;5,44;6,61;0,20;5,75;3,63;207;30;6
"e4-16-33";"buddldav";12,00;2;5;2;2;5,98;6,47;5,33;6,60;0,16;5,80;3,56;215;36;6
"e4-16-34";"buddldav";12,00;2;5;2;2;5,70;6,46;5,54;6,74;0,16;5,84;3,63;353;75;6
"e4-16-41";"buddldav";12,00;6;5;2;2;5,71;6,65;5,19;7,10;0,24;5,83;3,81;174;29;6
"e4-16-42";"buddldav";12,00;2;5;2;2;5,72;6,42;5,23;6,80;0,16;5,82;3,69;249;47;6
"e4-16-43";"buddldav";12,00;2;5;2;2;5,65;6,40;5,46;6,71;0,17;5,81;3,66;327;67;6
"e4-16-44";"buddldav";13,00;6;5;2;17;6,01;6,50;5,00;6,75;0,16;5,77;3,67;166;32;6
"e4-17-13";"buddldav";13,00;6;4;5;17;5,78;6,47;5,29;7,00;0,21;5,83;3,59;123;16;6
"e4-17-31";"buddldav";12,00;2;5;2;2;5,86;6,37;5,17;6,93;0,17;5,84;3,73;181;32;6
"e4-17-43";"buddldav";13,00;6;5;2;17;5,95;6,60;5,50;6,88;0,12;5,76;3,69;167;21;6
"e4-18-33";"primuela";15,00;5;4;1;6;5,97;6,43;5,22;6,72;0,29;5,62;3,57;123;8;8
"e4-18-42";"loliumul";4,00;6;4;1;11;6,12;6,49;5,15;6,92;0,20;5,80;3,58;99;14;3
"e4-18-44";"primuela";15,00;6;4;1;6;6,13;6,43;5,42;6,62;0,14;5,62;3,54;122;13;8
"e4-21-12";"primuela";16,00;1;8;7;5;5,94;5,93;6,01;6,33;0,20;5,62;3,56;205;21;8
"e4-21-14";"primuela";16,00;1;8;8;5;5,47;5,57;6,01;6,29;0,16;5,40;3,41;210;11;8
"e4-21-23";"primuela";16,00;1;8;8;5;5,83;5,90;5,88;6,09;0,18;5,47;3,37;192;13;8
"e4-21-33";"primuela";17,00;5;3;8;16;5,89;6,13;6,39;6,19;0,14;5,52;3,43;166;7;8
"e4-21-34";"primuela";17,00;5;3;10;16;6,07;6,27;5,72;6,39;0,29;5,58;3,38;118;8;8
"e4-21-44";"primuela";17,00;5;3;10;16;6,25;6,37;5,94;6,43;0,20;5,49;3,66;111;4;8
"e4-22-11";"loliumul";4,00;6;4;6;11;5,96;6,02;5,51;6,91;0,24;5,73;3,54;133;16;3
"e4-22-12";"buddldav";13,00;6;4;1;17;6,04;6,43;5,62;6,59;0,15;5,74;3,53;138;28;6
"e4-22-13";"primuela";15,00;6;4;1;6;6,15;6,42;5,81;6,60;0,21;5,67;3,60;160;19;8
"e4-22-21";"loliumul";4,00;6;4;1;11;6,11;6,39;5,72;6,79;0,13;5,70;3,57;144;15;3
"e4-22-32";"buddldav";13,00;6;4;1;17;6,11;6,58;5,50;6,84;0,22;5,75;3,60;130;21;6
"e4-23-13";"primuela";17,00;5;3;10;16;6,11;6,43;6,20;6,56;0,14;5,48;3,48;145;8;8
"e4-23-21";"primuela";17,00;5;3;10;16;6,06;6,25;5,92;5,73;0,05;5,40;3,29;104;2;8
"e4-23-24";"primuela";16,00;1;8;7;5;6,24;6,40;6,18;6,52;0,13;5,62;3,53;173;15;8
"e4-23-42";"primuela";17,00;5;3;8;16;6,04;6,24;6,02;6,08;0,10;5,50;3,51;159;5;8
"e4-23-43";"primuela";17,00;5;3;8;16;5,98;5,97;5,72;5,54;0,08;5,46;3,21;129;8;8
"e4-24-12";"filipulm";6,00;6;4;10;3;5,48;6,46;6,35;7,00;0,21;5,46;3,58;133;6;4
"e4-24-13";"primuela";15,00;5;3;1;6;6,63;6,69;5,40;6,39;0,13;5,63;3,48;99;9;8
"e4-24-14";"primuela";16,00;1;8;7;5;6,00;6,53;5,95;6,46;0,17;5,59;3,52;179;21;8
"e4-24-21";"primuela";16,00;1;8;7;5;5,84;6,31;5,65;6,63;0,18;5,71;3,52;212;19;8
"e4-24-22";"primuela";16,00;1;8;7;5;6,05;6,32;5,84;6,36;0,23;5,67;3,48;218;29;8
"e4-24-23";"primuela";16,00;1;8;8;5;6,10;6,37;5,85;6,18;0,14;5,62;3,52;183;20;8
"e4-24-24";"primuela";17,00;5;3;1;16;6,31;6,53;5,53;6,44;0,17;5,67;3,65;146;20;8
"e4-24-31";"primuela";17,00;1;8;8;16;6,03;6,25;5,84;6,18;0,13;5,52;3,46;172;11;8
"e4-24-32";"primuela";16,00;1;8;8;5;5,96;6,26;5,58;6,23;0,22;5,58;3,39;181;19;8
"e4-24-33";"primuela";17,00;5;3;8;16;6,23;6,17;5,43;6,01;0,15;5,53;3,43;125;9;8
"e4-24-41";"primuela";16,00;1;8;7;5;5,85;6,38;5,70;6,52;0,16;5,75;3,54;288;47;8
"e4-24-42";"filipulm";5,00;2;8;1;7;6,09;6,45;5,70;6,61;0,18;5,74;3,59;195;27;4
"e4-24-43";"primuela";16,00;1;8;7;5;6,27;6,51;5,88;6,46;0,14;5,62;3,57;178;24;8
"e4-24-44";"buddldav";13,00;6;4;1;17;6,20;6,40;5,46;6,51;0,16;5,66;3,62;139;22;6
"e4-25-11";"buddldav";13,00;6;4;1;17;6,52;6,59;5,50;6,53;0,18;5,70;3,52;132;16;6
"e4-25-12";"buddldav";13,00;6;4;1;17;6,27;6,62;5,11;6,78;0,20;5,85;3,58;97;21;6
"e4-25-13";"buddldav";13,00;6;4;1;17;6,12;6,50;5,25;6,77;0,12;5,69;3,76;94;13;6
"e4-25-21";"buddldav";12,00;2;5;2;2;5,69;6,32;5,20;7,02;0,16;5,82;3,73;178;39;6
"e4-25-22";"buddldav";12,00;2;5;2;2;5,77;6,34;5,08;6,91;0,16;5,85;3,68;175;38;6
"e4-25-23";"buddldav";12,00;2;5;2;2;5,55;6,28;5,00;7,09;0,19;5,85;3,67;187;41;6
"e4-25-24";"astertri";14,00;6;7;5;15;5,92;6,62;5,43;7,32;0,27;5,80;3,86;116;19;7
"e4-25-31";"buddldav";13,00;6;5;1;17;6,06;6,38;5,09;6,62;0,14;5,82;3,63;148;33;6
"e4-25-33";"buddldav";13,00;6;5;2;17;5,93;6,55;5,05;6,88;0,12;5,83;3,74;159;36;6
"e4-25-41";"buddldav";13,00;6;4;1;17;6,25;6,35;5,38;6,78;0,15;5,83;3,79;140;25;6
"e4-25-42";"buddldav";13,00;6;4;1;17;6,26;6,43;5,19;6,80;0,18;5,80;3,62;119;30;6
"e4-25-43";"buddldav";13,00;6;4;5;17;6,09;6,58;5,00;6,91;0,21;5,87;3,64;104;21;6
"e4-26-11";"buddldav";12,00;2;5;2;2;5,85;6,40;5,18;6,84;0,17;5,86;3,70;202;48;6
"e4-26-12";"buddldav";13,00;6;5;1;17;6,16;6,54;5,04;6,77;0,19;5,92;3,57;148;28;6
"e4-26-14";"buddldav";12,00;2;5;2;2;5,56;6,48;4,96;6,70;0,13;5,85;3,65;219;44;6
"e4-26-21";"buddldav";13,00;6;5;1;17;6,22;6,61;5,01;6,79;0,14;5,82;3,73;150;32;6
"e4-26-22";"buddldav";13,00;2;5;2;17;5,66;6,08;5,22;6,67;0,15;5,78;3,51;183;32;6
"e4-26-23";"buddldav";12,00;2;5;2;2;5,62;6,47;5,19;6,72;0,11;5,83;3,65;304;79;6
"e4-26-24";"buddldav";13,00;1;5;2;17;5,91;6,27;5,35;6,59;0,15;5,76;3,60;199;35;6
"e4-26-32";"buddldav";13,00;6;4;1;17;6,00;6,45;5,06;6,55;0,15;5,81;3,52;142;29;6
"e4-26-41";"buddldav";13,00;5;3;1;17;6,22;6,45;5,31;6,30;0,14;5,72;3,37;117;16;6
"e4-26-42";"buddldav";13,00;6;4;1;17;5,86;6,43;5,13;6,55;0,17;5,81;3,44;139;22;6
"e4-26-43";"buddldav";13,00;6;4;1;17;6,34;6,71;5,32;6,41;0,10;5,82;3,46;91;16;6
"e4-26-44";"buddldav";13,00;6;4;1;17;6,28;6,55;5,24;6,83;0,21;5,71;3,43;108;11;6
"e4-27-13";"buddldav";13,00;6;4;1;17;6,02;6,47;4,82;7,03;0,22;5,79;3,57;92;9;6
"e4-27-24";"primuela";17,00;5;3;10;16;6,15;6,42;6,11;6,37;0,18;5,53;3,42;120;11;8
"e4-27-31";"buddldav";12,00;2;5;2;2;5,71;6,61;5,46;6,82;0,14;5,70;3,67;205;27;6
"e4-27-32";"filipulm";7,00;1;8;7;9;5,65;6,36;5,98;6,70;0,20;5,65;3,56;304;25;4
"e4-27-33";"primuela";16,00;1;8;7;5;6,07;6,50;5,87;6,50;0,17;5,76;3,53;261;39;8
"e4-27-34";"primuela";16,00;1;8;7;5;5,86;6,41;5,86;6,48;0,20;5,73;3,48;254;42;8
"e4-27-43";"buddldav";13,00;5;3;1;17;6,09;6,36;5,14;6,65;0,15;5,76;3,54;117;16;6
"e4-28-31";"primuela";17,00;5;3;8;16;5,96;6,21;5,89;6,32;0,18;5,50;3,43;172;14;8
"e4-28-43";"primuela";15,00;5;3;1;6;6,11;6,23;5,32;6,52;0,24;5,57;3,50;130;14;8
"e4-28-44";"primuela";15,00;1;8;1;6;5,84;6,18;5,13;6,53;0,15;5,69;3,54;184;21;8
"e4-31-12";"primuela";17,00;5;3;10;16;6,10;6,27;6,16;6,39;0,11;5,52;3,62;137;7;8
"e4-31-14";"primuela";17,00;5;3;10;16;6,21;6,33;5,71;6,14;0,20;5,53;3,53;131;3;8
"e4-31-21";"primuela";17,00;5;8;8;16;6,20;6,42;5,88;6,44;0,17;5,52;3,56;166;12;8
"e4-31-32";"primuela";17,00;5;3;10;16;6,33;6,41;5,82;6,19;0,18;5,51;3,57;127;6;8
"e4-31-34";"primuela";17,00;5;3;10;16;6,46;6,40;6,15;6,27;0,15;5,49;3,67;101;2;8
"e4-31-41";"primuela";16,00;1;8;8;5;6,11;6,14;5,83;6,15;0,19;5,56;3,53;178;14;8
"e4-31-42";"primuela";17,00;5;3;8;16;6,07;6,09;5,83;5,89;0,17;5,46;3,39;126;6;8
"e4-31-43";"primuela";17,00;5;3;8;16;6,08;6,29;5,94;6,11;0,12;5,62;3,52;130;16;8
"e4-32-11";"primuela";17,00;5;3;8;16;6,03;6,29;6,04;6,21;0,21;5,50;3,34;172;8;8
"e4-32-13";"loliumul";4,00;5;4;1;11;6,23;6,67;5,90;6,42;0,22;5,49;3,38;130;3;3
"e4-32-22";"loliumul";4,00;6;4;1;11;6,02;6,61;5,77;6,80;0,13;5,53;3,50;100;8;3
"e4-32-23";"primuela";15,00;1;8;1;6;6,14;6,40;5,88;6,49;0,19;5,66;3,60;174;12;8
"e4-32-24";"primuela";15,00;5;4;1;6;6,39;6,31;5,46;6,41;0,18;5,74;3,46;113;11;8
"e4-32-33";"filipulm";6,00;5;3;10;3;6,10;6,46;6,60;6,52;0,17;5,53;3,56;139;5;4
"e4-32-42";"filipulm";5,00;6;4;1;7;6,22;6,43;5,94;6,76;0,18;5,69;3,62;160;14;4
"e4-32-43";"primuela";17,00;5;3;10;16;5,95;6,26;5,97;6,45;0,22;5,59;3,33;140;3;8
"e4-33-12";"primuela";17,00;5;3;10;16;5,02;6,16;5,65;6,51;0,21;5,58;3,35;110;1;8
"e4-33-14";"primuela";17,00;5;3;8;16;5,83;6,14;5,65;6,11;0,14;5,51;3,57;132;5;8
"e4-33-21";"primuela";15,00;5;4;1;6;6,15;6,16;5,58;6,48;0,23;5,56;3,48;153;8;8
"e4-33-23";"primuela";17,00;5;3;10;16;6,02;6,35;5,99;6,42;0,13;5,50;3,65;158;7;8
"e4-33-24";"primuela";17,00;5;3;10;16;6,11;6,29;6,08;6,32;0,20;5,46;3,56;150;8;8
"e4-33-31";"primuela";17,00;5;3;10;16;6,06;6,10;6,07;6,30;0,16;5,56;3,54;136;6;8
"e4-33-33";"primuela";16,00;1;8;7;5;5,92;6,18;5,98;6,25;0,14;5,59;3,48;225;18;8
"e4-33-42";"primuela";16,00;1;8;7;5;5,93;6,20;5,81;6,43;0,18;5,61;3,52;223;19;8
"e4-33-44";"primuela";17,00;5;3;10;16;6,08;6,50;6,03;6,62;0,24;5,63;3,56;114;7;8
"e4-34-11";"primuela";15,00;1;8;1;6;5,98;6,23;5,36;6,46;0,17;5,72;3,46;193;25;8
"e4-34-12";"primuela";15,00;6;4;1;6;6,23;6,56;5,57;6,58;0,19;5,68;3,62;171;27;8
"e4-34-13";"primuela";16,00;1;8;7;5;6,00;6,30;5,96;6,66;0,19;5,66;3,47;242;32;8
"e4-34-14";"filipulm";5,00;2;6;7;7;6,07;6,36;6,03;6,76;0,20;5,73;3,64;198;27;4
"e4-34-21";"primuela";17,00;5;3;10;16;6,50;6,52;5,47;6,42;0,22;5,61;3,52;94;12;8
"e4-34-22";"buddldav";13,00;6;4;1;17;6,28;6,64;5,25;6,56;0,16;5,83;3,53;150;23;6
"e4-34-23";"primuela";16,00;1;8;7;5;6,07;6,51;5,95;6,67;0,22;5,69;3,57;207;28;8
"e4-34-24";"buddldav";13,00;5;3;1;17;6,20;6,61;5,34;6,65;0,15;5,68;3,68;113;18;6
"e4-34-31";"filipulm";7,00;2;8;7;9;5,86;6,35;5,61;6,73;0,18;5,70;3,61;245;22;4
"e4-34-32";"buddldav";12,00;2;5;2;2;5,87;6,51;5,42;6,88;0,17;5,72;3,63;212;31;6
"e4-34-33";"filipulm";5,00;2;6;2;7;6,16;6,45;5,85;6,76;0,25;5,66;3,62;192;21;4
"e4-34-34";"filipulm";7,00;2;6;7;9;6,03;6,40;5,87;6,76;0,21;5,71;3,61;256;46;4
"e4-34-41";"buddldav";13,00;6;4;1;17;6,43;6,51;5,19;6,71;0,22;5,60;3,63;89;12;6
"e4-34-42";"buddldav";12,00;2;5;2;2;5,86;6,44;5,54;6,87;0,18;5,86;3,69;268;52;6
"e4-34-43";"filipulm";7,00;2;6;3;9;6,05;6,43;5,91;6,82;0,17;5,67;3,57;222;32;4
"e4-34-44";"buddldav";13,00;6;4;5;17;6,19;6,62;5,21;7,02;0,20;5,79;3,69;110;8;6
"e4-35-11";"buddldav";13,00;6;5;5;17;6,00;6,54;5,03;6,86;0,16;5,90;3,68;147;28;6
"e4-35-13";"buddldav";12,00;2;5;2;2;5,81;6,42;5,23;7,08;0,17;5,84;3,75;214;51;6
"e4-35-14";"buddldav";13,00;6;4;5;17;6,18;6,60;5,00;6,92;0,18;5,84;3,97;81;22;6
"e4-35-21";"buddldav";13,00;6;4;5;17;6,49;6,73;4,97;7,06;0,24;6,00;3,83;100;27;6
"e4-35-22";"buddldav";13,00;6;4;5;17;6,49;6,49;5,13;6,96;0,27;5,89;3,64;102;26;6
"e4-35-23";"buddldav";13,00;5;4;1;17;6,10;6,42;5,29;6,41;0,18;5,75;3,52;113;26;6
"e4-35-32";"primuela";17,00;1;8;8;16;6,14;6,31;5,33;6,10;0,10;5,64;3,44;181;28;8
"e4-35-33";"buddldav";13,00;1;5;1;17;6,20;6,52;5,14;6,60;0,14;5,85;3,54;177;40;6
"e4-35-41";"buddldav";13,00;6;4;1;17;6,33;6,50;5,07;6,59;0,18;5,77;3,63;86;18;6
"e4-35-42";"buddldav";13,00;5;3;1;17;6,56;6,43;5,63;6,26;0,15;5,65;3,37;107;24;6
"e4-35-43";"primuela";16,00;1;8;8;5;6,12;6,28;5,27;6,09;0,09;5,71;3,42;176;29;8
"e4-35-44";"buddldav";13,00;5;4;1;17;6,04;6,40;5,30;6,26;0,14;5,71;3,47;142;20;6
"e4-36-11";"buddldav";13,00;6;4;1;17;6,22;6,52;5,27;6,81;0,16;5,91;3,67;129;30;6
"e4-36-12";"buddldav";13,00;6;4;1;17;6,21;6,10;5,54;6,61;0,20;5,76;3,50;137;25;6
"e4-36-14";"buddldav";13,00;6;4;1;17;6,17;6,65;5,32;6,90;0,19;5,72;3,65;100;13;6
"e4-36-21";"buddldav";13,00;5;3;1;17;6,09;6,22;5,40;6,17;0,11;5,71;3,47;136;28;6
"e4-36-22";"buddldav";13,00;5;4;1;17;6,03;6,31;5,17;6,57;0,16;5,73;3,56;147;26;6
"e4-36-23";"buddldav";13,00;6;4;1;17;6,22;6,34;5,07;6,70;0,22;5,76;3,48;86;17;6
"e4-36-24";"buddldav";13,00;1;8;1;17;5,95;6,25;5,41;6,29;0,16;5,67;3,44;164;21;6
"e4-36-31";"buddldav";13,00;6;4;1;17;6,10;6,37;5,25;6,49;0,11;5,75;3,50;118;17;6
"e4-36-32";"buddldav";13,00;2;5;2;17;5,70;6,23;4,98;6,83;0,19;5,84;3,56;179;34;6
"e4-36-33";"primuela";17,00;5;3;8;16;6,06;6,08;5,47;5,96;0,12;5,59;3,41;162;30;8
"e4-36-34";"buddldav";13,00;6;4;1;17;6,36;6,81;5,13;6,61;0,16;5,88;3,55;116;17;6
"e4-36-41";"buddldav";13,00;6;4;1;17;6,39;6,68;5,23;6,83;0,19;5,78;3,60;120;22;6
"e4-36-42";"buddldav";13,00;5;3;1;17;6,08;6,46;5,33;6,18;0,17;5,75;3,37;145;28;6
"e4-36-43";"buddldav";12,00;2;5;2;2;5,75;6,40;5,59;6,64;0,13;5,79;3,61;312;62;6
"e4-36-44";"primuela";16,00;1;8;7;5;6,07;6,33;5,91;6,47;0,15;5,67;3,54;231;37;8
"e4-37-11";"primuela";16,00;1;8;7;5;5,79;6,43;5,95;6,50;0,20;5,64;3,53;251;34;8
"e4-37-12";"primuela";16,00;1;8;7;5;5,93;6,22;5,28;6,23;0,13;5,69;3,42;199;27;8
"e4-37-13";"primuela";16,00;1;8;7;5;5,76;6,23;6,15;6,50;0,19;5,66;3,49;318;36;8
"e4-37-14";"buddldav";13,00;6;4;1;17;6,08;6,36;5,11;6,47;0,19;5,75;3,53;113;16;6
"e4-37-21";"buddldav";13,00;5;4;1;17;6,39;6,23;5,14;6,35;0,21;5,84;3,57;92;14;6
"e4-37-23";"buddldav";13,00;1;8;1;17;5,86;6,02;5,20;6,39;0,19;5,78;3,49;168;29;6
"e4-37-31";"primuela";16,00;1;8;7;5;5,95;6,30;5,87;6,26;0,14;5,61;3,45;227;31;8
"e4-37-32";"primuela";16,00;1;8;8;5;5,69;5,92;5,76;5,97;0,11;5,58;3,40;223;34;8
"e4-37-33";"primuela";16,00;1;8;7;5;5,94;6,24;6,11;6,34;0,17;5,69;3,44;256;37;8
"e4-37-34";"primuela";16,00;1;8;7;5;5,73;6,22;6,15;6,20;0,14;5,59;3,36;337;36;8
"e4-37-41";"primuela";17,00;5;3;8;16;5,80;5,79;5,57;5,97;0,11;5,55;3,35;152;16;8
"e4-37-42";"primuela";17,00;5;3;8;16;5,84;5,53;5,86;5,62;0,08;5,30;3,31;118;7;8
"e4-37-43";"primuela";17,00;5;3;8;16;6,11;6,07;6,49;5,68;0,07;5,41;3,32;131;8;8
"e4-37-44";"primuela";17,00;5;3;8;16;5,72;5,69;6,24;5,93;0,15;5,38;3,24;149;10;8
"e4-38-31";"primuela";15,00;5;3;1;6;6,12;5,86;5,42;6,09;0,17;5,61;3,31;127;9;8
"e4-38-32";"filipulm";6,00;5;3;10;3;5,80;6,28;6,18;6,58;0,18;5,60;3,52;182;5;4
"e4-38-33";"primuela";17,00;5;3;8;16;5,64;5,57;5,87;5,64;0,12;5,35;3,34;130;11;8
"e4-38-42";"primuela";16,00;1;8;8;5;5,60;5,87;5,42;6,04;0,14;5,60;3,39;186;14;8
"e4-38-43";"primuela";16,00;1;8;8;5;5,45;5,54;6,17;5,97;0,11;5,34;3,33;209;11;8
"e4-38-44";"primuela";15,00;1;8;8;6;5,63;5,56;5,61;6,14;0,21;5,50;3,45;180;15;8
"e4-41-11";"primuela";16,00;1;8;7;5;5,96;6,26;5,79;6,42;0,13;5,60;3,51;234;17;8
"e4-41-21";"primuela";15,00;5;3;1;6;6,23;6,46;5,33;6,50;0,22;5,67;3,47;110;7;8
"e4-41-32";"primuela";17,00;5;3;8;16;5,89;6,08;5,80;6,15;0,25;5,54;3,28;168;7;8
"e4-41-34";"primuela";16,00;1;8;7;5;5,79;5,95;5,37;6,48;0,19;5,75;3,47;239;24;8
"e4-42-11";"primuela";17,00;5;3;10;16;6,35;6,64;6,03;6,41;0,14;5,62;3,48;165;9;8
"e4-42-21";"filipulm";6,00;5;3;10;3;6,03;6,35;6,44;6,58;0,14;5,51;3,36;116;1;4
"e4-42-24";"primuela";16,00;1;8;7;5;6,11;6,26;5,83;6,16;0,11;5,58;3,48;230;10;8
"e4-42-41";"primuela";17,00;5;3;10;16;6,09;6,27;6,10;6,05;0,07;5,48;3,46;108;9;8
"e4-42-42";"primuela";17,00;5;3;10;16;6,04;6,33;6,84;6,30;0,19;5,51;3,65;99;1;8
"e4-43-11";"primuela";17,00;5;3;8;16;5,88;6,08;5,74;5,90;0,16;5,53;3,36;154;11;8
"e4-43-12";"primuela";17,00;5;3;10;16;6,39;6,52;6,11;6,44;0,11;5,54;3,64;97;7;8
"e4-43-13";"primuela";17,00;5;3;8;16;5,91;6,11;6,17;5,49;0,07;5,35;3,21;105;4;8
"e4-43-22";"molincae";11,00;5;3;9;8;6,00;6,22;6,63;6,52;0,18;5,48;3,46;109;5;5
"e4-43-31";"primuela";16,00;1;8;7;5;6,22;6,40;6,09;6,42;0,22;5,66;3,47;202;14;8
"e4-43-32";"primuela";16,00;1;8;7;5;6,11;6,48;6,19;6,40;0,16;5,52;3,60;177;11;8
"e4-43-33";"primuela";17,00;5;3;10;16;6,52;6,56;6,04;6,44;0,21;5,49;3,45;111;3;8
"e4-43-41";"filipulm";6,00;1;6;3;3;6,25;6,59;6,50;6,67;0,22;5,62;3,62;198;7;4
"e4-43-42";"primuela";17,00;5;3;10;16;6,26;6,17;5,88;6,06;0,15;5,52;3,33;103;6;8
"e4-43-44";"primuela";17,00;5;3;10;16;6,43;6,16;5,79;6,07;0,16;5,48;3,39;102;8;8
"e4-44-13";"filipulm";6,00;1;6;3;3;6,06;6,38;6,36;6,61;0,19;5,60;3,55;193;11;4
"e4-44-14";"filipulm";6,00;6;4;1;3;6,23;6,47;5,92;6,66;0,17;5,69;3,57;134;12;4
"e4-44-22";"buddldav";13,00;6;4;5;17;6,11;6,72;5,19;7,10;0,20;5,82;3,74;101;19;6
"e4-44-23";"buddldav";13,00;6;4;5;17;6,03;6,36;5,18;7,02;0,23;5,84;3,63;136;25;6
"e4-44-33";"buddldav";13,00;6;4;1;17;6,29;6,50;5,20;6,71;0,20;5,80;3,68;123;12;6
"e4-44-34";"buddldav";13,00;6;4;1;17;5,98;6,56;5,55;6,77;0,14;5,69;3,62;154;21;6
"e4-44-42";"filipulm";5,00;2;6;6;7;6,32;6,52;6,10;6,64;0,21;5,71;3,57;184;20;4
"e4-44-44";"primuela";15,00;6;4;1;6;5,98;6,18;5,38;6,64;0,20;5,70;3,53;156;18;8
"e4-45-11";"primuela";17,00;5;3;8;16;6,28;6,45;5,59;5,83;0,11;5,68;3,18;119;15;8
"e4-45-13";"primuela";16,00;1;8;7;5;5,90;6,31;5,84;6,68;0,19;5,71;3,51;251;34;8
"e4-45-14";"primuela";16,00;1;8;7;5;5,85;6,29;5,53;6,55;0,14;5,77;3,50;237;34;8
"e4-45-21";"primuela";15,00;1;8;8;6;6,15;6,10;5,31;6,01;0,08;5,68;3,43;173;27;8
"e4-45-22";"buddldav";13,00;5;4;1;17;6,14;6,18;5,33;6,26;0,13;5,70;3,46;152;22;6
"e4-45-23";"primuela";16,00;1;8;7;5;5,52;5,99;5,56;6,47;0,12;5,73;3,47;303;53;8
"e4-45-24";"primuela";16,00;1;8;7;5;5,59;6,00;5,59;6,60;0,14;5,70;3,48;271;36;8
"e4-45-31";"primuela";17,00;5;3;10;16;6,30;6,44;5,94;6,52;0,12;5,60;3,33;135;14;8
"e4-45-32";"primuela";16,00;1;8;7;5;5,71;6,22;5,52;6,46;0,14;5,75;3,51;305;48;8
"e4-45-34";"primuela";16,00;1;8;7;5;5,83;6,19;5,56;6,34;0,12;5,62;3,46;262;32;8
"e4-45-41";"primuela";16,00;1;8;7;5;5,54;6,04;5,49;6,53;0,12;5,76;3,52;329;58;8
"e4-45-42";"primuela";16,00;1;8;7;5;5,48;5,79;5,56;6,37;0,11;5,64;3,40;291;37;8
"e4-45-43";"primuela";16,00;1;8;7;5;5,74;5,96;5,56;6,30;0,12;5,67;3,40;282;37;8
"e4-45-44";"primuela";16,00;1;8;7;5;5,68;5,81;5,40;6,35;0,12;5,61;3,52;261;33;8
"e4-46-11";"primuela";16,00;1;8;8;5;5,98;6,13;5,40;5,87;0,12;5,61;3,32;187;26;8
"e4-46-12";"primuela";16,00;1;8;7;5;6,05;6,27;5,56;6,29;0,15;5,68;3,52;235;44;8
"e4-46-13";"primuela";16,00;1;8;8;5;5,97;5,93;5,29;5,99;0,15;5,63;3,36;198;27;8
"e4-46-14";"primuela";17,00;5;3;8;16;5,92;5,94;5,52;6,06;0,08;5,54;3,39;143;14;8
"e4-46-21";"buddldav";13,00;5;3;1;17;6,20;6,37;5,26;6,16;0,13;5,62;3,40;129;21;6
"e4-46-22";"primuela";16,00;1;8;8;5;5,96;6,12;5,64;6,07;0,14;5,68;3,39;175;31;8
"e4-46-23";"primuela";16,00;1;8;7;5;5,64;6,08;6,04;6,29;0,16;5,61;3,43;343;52;8
"e4-46-24";"primuela";16,00;1;8;7;5;5,67;6,08;6,08;6,42;0,15;5,65;3,52;373;60;8
"e4-46-31";"primuela";17,00;5;3;10;16;6,40;5,90;5,38;5,93;0,15;5,54;3,30;96;11;8
"e4-46-32";"primuela";17,00;5;3;8;16;5,92;5,78;5,92;5,65;0,06;5,34;3,22;112;10;8
"e4-46-34";"primuela";16,00;1;8;8;5;5,73;5,80;6,06;6,04;0,12;5,49;3,37;201;23;8
"e4-46-41";"primuela";17,00;5;3;8;16;5,83;5,82;6,38;5,84;0,08;5,35;3,33;169;14;8
"e4-46-42";"primuela";16,00;1;8;8;5;5,78;5,97;5,79;6,29;0,11;5,58;3,44;221;32;8
"e4-46-43";"primuela";17,00;5;3;8;16;5,75;5,64;5,78;5,68;0,06;5,42;3,23;147;15;8
"e4-46-44";"primuela";17,00;5;3;8;16;5,86;5,70;5,94;5,65;0,13;5,34;3,19;131;9;8
"e4-47-11";"primuela";16,00;1;8;8;5;5,62;5,69;5,52;6,00;0,11;5,53;3,30;204;23;8
"e4-47-12";"primuela";16,00;1;8;8;5;5,48;5,59;5,76;6,02;0,10;5,45;3,38;246;20;8
"e4-47-13";"primuela";17,00;5;3;8;16;5,66;5,42;5,82;5,78;0,05;5,35;3,30;150;17;8
"e4-47-21";"primuela";17,00;5;3;8;16;5,60;5,30;6,01;5,69;0,06;5,25;3,22;127;10;8
"e4-47-31";"primuela";17,00;5;3;8;16;5,95;5,50;5,73;5,54;0,10;5,33;3,35;94;7;8
"e4-47-32";"primuela";17,00;5;3;8;16;5,76;5,63;5,83;5,75;0,10;5,34;3,20;139;11;8
"e4-47-33";"primuela";17,00;5;3;8;16;5,84;5,35;5,72;5,78;0,12;5,33;3,15;118;7;8
"e4-47-34";"primuela";16,00;1;8;7;5;5,76;5,96;6,32;6,24;0,08;5,56;3,51;267;23;8
"e4-47-43";"primuela";16,00;1;8;8;5;5,85;5,95;5,80;6,30;0,17;5,51;3,41;205;17;8
"e4-48-11";"primuela";17,00;5;3;8;16;5,52;5,48;5,80;6,17;0,15;5,37;3,28;150;11;8
"e4-48-22";"primuela";15,00;4;2;1;6;5,69;5,64;5,29;6,22;0,18;5,57;3,38;162;15;8
"e4-51-11";"primuela";17,00;5;3;10;16;6,50;6,55;5,86;6,28;0,23;5,67;3,63;119;9;8
"e4-51-24";"filipulm";6,00;5;3;6;3;6,15;6,36;6,24;6,60;0,16;5,62;3,53;167;5;4
"e4-51-31";"filipulm";5,00;1;4;1;7;6,08;6,26;5,78;6,63;0,22;5,69;3,46;180;15;4
"e4-51-32";"loliumul";4,00;6;4;1;11;6,12;6,42;5,76;6,86;0,31;5,58;3,54;107;6;3
"e4-51-41";"primuela";15,00;6;4;1;6;6,27;6,24;5,41;6,53;0,29;5,62;3,50;115;7;8
"e4-52-12";"filipulm";6,00;5;3;10;3;6,09;6,26;6,46;6,62;0,18;5,61;3,55;156;5;4
"e4-52-13";"loliumul";4,00;6;4;1;11;6,30;6,53;5,53;6,75;0,21;5,62;3,55;106;4;3
"e4-52-31";"loliumul";4,00;6;4;1;11;6,13;6,48;5,39;6,82;0,20;5,78;3,57;139;11;3
"e4-52-33";"loliumul";4,00;6;4;1;11;6,18;6,54;5,66;6,64;0,29;5,65;3,54;123;7;3
"e4-52-41";"loliumul";4,00;6;4;1;11;6,26;6,55;5,77;6,63;0,22;5,63;3,50;128;5;3
"e4-52-42";"primuela";15,00;6;4;1;6;6,18;6,45;5,48;6,66;0,24;5,70;3,57;158;14;8
"e4-52-44";"filipulm";6,00;5;3;10;3;6,22;6,43;6,09;6,67;0,16;5,59;3,50;143;3;4
"e4-53-11";"primuela";16,00;1;8;7;5;6,07;6,20;6,01;6,38;0,16;5,62;3,44;175;9;8
"e4-53-12";"loliumul";4,00;6;4;12;11;6,02;6,52;5,88;6,92;0,28;5,65;3,62;120;6;3
"e4-53-13";"loliumul";4,00;6;4;1;11;6,19;6,28;5,57;6,77;0,25;5,68;3,50;150;13;3
"e4-53-14";"loliumul";4,00;6;4;1;11;6,20;6,48;5,41;6,82;0,23;5,67;3,67;110;6;3
"e4-53-21";"primuela";15,00;6;4;1;6;6,07;6,32;5,51;6,66;0,22;5,66;3,50;151;11;8
"e4-53-22";"loliumul";4,00;6;4;1;11;6,21;6,58;5,68;6,91;0,21;5,70;3,55;138;12;3
"e4-53-23";"loliumul";4,00;6;4;1;11;6,04;6,15;5,64;6,83;0,27;5,70;3,61;118;6;3
"e4-53-24";"buddldav";13,00;6;4;5;17;6,12;6,52;5,29;7,04;0,20;5,86;3,60;118;22;6
"e4-53-33";"primuela";17,00;5;3;10;16;6,35;6,54;5,92;6,51;0,13;5,58;3,55;152;6;8
"e4-53-34";"filipulm";6,00;6;7;10;3;6,08;6,53;6,31;6,86;0,28;5,58;3,41;128;6;4
"e4-53-41";"buddldav";13,00;6;4;1;17;5,98;6,35;5,09;6,75;0,18;5,83;3,46;135;18;6
"e4-53-42";"buddldav";12,00;2;5;2;2;5,78;6,39;5,52;6,72;0,16;5,72;3,52;202;29;6
"e4-53-43";"buddldav";13,00;6;5;2;17;6,08;6,59;5,29;6,86;0,14;5,84;3,70;148;26;6
"e4-53-44";"buddldav";12,00;2;5;2;2;5,83;6,41;5,38;6,72;0,15;5,73;3,63;230;27;6
"e4-54-12";"buddldav";13,00;6;4;1;17;6,20;6,72;5,25;6,98;0,24;5,81;3,60;126;19;6
"e4-54-22";"primuela";16,00;1;8;7;5;5,94;6,04;5,57;6,33;0,16;5,65;3,39;229;25;8
"e4-54-23";"primuela";15,00;1;4;1;6;5,91;6,21;5,69;6,58;0,20;5,75;3,45;165;21;8
"e4-54-24";"primuela";16,00;1;8;7;5;5,70;6,06;5,98;6,33;0,17;5,65;3,43;274;20;8
"e4-54-32";"primuela";15,00;5;3;1;6;6,06;6,40;5,75;6,54;0,16;5,59;3,47;151;14;8
"e4-54-33";"primuela";17,00;1;8;8;16;5,83;5,81;5,57;6,07;0,10;5,61;3,49;166;16;8
"e4-54-42";"primuela";16,00;1;8;8;5;5,72;5,90;5,76;5,89;0,15;5,48;3,37;192;5;8
"e4-54-43";"primuela";16,00;1;8;7;5;5,82;5,86;5,66;6,19;0,16;5,64;3,41;256;27;8
"e4-54-44";"primuela";17,00;5;3;8;16;5,82;5,83;5,47;5,88;0,14;5,44;3,37;130;4;8
"e4-55-11";"primuela";17,00;5;3;10;16;5,97;5,87;5,35;5,69;0,15;5,51;3,26;98;6;8
"e4-55-12";"primuela";16,00;1;8;7;5;5,74;6,12;6,38;6,28;0,17;5,59;3,41;313;29;8
"e4-55-13";"primuela";16,00;1;8;8;5;5,64;5,78;5,22;6,14;0,12;5,60;3,43;208;15;8
"e4-55-14";"primuela";17,00;5;3;10;16;5,96;5,48;5,40;5,74;0,15;5,44;3,30;96;6;8
"e4-55-21";"primuela";17,00;5;3;8;16;6,09;6,15;5,47;6,01;0,13;5,64;3,34;135;17;8
"e4-55-23";"primuela";16,00;1;8;8;5;5,95;5,77;5,63;6,08;0,16;5,52;3,41;190;18;8
"e4-55-31";"primuela";17,00;5;3;8;16;5,85;5,77;5,33;5,86;0,13;5,54;3,37;144;7;8
"e4-55-32";"primuela";15,00;5;4;1;6;5,88;6,07;5,08;6,34;0,16;5,67;3,35;133;11;8
"e4-55-33";"primuela";16,00;1;8;7;5;5,80;6,14;5,81;6,53;0,16;5,68;3,54;222;18;8
"e4-55-34";"primuela";16,00;1;8;7;5;5,55;5,86;5,60;6,44;0,19;5,71;3,41;237;26;8
"e4-55-41";"primuela";15,00;5;4;1;6;6,15;6,10;5,10;6,36;0,16;5,70;3,35;116;12;8
"e4-55-42";"primuela";17,00;5;3;8;16;5,89;6,18;5,72;6,28;0,12;5,56;3,47;163;20;8
"e4-55-43";"primuela";16,00;1;8;7;5;5,71;6,02;5,81;6,39;0,17;5,63;3,51;325;36;8
"e4-55-44";"primuela";15,00;1;4;1;6;5,76;6,07;5,63;6,63;0,14;5,66;3,51;183;16;8
"e4-56-12";"primuela";17,00;5;3;8;16;5,74;5,64;5,83;5,55;0,05;5,35;3,21;138;8;8
"e4-56-21";"primuela";17,00;5;3;8;16;6,07;5,50;5,95;5,35;0,06;5,23;3,02;98;3;8
"e4-56-22";"primuela";17,00;5;3;8;16;5,69;5,91;6,04;5,57;0,11;5,35;3,26;170;9;8
"e4-56-24";"primuela";17,00;5;3;8;16;5,64;5,50;5,93;5,29;0,08;5,25;3,20;103;6;8
"e4-56-31";"primuela";16,00;1;8;8;5;6,03;6,17;5,89;6,22;0,17;5,58;3,48;182;17;8
"e4-56-32";"primuela";17,00;5;3;10;16;6,16;6,10;5,56;6,24;0,13;5,49;3,38;117;11;8
"e4-56-41";"primuela";17,00;5;3;8;16;6,02;5,71;5,72;5,96;0,07;5,34;3,40;108;5;8
"e4-56-43";"primuela";16,00;1;8;8;5;5,82;5,99;5,35;6,31;0,15;5,56;3,44;202;18;8
"e4-57-11";"primuela";16,00;1;8;7;5;5,60;5,94;5,82;6,11;0,14;5,50;3,34;293;31;8
"e4-57-12";"primuela";16,00;1;8;7;5;5,69;5,98;5,93;6,43;0,12;5,60;3,43;274;28;8
"e4-57-21";"primuela";17,00;5;3;10;16;6,02;6,01;6,20;6,00;0,07;5,43;3,42;112;10;8
"e4-57-23";"primuela";16,00;1;8;7;5;5,75;5,85;5,34;6,25;0,16;5,61;3,42;220;24;8
"e4-57-34";"primuela";16,00;1;8;8;5;5,17;5,47;5,76;6,21;0,13;5,49;3,30;213;14;8
"e4-57-42";"primuela";17,00;5;3;8;16;5,50;5,70;5,64;6,15;0,10;5,45;3,33;124;6;8
"e4-58-11";"primuela";16,00;1;8;7;5;5,69;6,02;5,51;6,51;0,17;5,68;3,43;196;21;8
"e4-58-21";"primuela";17,00;5;3;8;16;5,87;5,96;6,02;6,22;0,20;5,46;3,51;172;11;8
"e4-58-24";"buddldav";13,00;6;4;1;17;5,98;6,29;5,11;6,80;0,28;5,81;3,57;136;12;6
"e4-58-42";"loliumul";4,00;6;4;1;11;6,02;6,32;5,18;6,81;0,30;5,78;3,56;103;10;3
"e4-58-43";"primuela";17,00;5;3;8;16;6,07;5,79;5,50;5,98;0,07;5,62;3,40;157;7;8
"e5-11-12";"buddldav";13,00;6;4;1;17;6,18;6,26;5,37;6,65;0,23;5,71;3,51;142;19;6
"e5-11-21";"primuela";17,00;5;3;10;16;5,48;6,27;6,72;6,33;0,22;5,37;3,46;133;2;8
"e5-11-33";"primuela";16,00;1;8;8;5;5,40;5,81;5,87;6,31;0,17;5,58;3,41;234;17;8
"e5-11-34";"primuela";17,00;5;3;10;16;6,40;6,35;5,91;5,78;0,13;5,44;3,37;103;3;8
"e5-11-41";"primuela";17,00;5;3;10;16;5,91;6,06;6,18;6,17;0,16;5,38;3,53;101;3;8
"e5-11-42";"primuela";16,00;1;8;7;5;5,84;6,29;6,06;6,49;0,20;5,58;3,52;249;18;8
"e5-12-11";"primuela";17,00;5;3;10;16;5,76;6,16;6,34;6,05;0,12;5,37;3,49;106;2;8
"e5-12-12";"primuela";16,00;1;8;8;5;5,48;5,99;6,00;6,37;0,19;5,47;3,40;194;10;8
"e5-12-13";"primuela";16,00;1;8;7;5;5,67;6,14;6,05;6,54;0,17;5,60;3,46;295;20;8
"e5-12-23";"primuela";15,00;6;4;1;6;5,86;5,79;5,01;6,48;0,19;5,74;3,49;132;15;8
"e5-12-41";"primuela";15,00;1;8;7;6;5,69;5,81;5,36;6,29;0,17;5,67;3,47;207;18;8
"e5-12-42";"primuela";15,00;5;3;8;6;5,94;6,18;5,10;6,18;0,12;5,64;3,48;173;17;8
"e5-12-43";"primuela";15,00;1;4;1;6;5,80;6,03;5,17;6,39;0,18;5,72;3,41;163;17;8
"e5-12-44";"primuela";15,00;5;3;8;6;6,15;5,97;5,53;6,21;0,12;5,57;3,52;143;14;8
"e5-13-13";"buddldav";12,00;2;5;2;2;5,69;6,26;5,34;6,74;0,20;5,75;3,69;240;28;6
"e5-13-14";"primuela";15,00;5;3;1;6;5,95;6,11;5,12;6,51;0,16;5,70;3,59;146;15;8
"e5-13-22";"buddldav";13,00;5;3;10;17;6,28;6,58;5,69;6,61;0,16;5,66;3,49;142;14;6
"e5-13-23";"primuela";15,00;1;8;1;6;5,89;6,12;5,11;6,48;0,14;5,75;3,56;194;17;8
"e5-13-24";"buddldav";12,00;2;5;2;2;5,68;6,35;5,36;6,76;0,18;5,76;3,67;242;30;6
"e5-13-31";"primuela";17,00;5;3;10;16;6,13;6,18;5,24;6,04;0,12;5,72;3,43;94;7;8
"e5-13-32";"primuela";15,00;1;8;1;6;5,91;6,27;5,16;6,51;0,15;5,73;3,61;216;27;8
"e5-13-34";"primuela";15,00;6;4;1;6;6,17;6,40;5,17;6,43;0,09;5,73;3,45;137;24;8
"e5-13-41";"buddldav";13,00;1;5;2;17;5,77;6,31;5,09;6,54;0,18;5,81;3,59;196;40;6
"e5-13-42";"buddldav";12,00;2;5;2;2;5,75;6,37;5,50;6,73;0,19;5,87;3,64;314;75;6
"e5-13-43";"buddldav";12,00;2;5;2;2;5,83;6,50;5,13;6,72;0,19;5,93;3,61;208;51;6
"e5-13-44";"buddldav";12,00;2;5;2;2;6,00;6,44;5,44;6,73;0,16;5,82;3,64;221;51;6
"e5-14-11";"filipulm";5,00;2;4;6;7;5,81;6,16;5,66;6,77;0,19;5,71;3,58;176;15;4
"e5-14-12";"primuela";17,00;5;3;8;16;5,55;5,31;5,27;6,19;0,12;5,55;3,41;161;16;8
"e5-14-13";"buddldav";12,00;2;5;2;2;5,31;6,15;5,35;7,14;0,18;5,83;3,68;252;45;6
"e5-14-14";"molincae";8,00;6;4;13;14;5,78;5,83;5,41;6,61;0,14;5,68;3,55;173;20;5
"e5-14-21";"primuela";15,00;1;8;8;6;5,71;5,79;5,24;6,23;0,13;5,67;3,54;179;18;8
"e5-14-22";"primuela";15,00;1;8;1;6;5,74;5,80;5,28;6,36;0,12;5,62;3,44;180;17;8
"e5-14-23";"primuela";15,00;1;8;13;6;5,44;5,62;5,03;6,46;0,18;5,75;3,42;193;22;8
"e5-14-24";"primuela";15,00;1;8;13;6;5,47;5,66;5,17;6,30;0,13;5,67;3,40;205;20;8
"e5-14-31";"buddldav";12,00;2;5;2;2;5,38;6,26;5,59;6,92;0,17;5,75;3,62;269;34;6
"e5-14-32";"buddldav";13,00;5;3;10;17;5,79;6,45;5,38;6,49;0,09;5,58;3,54;94;8;6
"e5-14-33";"buddldav";13,00;6;5;2;17;5,63;6,45;4,82;7,00;0,15;5,99;3,71;158;39;6
"e5-14-34";"buddldav";13,00;6;4;1;17;6,15;6,11;5,13;6,62;0,15;5,76;3,59;140;20;6
"e5-14-41";"primuela";15,00;6;4;1;6;5,87;6,04;5,16;6,61;0,19;5,70;3,67;118;6;8
"e5-14-43";"primuela";15,00;5;3;1;6;5,60;5,95;5,19;6,36;0,13;5,73;3,43;135;16;8
"e5-14-44";"primuela";15,00;1;8;1;6;5,53;5,67;5,11;6,38;0,14;5,69;3,52;172;13;8
"e5-15-11";"primuela";17,00;5;3;8;16;5,62;5,63;5,56;6,02;0,10;5,47;3,38;151;11;8
"e5-15-12";"primuela";15,00;5;3;10;6;5,56;5,66;5,15;6,36;0,22;5,56;3,44;128;7;8
"e5-15-14";"primuela";15,00;5;3;1;6;5,94;5,84;5,00;6,36;0,18;5,68;3,47;129;11;8
"e5-15-21";"primuela";15,00;6;4;1;6;6,07;6,27;5,20;6,41;0,26;5,73;3,47;124;11;8
"e5-15-22";"primuela";15,00;5;4;1;6;5,84;6,04;5,21;6,32;0,21;5,67;3,39;147;11;8
"e5-15-32";"molincae";9,00;6;4;4;4;5,29;5,68;4,85;7,07;0,27;5,78;3,72;120;11;5
"e5-15-33";"primuela";15,00;4;4;1;6;5,48;5,37;5,07;6,32;0,18;5,67;3,46;159;16;8
"e5-15-41";"molincae";9,00;5;3;4;4;5,35;5,54;5,01;6,62;0,22;5,56;3,37;111;8;5
"e5-16-13";"primuela";16,00;1;8;8;5;5,73;5,89;5,87;6,40;0,17;5,61;3,49;190;17;8
"e5-16-14";"filipulm";6,00;1;8;8;3;5,92;6,00;6,46;6,51;0,22;5,49;3,59;193;6;4
"e5-16-21";"primuela";15,00;1;8;1;6;5,85;5,94;5,78;6,53;0,11;5,57;3,53;191;8;8
"e5-16-23";"primuela";16,00;1;8;7;5;5,52;5,89;5,98;6,50;0,20;5,59;3,46;267;18;8
"e5-16-31";"primuela";16,00;1;8;7;5;5,82;6,00;5,75;6,17;0,16;5,66;3,45;237;32;8
"e5-16-32";"primuela";16,00;1;8;7;5;5,70;6,02;6,25;6,41;0,18;5,55;3,46;217;12;8
"e5-16-34";"primuela";16,00;1;8;7;5;5,89;6,04;5,85;6,35;0,15;5,58;3,44;259;21;8
"e5-16-42";"primuela";15,00;5;4;1;6;6,08;5,97;5,53;6,25;0,20;5,66;3,50;136;13;8
"e5-17-12";"primuela";15,00;3;4;13;6;5,77;5,92;5,61;6,55;0,14;5,66;3,59;172;17;8
"e5-17-14";"primuela";15,00;6;4;1;6;6,06;5,96;5,28;6,59;0,22;5,65;3,51;148;14;8
"e5-17-31";"primuela";17,00;5;3;8;16;5,77;5,73;5,67;5,95;0,12;5,48;3,52;161;7;8
"e5-17-34";"primuela";17,00;5;3;8;16;5,15;5,40;5,75;5,57;0,07;5,41;3,35;102;10;8
"e5-17-43";"primuela";17,00;5;3;8;16;5,49;5,42;5,84;6,19;0,16;5,46;3,34;170;10;8
"e5-18-12";"primuela";17,00;5;3;10;16;6,07;5,76;5,51;6,09;0,19;5,44;3,50;102;5;8
"e5-18-13";"molincae";9,00;4;4;4;4;5,81;5,94;5,97;6,66;0,23;5,53;3,47;111;7;5
"e5-18-14";"primuela";17,00;5;3;10;16;5,94;5,45;5,50;6,01;0,13;5,51;3,27;99;5;8
"e5-18-24";"primuela";17,00;5;3;8;16;5,70;5,69;5,71;6,09;0,24;5,48;3,30;159;10;8
"e5-18-31";"primuela";17,00;5;3;8;16;5,94;5,72;5,59;6,08;0,19;5,55;3,48;154;10;8
"e5-18-42";"primuela";17,00;5;3;8;16;5,92;6,02;5,67;6,25;0,16;5,57;3,48;170;10;8
"e5-18-44";"primuela";15,00;1;8;1;6;5,87;5,86;5,76;6,41;0,22;5,55;3,41;173;16;8
"e5-21-11";"primuela";17,00;5;3;8;16;5,81;5,55;5,26;5,89;0,12;5,51;3,41;117;9;8
"e5-21-12";"primuela";17,00;5;3;10;16;5,97;5,77;5,32;6,06;0,16;5,49;3,43;120;12;8
"e5-21-13";"primuela";17,00;5;3;8;16;5,88;5,70;5,43;5,51;0,09;5,47;3,20;105;6;8
"e5-21-14";"primuela";17,00;5;3;8;16;5,94;5,85;5,44;5,76;0,18;5,45;3,29;123;5;8
"e5-21-33";"primuela";17,00;5;3;8;16;6,18;6,06;5,37;5,71;0,07;5,61;3,34;113;9;8
"e5-21-43";"primuela";15,00;5;4;1;6;6,12;6,71;5,56;6,58;0,23;5,69;3,68;125;8;8
"e5-21-44";"primuela";17,00;5;3;10;16;6,24;6,64;5,81;6,49;0,19;5,67;3,69;112;6;8
"e5-22-12";"primuela";17,00;5;3;10;16;5,79;5,87;5,13;6,10;0,11;5,51;3,43;117;4;8
"e5-22-14";"primuela";15,00;6;4;1;6;5,95;6,28;5,13;6,48;0,24;5,79;3,61;156;16;8
"e5-22-22";"primuela";15,00;1;5;2;6;5,72;6,00;5,08;6,56;0,18;5,80;3,52;224;39;8
"e5-22-31";"primuela";15,00;6;4;1;6;6,31;6,29;5,14;6,73;0,16;5,71;3,67;111;10;8
"e5-22-32";"primuela";15,00;1;8;1;6;5,95;6,17;5,26;6,22;0,18;5,71;3,51;186;21;8
"e5-22-33";"primuela";15,00;6;4;1;6;6,05;6,20;5,14;6,41;0,14;5,72;3,49;131;10;8
"e5-22-34";"primuela";15,00;5;4;1;6;6,04;6,20;5,09;6,38;0,18;5,59;3,53;126;11;8
"e5-22-41";"primuela";15,00;6;4;1;6;6,03;6,31;5,09;6,55;0,22;5,74;3,68;166;15;8
"e5-22-42";"primuela";15,00;5;4;1;6;5,81;6,07;5,13;6,56;0,18;5,65;3,75;137;11;8
"e5-22-43";"primuela";15,00;6;4;1;6;5,97;6,39;5,10;6,80;0,19;5,76;3,77;122;8;8
"e5-22-44";"primuela";16,00;1;8;7;5;5,89;6,45;5,63;6,52;0,18;5,68;3,70;229;15;8
"e5-23-13";"primuela";15,00;1;5;1;6;6,16;6,41;5,59;6,68;0,18;5,72;3,64;188;21;8
"e5-23-14";"primuela";16,00;1;8;7;5;5,95;6,38;6,21;6,39;0,14;5,57;3,54;220;15;8
"e5-23-21";"buddldav";12,00;2;5;2;2;5,95;6,41;5,34;6,68;0,19;5,89;3,50;193;44;6
"e5-23-22";"buddldav";12,00;2;5;2;2;5,98;6,28;5,50;6,72;0,16;5,84;3,53;204;44;6
"e5-23-23";"primuela";17,00;5;3;8;16;5,98;6,15;5,79;6,19;0,20;5,56;3,36;166;11;8
"e5-23-24";"buddldav";13,00;6;4;1;17;5,89;6,32;5,17;6,69;0,11;5,81;3,62;153;26;6
"e5-23-31";"primuela";16,00;1;8;7;5;5,58;6,35;6,14;6,56;0,17;5,61;3,58;288;23;8
"e5-23-32";"filipulm";6,00;5;3;10;3;5,54;5,81;5,88;6,64;0,13;5,58;3,54;144;11;4
"e5-23-33";"filipulm";7,00;2;6;3;9;5,79;6,17;6,29;6,78;0,22;5,65;3,50;239;9;4
"e5-23-34";"molincae";8,00;3;1;13;14;5,25;5,42;5,39;6,48;0,10;5,62;3,34;186;16;5
"e5-23-44";"primuela";15,00;4;2;4;6;5,37;5,67;5,19;6,49;0,12;5,72;3,48;167;9;8
"e5-24-11";"buddldav";12,00;2;5;2;2;5,92;6,39;5,06;6,81;0,23;5,89;3,72;207;57;6
"e5-24-12";"primuela";15,00;1;8;1;6;5,87;6,14;5,17;6,33;0,15;5,73;3,44;187;19;8
"e5-24-13";"filipulm";7,00;2;6;7;9;5,87;6,36;5,87;6,59;0,20;5,73;3,48;263;29;4
"e5-24-14";"primuela";15,00;6;4;1;6;5,94;6,16;5,48;6,82;0,22;5,74;3,56;169;18;8
"e5-24-21";"primuela";15,00;1;4;1;6;5,83;6,01;5,07;6,44;0,18;5,77;3,48;172;16;8
"e5-24-32";"primuela";15,00;6;4;1;6;5,83;6,28;4,97;6,55;0,20;5,73;3,56;164;9;8
"e5-24-41";"primuela";16,00;1;8;7;5;5,93;6,05;6,16;6,21;0,14;5,55;3,54;221;22;8
"e5-24-42";"primuela";16,00;1;8;7;5;5,94;6,28;5,49;6,53;0,16;5,65;3,52;221;23;8
"e5-24-43";"primuela";15,00;6;4;1;6;5,81;6,37;5,03;6,68;0,18;5,77;3,64;150;13;8
"e5-24-44";"primuela";15,00;1;8;7;6;5,97;6,22;5,84;6,40;0,18;5,62;3,56;175;13;8
"e5-25-12";"primuela";15,00;5;3;8;6;5,69;5,93;5,37;6,34;0,20;5,62;3,47;168;8;8
"e5-25-14";"primuela";16,00;1;8;7;5;5,74;5,97;5,45;6,45;0,14;5,67;3,51;273;26;8
"e5-25-21";"primuela";17,00;5;3;8;16;5,62;5,79;5,80;6,00;0,10;5,54;3,37;139;8;8
"e5-25-22";"primuela";17,00;5;3;8;16;5,50;5,55;5,81;5,85;0,15;5,39;3,38;123;6;8
"e5-25-23";"primuela";17,00;5;3;8;16;5,84;5,68;5,45;6,10;0,12;5,58;3,30;142;15;8
"e5-25-24";"primuela";16,00;1;8;8;5;5,44;5,72;5,69;6,51;0,21;5,66;3,45;193;13;8
"e5-25-31";"primuela";16,00;1;8;7;5;5,96;6,20;5,70;6,31;0,13;5,67;3,47;236;18;8
"e5-25-32";"primuela";16,00;1;8;7;5;6,00;6,21;5,91;6,22;0,16;5,59;3,41;254;17;8
"e5-25-41";"primuela";16,00;1;8;7;5;5,73;5,93;5,88;6,14;0,18;5,55;3,43;234;15;8
"e5-25-43";"primuela";16,00;1;8;7;5;5,72;6,05;6,00;6,24;0,13;5,56;3,45;283;17;8
"e5-26-12";"primuela";15,00;5;3;8;6;5,66;5,83;5,35;6,33;0,19;5,61;3,45;161;9;8
"e5-26-13";"primuela";15,00;1;8;1;6;5,91;5,93;5,53;6,38;0,16;5,65;3,50;194;12;8
"e5-26-22";"primuela";16,00;1;8;7;5;5,70;5,67;5,57;6,29;0,18;5,60;3,37;232;17;8
"e5-26-31";"molincae";9,00;4;2;4;4;5,68;5,41;5,33;6,56;0,24;5,61;3,38;127;11;5
"e5-26-33";"primuela";15,00;6;4;1;6;6,09;6,06;5,52;6,59;0,21;5,66;3,57;143;19;8
"e5-26-34";"primuela";15,00;1;4;1;6;5,85;5,90;5,39;6,57;0,16;5,72;3,54;181;22;8
"e5-26-42";"loliumul";4,00;6;4;1;11;5,88;6,02;5,47;6,83;0,22;5,76;3,48;135;14;3
"e5-27-11";"primuela";15,00;1;8;1;6;5,80;6,10;5,54;6,65;0,20;5,68;3,59;184;14;8
"e5-27-12";"primuela";17,00;5;3;8;16;6,04;6,14;5,43;5,93;0,17;5,49;3,44;149;6;8
"e5-27-13";"primuela";16,00;1;8;8;5;5,88;5,92;5,66;6,17;0,17;5,59;3,50;193;11;8
"e5-27-31";"primuela";15,00;6;4;1;6;5,93;6,21;5,47;6,80;0,22;5,72;3,60;119;10;8
"e5-27-33";"primuela";17,00;5;3;8;16;5,97;6,24;5,78;6,27;0,16;5,52;3,50;160;9;8
"e5-27-42";"primuela";15,00;5;4;1;6;6,13;6,32;5,82;6,40;0,14;5,62;3,65;157;11;8
"e5-28-21";"primuela";16,00;1;8;8;5;5,91;6,08;5,71;6,14;0,18;5,57;3,47;188;15;8
"e5-28-24";"primuela";15,00;5;3;1;6;6,03;6,18;5,44;6,38;0,20;5,65;3,61;161;13;8
"e5-28-34";"primuela";15,00;6;4;1;6;6,02;6,11;5,03;6,73;0,25;5,82;3,65;136;11;8
"e5-28-42";"primuela";17,00;5;3;8;16;5,87;5,93;5,81;5,84;0,11;5,42;3,45;153;7;8
"e5-31-12";"primuela";17,00;5;3;8;16;6,12;6,38;5,88;6,13;0,15;5,49;3,38;137;7;8
"e5-31-13";"primuela";16,00;1;8;7;5;6,00;6,04;5,49;6,18;0,18;5,63;3,46;222;22;8
"e5-31-14";"primuela";15,00;6;4;1;6;6,23;6,34;5,11;6,61;0,13;5,68;3,55;118;8;8
"e5-31-21";"primuela";15,00;1;8;8;6;6,07;6,38;5,52;6,32;0,15;5,65;3,54;175;12;8
"e5-31-22";"primuela";16,00;1;8;7;5;5,90;6,13;5,37;6,26;0,15;5,67;3,56;228;22;8
"e5-31-23";"primuela";15,00;5;3;1;6;6,09;6,18;5,25;6,16;0,10;5,58;3,52;123;12;8
"e5-31-24";"primuela";15,00;5;3;8;6;5,83;5,82;5,28;6,15;0,16;5,55;3,42;146;10;8
"e5-31-32";"primuela";15,00;6;4;1;6;6,21;6,20;5,17;6,68;0,15;5,73;3,60;100;13;8
"e5-31-34";"primuela";15,00;6;4;1;6;6,08;6,26;5,09;6,60;0,20;5,72;3,48;107;13;8
"e5-31-41";"primuela";15,00;6;4;1;6;5,83;6,02;5,10;6,59;0,21;5,64;3,55;125;8;8
"e5-31-42";"primuela";15,00;5;4;1;6;6,00;6,01;5,09;6,25;0,16;5,61;3,54;140;11;8
"e5-31-43";"primuela";15,00;6;4;1;6;6,14;6,08;5,19;6,41;0,20;5,65;3,50;121;8;8
"e5-31-44";"primuela";15,00;1;8;8;6;5,69;5,83;5,29;6,28;0,17;5,62;3,40;195;13;8
"e5-32-11";"primuela";15,00;5;3;8;6;5,64;5,66;5,35;6,14;0,14;5,54;3,44;157;15;8
"e5-32-12";"primuela";15,00;1;8;7;6;5,82;6,14;5,23;6,38;0,16;5,70;3,54;218;17;8
"e5-32-13";"primuela";15,00;1;8;1;6;5,77;5,86;5,23;6,35;0,18;5,63;3,49;162;18;8
"e5-32-14";"primuela";15,00;6;4;1;6;5,88;6,10;5,11;6,54;0,22;5,67;3,46;143;13;8
"e5-32-21";"primuela";16,00;1;8;7;5;5,86;6,16;5,52;6,50;0,15;5,70;3,60;262;20;8
"e5-32-22";"filipulm";6,00;1;6;3;3;6,08;6,45;6,56;6,65;0,23;5,60;3,72;193;11;4
"e5-32-23";"primuela";16,00;1;8;7;5;5,92;6,24;5,79;6,37;0,17;5,60;3,47;253;17;8
"e5-32-24";"primuela";16,00;1;8;7;5;6,10;6,35;6,37;6,45;0,18;5,61;3,58;200;13;8
"e5-32-31";"primuela";15,00;1;5;2;6;5,70;6,03;5,17;6,70;0,17;5,74;3,57;209;25;8
"e5-32-32";"primuela";16,00;1;8;7;5;6,00;6,19;5,48;6,44;0,14;5,68;3,50;228;21;8
"e5-32-33";"primuela";15,00;1;8;1;6;5,73;6,02;5,28;6,27;0,16;5,60;3,44;172;11;8
"e5-32-34";"primuela";16,00;1;8;7;5;5,77;6,14;5,85;6,34;0,15;5,63;3,51;266;20;8
"e5-32-41";"primuela";16,00;1;8;7;5;6,07;6,31;6,03;6,35;0,17;5,71;3,49;221;17;8
"e5-32-42";"filipulm";7,00;1;8;7;9;5,58;6,02;6,47;6,45;0,17;5,60;3,54;364;27;4
"e5-32-43";"filipulm";6,00;5;3;10;3;6,16;6,30;6,59;6,36;0,19;5,44;3,58;155;6;4
"e5-32-44";"filipulm";6,00;5;3;10;3;5,90;6,20;6,26;6,52;0,22;5,54;3,47;179;9;4
"e5-33-11";"primuela";15,00;2;8;7;6;5,90;6,36;5,87;6,68;0,17;5,70;3,64;205;20;8
"e5-33-13";"primuela";17,00;5;3;8;16;5,72;5,78;5,56;6,33;0,11;5,60;3,48;151;14;8
"e5-33-14";"primuela";16,00;1;8;7;5;5,65;5,83;5,88;6,25;0,18;5,57;3,35;220;17;8
"e5-33-21";"primuela";15,00;4;4;4;6;5,73;5,73;5,20;6,26;0,13;5,61;3,46;132;13;8
"e5-33-22";"primuela";15,00;4;4;1;6;5,59;5,73;5,04;6,36;0,18;5,69;3,51;160;17;8
"e5-33-23";"primuela";16,00;1;8;7;5;5,43;5,77;5,59;6,40;0,15;5,67;3,49;270;29;8
"e5-33-24";"primuela";15,00;6;4;1;6;5,63;5,75;5,19;6,54;0,16;5,69;3,52;140;17;8
"e5-33-31";"primuela";16,00;1;8;7;5;5,63;5,85;5,76;6,35;0,12;5,67;3,50;355;36;8
"e5-33-32";"primuela";16,00;1;8;7;5;5,64;5,84;5,29;6,35;0,15;5,70;3,56;261;21;8
"e5-33-33";"primuela";17,00;1;8;8;16;5,54;5,53;5,40;6,14;0,13;5,57;3,39;174;15;8
"e5-33-41";"primuela";15,00;4;2;8;6;5,81;5,76;5,51;6,32;0,17;5,60;3,52;149;15;8
"e5-33-42";"primuela";15,00;1;8;8;6;5,82;5,95;5,32;6,13;0,09;5,67;3,53;177;16;8
"e5-33-43";"molincae";9,00;4;2;4;4;5,57;5,54;5,42;6,19;0,13;5,60;3,39;114;8;5
"e5-34-11";"primuela";15,00;6;4;1;6;5,73;5,86;4,95;6,46;0,12;5,71;3,58;159;14;8
"e5-34-14";"primuela";15,00;5;3;1;6;5,67;5,78;5,12;6,24;0,11;5,64;3,41;161;11;8
"e5-34-22";"primuela";16,00;1;8;7;5;5,72;6,19;5,87;6,33;0,21;5,62;3,48;219;16;8
"e5-34-23";"primuela";15,00;1;8;1;6;5,96;6,24;5,25;6,35;0,21;5,73;3,57;175;16;8
"e5-34-24";"primuela";16,00;1;8;8;5;5,50;5,77;5,82;6,25;0,14;5,56;3,40;212;12;8
"e5-34-31";"primuela";15,00;4;4;1;6;5,69;5,77;5,14;6,54;0,13;5,73;3,53;171;15;8
"e5-34-32";"primuela";15,00;4;2;4;6;5,68;5,63;5,31;6,33;0,17;5,65;3,57;140;14;8
"e5-34-41";"primuela";15,00;5;3;8;6;5,72;5,73;5,27;6,24;0,16;5,72;3,50;164;16;8
"e5-34-42";"primuela";16,00;1;8;8;5;5,60;6,24;6,08;6,43;0,21;5,58;3,51;204;9;8
"e5-34-43";"primuela";17,00;5;3;10;16;5,93;5,74;5,11;6,02;0,17;5,54;3,47;105;8;8
"e5-34-44";"primuela";16,00;1;8;7;5;5,59;5,72;5,63;6,26;0,13;5,60;3,50;223;19;8
"e5-35-12";"primuela";15,00;1;4;1;6;5,87;5,87;5,42;6,36;0,19;5,65;3,58;157;19;8
"e5-35-13";"primuela";15,00;6;4;1;6;5,91;6,15;4,96;6,76;0,12;5,67;3,50;107;7;8
"e5-35-21";"primuela";15,00;1;4;1;6;5,91;6,01;5,55;6,39;0,19;5,51;3,53;158;16;8
"e5-35-22";"primuela";15,00;5;4;1;6;5,87;6,14;5,83;6,54;0,13;5,61;3,51;146;12;8
"e5-35-31";"primuela";17,00;5;3;8;16;5,73;5,77;5,39;6,24;0,20;5,52;3,38;136;7;8
"e5-35-42";"primuela";15,00;6;4;1;6;6,25;6,40;5,61;6,61;0,20;5,73;3,59;162;17;8
"e5-36-11";"filipulm";6,00;5;3;10;3;5,61;6,43;6,94;6,75;0,20;5,49;3,40;102;5;4
"e5-36-12";"primuela";16,00;1;8;7;5;5,79;6,23;6,11;6,57;0,20;5,59;3,49;260;18;8
"e5-36-13";"primuela";16,00;1;8;7;5;5,96;6,37;5,79;6,48;0,21;5,71;3,50;227;22;8
"e5-36-32";"primuela";15,00;6;4;1;6;5,99;6,21;5,31;6,63;0,17;5,67;3,52;148;10;8
"e5-36-34";"primuela";15,00;5;3;1;6;6,13;6,38;5,52;6,54;0,18;5,71;3,56;146;8;8
"e5-36-42";"loliumul";4,00;6;4;1;11;6,32;6,71;5,06;6,84;0,20;5,82;3,77;114;15;3
"e5-36-43";"primuela";16,00;1;8;7;5;5,83;6,35;5,45;6,56;0,18;5,66;3,54;250;15;8
"e5-37-13";"primuela";15,00;6;4;1;6;5,91;6,35;5,19;6,66;0,19;5,66;3,60;149;8;8
"e5-37-21";"primuela";16,00;1;8;7;5;5,76;6,16;5,75;6,55;0,14;5,59;3,51;195;16;8
"e5-37-32";"primuela";15,00;6;4;1;6;6,08;6,63;5,36;6,71;0,12;5,75;3,68;148;13;8
"e5-37-41";"filipulm";6,00;5;3;10;3;5,90;6,45;6,14;6,82;0,22;5,62;3,56;169;9;4
"e5-37-43";"buddldav";12,00;2;5;2;2;5,59;6,43;5,37;7,04;0,22;5,75;3,66;207;26;6
"e5-38-12";"primuela";15,00;6;4;1;6;6,35;6,37;5,43;6,64;0,23;5,72;3,75;121;13;8
"e5-38-22";"primuela";15,00;6;4;1;6;6,14;6,15;5,42;6,60;0,20;5,68;3,51;156;12;8
"e5-38-41";"loliumul";4,00;6;4;1;11;6,13;6,54;5,02;6,87;0,20;5,73;3,64;115;9;3
"e5-38-43";"astertri";14,00;6;4;5;15;6,33;6,93;5,53;7,15;0,18;5,83;3,73;120;11;7
"e5-41-12";"primuela";15,00;6;4;1;6;5,81;5,91;5,13;6,68;0,21;5,64;3,55;120;8;8
"e5-41-14";"primuela";16,00;1;8;7;5;5,80;6,09;5,93;6,33;0,17;5,56;3,50;240;11;8
"e5-41-21";"primuela";15,00;6;4;1;6;6,13;6,20;5,18;6,59;0,15;5,60;3,55;115;10;8
"e5-41-22";"primuela";15,00;5;3;1;6;6,02;6,18;5,19;6,27;0,21;5,62;3,47;149;14;8
"e5-41-23";"primuela";15,00;1;8;1;6;5,83;5,93;5,36;6,45;0,19;5,64;3,32;163;16;8
"e5-41-24";"primuela";15,00;6;4;1;6;5,77;5,98;5,34;6,82;0,25;5,75;3,60;131;19;8
"e5-41-31";"primuela";17,00;5;3;8;16;6,10;6,05;5,33;5,85;0,10;5,51;3,47;142;8;8
"e5-41-32";"primuela";16,00;1;8;7;5;5,92;6,21;6,07;6,39;0,20;5,50;3,42;204;9;8
"e5-41-41";"primuela";15,00;1;8;1;6;5,81;6,28;5,35;6,45;0,21;5,64;3,40;173;13;8
"e5-42-11";"primuela";16,00;1;8;7;5;5,81;6,04;6,00;6,30;0,14;5,64;3,49;269;25;8
"e5-42-12";"primuela";15,00;1;8;8;6;5,93;5,91;5,20;6,29;0,14;5,67;3,49;185;18;8
"e5-42-13";"primuela";16,00;1;8;7;5;5,70;6,01;5,73;6,39;0,17;5,60;3,60;232;16;8
"e5-42-14";"primuela";16,00;1;8;7;5;5,73;5,91;5,54;6,10;0,16;5,60;3,48;244;20;8
"e5-42-21";"filipulm";6,00;5;3;10;3;5,91;6,14;6,45;6,55;0,18;5,52;3,48;182;3;4
"e5-42-22";"primuela";16,00;1;8;7;5;6,01;6,18;6,05;6,59;0,21;5,64;3,56;213;18;8
"e5-42-23";"filipulm";7,00;1;8;7;9;5,72;6,24;6,13;6,52;0,16;5,61;3,49;324;25;4
"e5-42-24";"filipulm";6,00;1;6;3;3;6,05;6,21;6,38;6,59;0,17;5,53;3,56;189;9;4
"e5-42-32";"primuela";16,00;1;8;7;5;5,67;6,00;6,03;6,44;0,17;5,62;3,49;278;24;8
"e5-42-33";"primuela";16,00;1;8;8;5;5,81;6,12;5,90;6,22;0,13;5,55;3,42;215;12;8
"e5-42-34";"primuela";16,00;1;8;7;5;5,65;5,92;6,19;6,30;0,16;5,60;3,47;326;20;8
"e5-42-41";"primuela";16,00;1;8;7;5;5,70;6,07;6,13;6,56;0,19;5,61;3,46;288;22;8
"e5-42-42";"filipulm";6,00;2;6;3;3;5,95;6,04;6,27;6,67;0,19;5,64;3,54;189;15;4
"e5-42-43";"primuela";15,00;1;8;7;6;5,75;6,02;5,50;6,60;0,20;5,68;3,50;191;13;8
"e5-43-11";"primuela";15,00;1;8;8;6;5,71;5,75;5,25;6,26;0,12;5,67;3,51;175;19;8
"e5-43-13";"primuela";17,00;5;3;8;16;5,67;5,71;5,96;5,85;0,10;5,43;3,35;151;6;8
"e5-43-14";"primuela";17,00;5;3;8;16;5,71;5,80;5,49;5,92;0,08;5,56;3,46;154;11;8
"e5-43-22";"primuela";17,00;5;3;8;16;5,96;6,21;6,81;6,16;0,15;5,55;3,44;154;13;8
"e5-44-11";"primuela";17,00;5;3;8;16;5,73;5,60;5,60;5,62;0,08;5,42;3,36;124;8;8
"e5-44-13";"primuela";17,00;5;3;8;16;5,65;5,65;5,24;5,90;0,12;5,56;3,45;150;8;8
"e5-45-12";"primuela";15,00;5;3;1;6;6,02;6,27;5,20;6,46;0,22;5,69;3,49;131;8;8
"e5-45-21";"primuela";15,00;5;3;1;6;5,98;6,34;5,27;6,40;0,19;5,55;3,58;149;8;8
"e5-45-22";"primuela";15,00;5;4;1;6;6,23;6,49;5,14;6,58;0,19;5,69;3,56;115;6;8
"e5-46-11";"primuela";15,00;5;3;1;6;5,97;6,54;5,75;6,62;0,20;5,61;3,42;155;7;8
"e5-46-12";"filipulm";6,00;5;3;10;3;5,61;6,29;6,05;6,78;0,20;5,52;3,41;138;6;4
"e5-46-14";"primuela";16,00;2;8;7;5;5,88;6,47;5,75;6,80;0,21;5,68;3,52;237;21;8
"e5-46-21";"primuela";15,00;1;8;8;6;5,98;6,29;5,71;6,44;0,20;5,58;3,55;190;11;8
"e5-46-22";"primuela";15,00;6;4;1;6;6,21;6,58;5,47;6,78;0,14;5,74;3,60;163;21;8
"e5-46-31";"primuela";17,00;5;3;10;16;6,30;6,33;5,76;5,87;0,06;5,48;3,46;113;6;8
"e5-46-32";"primuela";15,00;1;8;1;6;6,10;6,50;5,62;6,43;0,19;5,54;3,52;172;8;8
"e5-46-33";"primuela";15,00;6;4;1;6;5,88;6,50;5,44;6,95;0,25;5,66;3,45;123;4;8
"e5-46-34";"primuela";15,00;6;4;1;6;6,28;6,60;6,05;6,77;0,24;5,60;3,55;153;13;8
"e5-46-42";"primuela";15,00;6;4;1;6;6,07;6,73;5,06;6,78;0,16;5,81;3,56;143;10;8
"e5-46-43";"buddldav";12,00;2;5;2;2;5,69;6,51;5,34;6,77;0,17;5,77;3,56;286;24;6
"e5-46-44";"primuela";15,00;6;4;1;6;5,70;6,68;5,19;6,68;0,11;5,70;3,51;182;16;8
"e5-47-11";"primuela";15,00;1;8;1;6;6,03;6,66;5,94;6,71;0,17;5,70;3,58;190;10;8
"e5-47-12";"primuela";16,00;1;8;7;5;6,14;6,42;5,76;6,47;0,14;5,73;3,54;215;30;8
"e5-47-41";"primuela";15,00;6;4;1;6;6,12;6,64;5,28;6,71;0,18;5,72;3,50;159;11;8
"e5-47-43";"primuela";15,00;6;4;1;6;6,00;6,54;5,24;6,78;0,20;5,70;3,70;149;15;8
"e5-48-14";"buddldav";13,00;5;3;1;17;6,10;6,42;5,10;6,67;0,22;5,68;3,51;108;8;6
"e5-48-21";"primuela";15,00;6;4;1;6;5,96;6,66;5,05;6,77;0,19;5,79;3,67;144;14;8
"e5-48-22";"primuela";15,00;6;4;1;6;6,28;6,61;5,09;6,62;0,19;5,71;3,57;107;15;8
"e5-48-31";"primuela";15,00;5;3;1;6;6,27;6,62;5,36;6,51;0,21;5,63;3,62;103;7;8
"e5-48-33";"primuela";15,00;5;3;1;6;6,19;6,47;5,20;6,48;0,21;5,73;3,52;98;9;8
"e5-48-44";"primuela";15,00;5;3;1;6;6,39;6,84;5,28;6,61;0,20;5,68;3,68;119;13;8
"e5-51-21";"primuela";16,00;1;8;8;5;5,75;5,83;5,85;6,13;0,11;5,53;3,36;198;10;8
"e5-51-22";"primuela";17,00;5;3;8;16;5,88;6,09;6,20;6,07;0,16;5,51;3,50;181;8;8
"e5-51-23";"primuela";16,00;1;8;7;5;5,69;6,00;6,03;6,11;0,12;5,55;3,36;259;17;8
"e5-51-41";"primuela";17,00;5;3;8;16;5,97;5,80;6,56;5,54;0,11;5,38;3,29;121;5;8
"e5-52-11";"primuela";16,00;1;8;7;5;5,89;6,13;5,96;6,35;0,17;5,62;3,53;314;31;8
"e5-52-12";"primuela";16,00;1;8;8;5;5,61;5,84;6,00;5,94;0,15;5,50;3,44;225;13;8
"e5-52-13";"primuela";17,00;5;3;8;16;5,95;5,64;6,18;5,54;0,05;5,40;3,39;122;4;8
"e5-52-24";"primuela";15,00;1;8;13;6;5,72;6,00;5,92;6,65;0,19;5,60;3,60;201;14;8
"e5-52-31";"primuela";17,00;5;3;8;16;5,94;5,79;6,01;5,61;0,06;5,45;3,29;118;7;8
"e5-52-42";"primuela";15,00;4;2;4;6;5,52;5,30;5,17;6,33;0,14;5,62;3,34;145;8;8
"e5-53-13";"primuela";17,00;5;3;10;16;6,01;6,15;5,34;6,36;0,10;5,67;3,44;135;13;8
"e5-56-11";"primuela";15,00;6;4;1;6;6,07;6,54;5,06;6,58;0,16;5,74;3,57;107;6;8
"e5-56-12";"primuela";15,00;6;4;1;6;6,21;6,46;5,24;6,44;0,19;5,71;3,56;121;11;8
"e5-56-22";"primuela";15,00;6;4;1;6;6,18;6,64;5,33;6,50;0,15;5,77;3,62;142;13;8
"e5-57-22";"primuela";15,00;6;4;1;6;6,32;6,69;4,96;6,71;0,12;5,81;3,73;98;8;8
"e5-58-11";"primuela";15,00;6;4;1;6;6,08;6,69;5,12;6,60;0,14;5,81;3,53;120;10;8
"e5-58-12";"primuela";15,00;5;3;1;6;6,14;6,53;5,24;6,37;0,25;5,67;3,51;99;8;8
"e5-58-13";"primuela";15,00;6;4;1;6;6,15;6,64;4,95;6,64;0,22;5,74;3,59;117;8;8
"e6-11-11";"primuela";15,00;5;3;8;6;5,89;5,70;5,66;6,22;0,19;5,56;3,49;151;13;8
"e6-11-13";"primuela";15,00;1;8;8;6;5,89;5,81;5,50;6,23;0,20;5,61;3,47;173;14;8
"e6-11-44";"primuela";15,00;5;4;1;6;5,82;5,71;5,31;6,36;0,24;5,63;3,46;139;11;8
"e6-12-14";"primuela";15,00;5;4;1;6;5,97;5,92;5,44;6,39;0,24;5,61;3,51;144;12;8
"e6-12-21";"loliumul";4,00;6;4;1;11;6,13;6,33;5,55;6,92;0,30;5,70;3,45;108;9;3
"e6-12-41";"primuela";15,00;6;4;1;6;6,01;6,25;5,45;6,72;0,20;5,70;3,47;148;11;8
"e6-13-11";"loliumul";4,00;6;4;1;11;6,27;6,24;5,59;6,79;0,25;5,78;3,55;133;12;3
"e6-13-13";"filipulm";6,00;5;3;10;3;6,19;6,31;7,07;6,52;0,21;5,47;3,47;137;10;4
"e6-13-14";"primuela";17,00;5;3;10;16;6,28;6,32;6,43;6,55;0,14;5,59;3,61;133;8;8
"e6-13-21";"filipulm";6,00;5;3;10;3;6,25;6,25;6,87;6,61;0,22;5,49;3,50;133;4;4
"e6-13-23";"filipulm";6,00;6;4;6;3;6,18;6,30;6,20;6,62;0,13;5,60;3,62;147;5;4
"e6-13-31";"loliumul";4,00;6;4;1;11;6,36;6,43;5,71;6,79;0,15;5,69;3,57;131;7;3
"e6-13-32";"filipulm";6,00;2;6;3;3;6,03;6,47;6,28;6,79;0,25;5,66;3,60;200;9;4
"e6-13-33";"filipulm";6,00;6;4;6;3;5,90;6,31;5,91;6,82;0,18;5,57;3,67;130;9;4
"e6-13-34";"filipulm";6,00;6;7;10;3;6,19;6,50;6,56;6,92;0,26;5,53;3,61;132;4;4
"e6-13-42";"primuela";17,00;5;3;10;16;6,27;6,25;5,83;6,25;0,15;5,62;3,54;153;7;8
"e6-13-44";"primuela";15,00;5;3;1;6;6,13;6,04;5,73;6,56;0,23;5,57;3,61;143;7;8
"e6-14-12";"molincae";9,00;4;4;4;4;6,11;5,87;5,64;6,61;0,21;5,63;3,50;141;9;5
"e6-14-33";"primuela";17,00;5;3;10;16;5,96;5,80;6,00;6,12;0,19;5,40;3,53;126;4;8
"e6-14-41";"molincae";9,00;4;2;4;4;5,61;5,60;5,58;6,82;0,22;5,62;3,48;132;13;5
"e6-15-13";"primuela";16,00;1;8;7;5;5,66;5,71;5,87;6,41;0,18;5,58;3,60;223;20;8
"e6-15-14";"molincae";8,00;3;1;13;14;5,37;5,58;5,98;6,65;0,24;5,55;3,40;187;5;5
"e6-15-22";"filipulm";6,00;5;4;6;3;6,19;6,25;6,19;6,69;0,19;5,59;3,45;168;7;4
"e6-15-31";"molincae";9,00;4;2;9;4;5,22;5,14;5,78;6,37;0,19;5,33;3,34;130;3;5
"e6-15-33";"molincae";9,00;4;4;4;4;5,68;5,46;5,40;6,60;0,23;5,51;3,41;122;3;5
"e6-15-41";"primuela";17,00;5;3;10;16;5,96;6,09;5,85;6,48;0,18;5,49;3,45;139;3;8
"e6-15-43";"primuela";17,00;5;3;10;16;5,94;5,97;6,05;6,32;0,14;5,46;3,52;129;2;8
"e6-16-11";"filipulm";6,00;2;6;3;3;6,03;6,28;6,08;6,76;0,21;5,61;3,51;195;8;4
"e6-16-13";"primuela";16,00;1;8;7;5;6,12;6,12;6,13;6,45;0,18;5,58;3,46;193;12;8
"e6-16-14";"filipulm";7,00;2;6;3;9;6,12;6,32;6,11;6,72;0,21;5,66;3,56;225;18;4
"e6-16-23";"primuela";17,00;5;3;10;16;5,97;6,29;6,05;6,54;0,26;5,42;3,32;132;3;8
"e6-16-32";"filipulm";6,00;6;4;6;3;5,96;6,30;5,87;6,89;0,17;5,59;3,58;173;11;4
"e6-16-33";"filipulm";5,00;1;8;7;7;5,92;6,17;5,71;6,69;0,18;5,67;3,54;210;15;4
"e6-16-41";"filipulm";7,00;2;6;3;9;6,05;6,24;6,21;6,64;0,21;5,66;3,51;251;18;4
"e6-16-42";"primuela";16,00;1;8;7;5;6,09;6,27;6,24;6,63;0,19;5,62;3,60;196;15;8
"e6-17-21";"loliumul";4,00;6;4;4;11;6,13;6,08;5,63;6,83;0,21;5,60;3,56;102;6;3
"e6-17-22";"molincae";9,00;4;4;6;4;5,70;5,73;5,88;6,86;0,21;5,55;3,58;141;4;5
"e6-17-24";"loliumul";4,00;6;4;6;11;6,07;6,00;5,94;6,85;0,33;5,56;3,50;128;7;3
"e6-17-31";"primuela";17,00;5;3;8;16;5,78;5,88;6,20;6,36;0,16;5,52;3,42;167;3;8
"e6-17-33";"primuela";17,00;5;3;8;16;5,41;5,88;6,19;6,45;0,16;5,42;3,43;196;3;8
"e6-17-41";"primuela";16,00;1;8;8;5;5,55;5,88;6,33;6,23;0,15;5,51;3,36;245;7;8
"e6-17-42";"primuela";16,00;1;8;8;5;5,56;5,95;6,13;6,28;0,16;5,55;3,46;230;11;8
"e6-17-43";"primuela";16,00;1;8;7;5;6,01;6,16;6,16;6,44;0,11;5,53;3,52;210;10;8
"e6-18-11";"loliumul";4,00;6;4;1;11;5,93;5,98;5,58;6,84;0,30;5,61;3,56;133;12;3
"e6-18-21";"filipulm";6,00;5;3;10;3;6,10;6,18;6,15;6,59;0,21;5,50;3,52;143;8;4
"e6-18-22";"molincae";11,00;4;2;9;8;4,72;5,24;6,84;6,72;0,16;5,33;3,36;106;2;5
"e6-18-31";"primuela";16,00;1;8;7;5;5,57;5,82;6,38;6,45;0,17;5,54;3,56;269;13;8
"e6-18-32";"molincae";10,00;3;1;11;12;5,49;5,79;6,11;6,54;0,19;5,50;3,49;236;7;5
"e6-18-33";"filipulm";6,00;1;8;7;3;5,96;6,06;6,32;6,57;0,22;5,59;3,56;187;8;4
"e6-18-34";"primuela";17,00;5;3;8;16;5,50;5,80;6,27;6,14;0,16;5,38;3,47;131;4;8
"e6-18-43";"primuela";17,00;5;3;10;16;5,58;5,73;6,35;5,57;0,06;5,33;3,42;97;4;8
"e6-18-44";"molincae";11,00;3;1;8;8;5,29;5,42;6,23;6,29;0,16;5,49;3,43;180;12;5
"e6-21-11";"primuela";16,00;1;8;7;5;6,07;6,11;6,10;6,36;0,21;5,59;3,56;184;18;8
"e6-21-21";"loliumul";4,00;6;4;1;11;5,95;5,80;5,45;6,60;0,23;5,66;3,49;140;19;3
"e6-21-33";"primuela";15,00;6;4;1;6;5,81;5,78;5,70;6,60;0,24;5,64;3,36;169;9;8
"e6-21-41";"loliumul";4,00;6;4;1;11;6,32;6,41;5,59;6,62;0,20;5,61;3,55;135;9;3
"e6-22-11";"molincae";9,00;4;4;4;4;5,87;5,73;5,46;6,64;0,22;5,68;3,50;132;13;5
"e6-22-22";"loliumul";4,00;6;4;1;11;6,21;6,47;5,74;6,89;0,16;5,72;3,56;147;11;3
"e6-22-41";"filipulm";5,00;6;4;6;7;6,11;6,42;6,24;6,98;0,24;5,68;3,60;158;8;4
"e6-23-11";"filipulm";6,00;6;4;6;3;6,31;6,56;6,06;7,00;0,19;5,67;3,63;136;3;4
"e6-23-22";"loliumul";4,00;6;4;1;11;6,01;5,97;5,54;6,80;0,27;5,68;3,56;141;11;3
"e6-23-23";"primuela";17,00;5;3;10;16;6,61;6,30;5,81;6,35;0,20;5,50;3,53;97;3;8
"e6-23-24";"primuela";15,00;6;4;1;6;6,43;6,62;6,07;6,70;0,27;5,69;3,72;166;15;8
"e6-23-31";"filipulm";5,00;2;6;3;7;6,11;6,38;5,98;6,78;0,21;5,61;3,47;197;10;4
"e6-23-33";"filipulm";6,00;5;3;10;3;6,06;6,54;5,80;6,72;0,19;5,61;3,43;152;3;4
"e6-23-34";"filipulm";7,00;1;6;7;9;5,68;5,99;6,22;6,56;0,19;5,62;3,52;272;17;4
"e6-23-42";"filipulm";6,00;5;3;10;3;6,19;6,40;6,24;6,71;0,16;5,49;3,35;138;1;4
"e6-23-43";"primuela";16,00;1;8;7;5;5,73;5,94;5,90;6,56;0,18;5,60;3,51;259;19;8
"e6-23-44";"primuela";16,00;1;8;7;5;6,14;6,27;6,07;6,43;0,12;5,56;3,52;208;10;8
"e6-24-12";"primuela";17,00;5;3;10;16;5,82;6,15;5,91;6,37;0,13;5,50;3,40;112;0;8
"e6-24-13";"filipulm";6,00;5;3;10;3;6,08;6,25;6,45;6,75;0,21;5,51;3,40;115;3;4
"e6-24-14";"primuela";15,00;6;4;1;6;6,00;6,14;5,51;6,81;0,21;5,59;3,57;145;9;8
"e6-24-21";"primuela";16,00;1;8;7;5;5,78;6,17;6,08;6,30;0,17;5,52;3,48;231;10;8
"e6-24-23";"primuela";16,00;1;8;7;5;5,95;5,97;5,52;6,16;0,19;5,55;3,45;213;16;8
"e6-24-24";"molincae";10,00;3;1;8;12;5,52;5,70;6,39;6,37;0,18;5,53;3,42;212;9;5
"e6-24-32";"primuela";15,00;6;4;1;6;6,03;6,14;5,61;6,67;0,18;5,66;3,50;169;11;8
"e6-24-33";"primuela";15,00;6;4;1;6;6,39;6,39;5,81;6,64;0,20;5,63;3,51;165;15;8
"e6-24-34";"primuela";15,00;5;3;1;6;6,35;6,63;5,49;6,51;0,15;5,71;3,45;137;9;8
"e6-24-41";"primuela";16,00;1;8;7;5;6,05;5,99;5,89;6,36;0,19;5,61;3,54;207;16;8
"e6-24-42";"primuela";17,00;5;3;8;16;5,55;5,84;6,63;5,93;0,11;5,38;3,34;153;7;8
"e6-25-12";"primuela";15,00;6;4;1;6;5,81;5,94;5,52;6,61;0,17;5,64;3,39;128;10;8
"e6-25-14";"molincae";9,00;4;2;4;4;5,67;5,98;5,60;6,23;0,09;5,55;3,53;96;6;5
"e6-25-23";"primuela";17,00;5;3;8;16;5,68;5,80;6,03;6,08;0,13;5,48;3,52;183;11;8
"e6-25-31";"primuela";17,00;5;3;8;16;5,84;5,76;6,19;5,77;0,15;5,38;3,32;123;4;8
"e6-26-13";"primuela";16,00;1;8;7;5;6,07;6,23;5,82;6,56;0,15;5,64;3,53;204;13;8
"e6-26-23";"filipulm";6,00;6;4;10;3;6,16;6,40;6,05;6,79;0,22;5,58;3,65;112;3;4
"e6-26-41";"filipulm";6,00;5;3;10;3;6,37;6,53;6,31;6,75;0,19;5,55;3,55;122;3;4
"e6-26-42";"filipulm";7,00;1;6;7;9;6,05;6,43;6,20;6,65;0,17;5,62;3,53;233;7;4
"e6-26-43";"primuela";15,00;6;4;1;6;6,02;6,33;5,74;6,67;0,13;5,70;3,39;167;10;8
"e6-26-44";"primuela";17,00;5;3;10;16;6,58;6,59;6,25;6,43;0,16;5,47;3,47;115;1;8
"e6-27-11";"primuela";17,00;5;3;10;16;5,84;6,09;6,00;6,01;0,16;5,38;3,36;109;6;8
"e6-27-12";"primuela";17,00;5;3;10;16;6,03;6,17;5,87;6,38;0,12;5,58;3,48;154;4;8
"e6-27-14";"primuela";15,00;6;4;1;6;5,95;6,13;5,73;6,65;0,27;5,67;3,44;170;10;8
"e6-27-22";"filipulm";5,00;2;6;3;7;6,07;6,35;6,04;6,67;0,23;5,62;3,49;206;8;4
"e6-27-24";"primuela";15,00;6;4;1;6;6,25;6,50;5,49;6,81;0,19;5,63;3,51;118;9;8
"e6-27-31";"primuela";17,00;5;3;10;16;6,37;6,45;6,23;6,56;0,17;5,51;3,36;107;2;8
"e6-27-32";"filipulm";6,00;5;3;10;3;5,76;6,01;6,40;6,46;0,19;5,48;3,47;177;4;4
"e6-27-34";"primuela";17,00;5;3;10;16;6,01;6,29;5,86;6,31;0,18;5,47;3,45;110;3;8
"e6-27-44";"primuela";16,00;1;8;7;5;5,72;6,13;5,87;6,21;0,13;5,50;3,41;279;12;8
"e6-28-12";"primuela";16,00;1;8;8;5;5,86;6,16;6,46;6,36;0,17;5,51;3,36;216;4;8
"e6-28-13";"primuela";17,00;5;3;10;16;6,11;6,43;6,15;6,29;0,17;5,44;3,48;112;0;8
"e6-28-23";"primuela";16,00;1;8;7;5;5,72;6,22;6,15;6,66;0,18;5,64;3,46;252;12;8
"e6-28-34";"primuela";17,00;5;3;10;16;6,35;6,50;6,01;5,81;0,07;5,45;3,38;98;4;8
"e6-28-41";"primuela";16,00;1;8;7;5;6,07;6,41;6,02;6,51;0,21;5,56;3,40;186;11;8
"e6-31-21";"primuela";15,00;6;4;1;6;6,44;6,63;5,76;6,80;0,27;5,72;3,60;154;17;8
"e6-31-22";"filipulm";5,00;6;4;6;7;6,29;6,62;6,17;6,86;0,23;5,64;3,65;167;8;4
"e6-31-33";"filipulm";6,00;5;3;10;3;6,37;6,55;6,84;6,71;0,20;5,57;3,68;148;4;4
"e6-31-41";"primuela";17,00;5;3;10;16;5,78;5,91;5,86;6,36;0,17;5,45;3,46;120;3;8
"e6-31-42";"primuela";17,00;5;3;10;16;5,43;5,81;6,21;6,40;0,19;5,50;3,31;136;6;8
"e6-32-12";"loliumul";4,00;6;4;6;11;6,07;6,51;5,82;6,91;0,23;5,73;3,67;123;11;3
"e6-32-23";"loliumul";4,00;6;4;12;11;6,10;6,76;5,64;6,88;0,21;5,62;3,67;113;7;3
"e6-32-34";"loliumul";4,00;6;4;12;11;6,44;6,87;5,66;6,92;0,17;5,75;3,75;117;12;3
"e6-32-42";"primuela";15,00;5;3;1;6;6,61;6,86;5,56;6,62;0,12;5,66;3,50;112;7;8
"e6-32-43";"loliumul";4,00;6;4;12;11;6,29;6,65;6,25;6,85;0,15;5,64;3,68;162;16;3
"e6-33-12";"filipulm";6,00;5;3;10;3;6,58;6,47;6,40;6,66;0,13;5,49;3,63;122;3;4
"e6-33-13";"primuela";17,00;5;3;10;16;5,75;6,61;5,87;6,83;0,18;5,64;3,58;98;3;8
"e6-33-22";"primuela";16,00;1;8;7;5;6,16;6,65;5,74;6,56;0,16;5,63;3,52;212;13;8
"e6-33-31";"primuela";17,00;5;3;10;16;6,46;6,69;5,86;6,34;0,13;5,48;3,41;98;4;8
"e6-33-34";"primuela";15,00;1;8;1;6;6,12;6,60;5,84;6,58;0,22;5,62;3,56;184;14;8
"e6-33-41";"primuela";15,00;6;4;1;6;5,92;6,47;5,06;6,88;0,19;5,74;3,70;149;13;8
"e6-33-44";"primuela";15,00;2;5;1;6;6,06;6,66;5,59;6,72;0,14;5,69;3,52;186;18;8
"e6-34-11";"primuela";15,00;6;4;1;6;6,29;6,41;5,35;6,71;0,16;5,66;3,45;141;5;8
"e6-34-22";"primuela";17,00;5;3;10;16;6,22;6,40;5,58;6,53;0,17;5,57;3,53;113;7;8
"e6-34-24";"primuela";15,00;6;5;1;6;6,04;6,51;5,37;6,65;0,16;5,73;3,53;183;18;8
"e6-34-33";"primuela";15,00;6;4;1;6;5,95;6,50;5,00;6,86;0,15;5,71;3,54;120;5;8
"e6-35-11";"filipulm";5,00;2;6;3;7;6,21;6,47;5,98;6,75;0,16;5,60;3,59;206;7;4
"e6-35-24";"primuela";15,00;5;3;10;6;5,83;6,31;5,64;6,45;0,16;5,59;3,47;165;3;8
"e6-35-34";"primuela";15,00;6;4;1;6;6,20;6,51;5,41;6,75;0,16;5,71;3,58;100;7;8
"e6-35-43";"primuela";15,00;6;4;1;6;6,53;6,48;5,56;6,69;0,21;5,67;3,45;116;3;8
"e6-36-12";"primuela";17,00;5;3;10;16;6,25;6,36;5,82;6,02;0,09;5,47;3,50;108;5;8
"e6-36-13";"primuela";15,00;5;3;1;6;5,97;6,51;5,64;6,55;0,17;5,68;3,51;151;5;8
"e6-36-14";"primuela";15,00;6;4;1;6;5,76;6,60;5,13;6,67;0,10;5,60;3,70;112;4;8
"e6-36-22";"euphoesu";18,00;1;8;7;10;6,14;6,62;6,09;6,65;0,19;5,64;3,50;217;5;9
"e6-36-23";"primuela";15,00;6;4;1;6;5,98;6,33;5,39;6,64;0,16;5,68;3,54;176;9;8
"e6-36-24";"primuela";15,00;6;4;1;6;6,25;6,50;5,73;6,66;0,27;5,62;3,55;145;7;8
"e6-36-31";"primuela";15,00;6;4;1;6;6,62;6,63;5,64;6,71;0,19;5,64;3,57;111;8;8
"e6-36-32";"primuela";15,00;5;3;1;6;6,32;6,74;5,44;6,68;0,11;5,53;3,47;106;4;8
"e6-36-33";"primuela";15,00;5;3;10;6;6,33;6,78;5,40;6,48;0,03;5,73;3,62;96;5;8
"e6-36-34";"filipulm";7,00;2;6;7;9;6,06;6,52;5,80;6,76;0,23;5,67;3,57;238;17;4
"e6-36-41";"primuela";16,00;1;8;7;5;6,37;6,65;6,12;6,36;0,17;5,65;3,49;178;12;8
"e6-37-14";"primuela";17,00;5;3;10;16;6,29;6,35;5,98;6,49;0,11;5,53;3,41;166;5;8
"e6-37-22";"primuela";17,00;5;3;8;16;6,23;6,10;6,00;5,58;0,05;5,50;3,50;106;4;8
"e6-37-23";"primuela";16,00;1;8;7;5;5,90;6,26;6,03;6,45;0,15;5,58;3,42;232;12;8
"e6-37-24";"primuela";15,00;1;4;1;6;6,01;6,52;5,64;6,64;0,15;5,63;3,58;179;13;8
"e6-37-32";"primuela";16,00;1;8;7;5;5,83;6,52;5,76;6,68;0,19;5,68;3,43;257;18;8
"e6-37-34";"primuela";15,00;5;3;10;6;6,07;6,46;5,73;6,60;0,17;5,66;3,46;160;11;8
"e6-37-42";"primuela";16,00;1;8;7;5;5,84;6,48;5,78;6,64;0,17;5,61;3,41;265;12;8
"e6-37-44";"primuela";15,00;6;4;1;6;6,42;6,59;5,31;6,78;0,17;5,67;3,56;120;5;8
"e6-38-12";"primuela";15,00;1;8;1;6;6,10;6,50;5,93;6,61;0,12;5,53;3,54;185;2;8
"e6-38-14";"primuela";15,00;5;3;1;6;6,06;6,50;5,38;6,62;0,20;5,63;3,42;151;4;8
"e6-38-21";"primuela";15,00;1;8;1;6;6,49;6,45;6,09;6,37;0,16;5,64;3,51;168;12;8
"e6-38-23";"primuela";16,00;1;8;7;5;6,08;6,31;6,15;6,42;0,16;5,58;3,45;249;16;8
"e6-38-24";"primuela";17,00;5;3;10;16;6,26;6,22;6,14;6,00;0,15;5,45;3,39;115;3;8
"e6-38-31";"primuela";17,00;5;3;8;16;5,64;6,37;6,17;6,38;0,14;5,52;3,37;204;2;8
"e6-38-32";"primuela";17,00;5;3;10;16;5,69;6,04;6,00;6,37;0,15;5,48;3,30;124;3;8
"e6-38-33";"primuela";15,00;5;3;1;6;6,06;6,62;5,81;6,67;0,16;5,58;3,57;157;8;8
"e6-38-34";"primuela";16,00;1;8;7;5;5,96;6,52;6,11;6,62;0,19;5,58;3,48;221;9;8
"e6-38-43";"astertri";14,00;6;7;5;15;6,05;6,91;5,84;7,23;0,18;5,78;3,67;106;8;7
"e6-38-44";"filipulm";6,00;1;8;10;3;5,82;6,60;5,97;6,73;0,21;5,58;3,52;191;14;4
"e6-41-23";"primuela";15,00;6;4;1;6;6,15;6,56;5,62;6,67;0,26;5,72;3,66;188;20;8
"e6-41-24";"buddldav";13,00;6;4;1;17;6,03;6,42;5,34;6,93;0,30;5,87;3,61;131;18;6
"e6-41-31";"primuela";15,00;6;4;1;6;6,08;6,82;5,43;6,88;0,21;5,69;3,89;90;10;8
"e6-41-32";"filipulm";5,00;6;4;1;7;6,41;6,84;5,81;6,82;0,25;5,76;3,65;184;23;4
"e6-41-33";"filipulm";6,00;5;3;10;3;6,04;6,55;6,02;6,71;0,21;5,61;3,57;190;14;4
"e6-41-43";"primuela";15,00;6;4;1;6;6,16;6,53;5,23;6,60;0,15;5,79;3,58;140;14;8
"e6-42-11";"primuela";15,00;6;4;1;6;6,17;6,53;5,58;6,62;0,18;5,71;3,54;142;13;8
"e6-42-34";"buddldav";13,00;6;4;1;17;6,16;6,68;5,34;6,80;0,15;5,82;3,51;138;11;6
"e6-42-41";"buddldav";13,00;6;4;1;17;6,16;6,54;5,55;6,72;0,16;5,80;3,50;126;7;6
"e6-42-43";"primuela";15,00;6;4;1;6;6,17;6,63;4,97;6,70;0,18;5,69;3,51;117;8;8
"e6-43-11";"primuela";15,00;6;4;1;6;6,04;6,36;5,28;6,62;0,19;5,72;3,52;175;7;8
"e6-43-14";"primuela";15,00;5;3;1;6;6,16;6,64;5,18;6,56;0,21;5,67;3,59;101;3;8
"e6-43-22";"primuela";15,00;5;3;10;6;6,00;6,68;5,78;6,72;0,20;5,61;3,36;156;3;8
"e6-43-23";"primuela";15,00;6;4;1;6;6,53;6,84;5,66;6,83;0,24;5,55;3,51;103;4;8
"e6-43-24";"primuela";15,00;6;4;1;6;5,79;6,55;4,98;6,85;0,13;5,64;3,71;105;2;8
"e6-43-41";"primuela";15,00;5;4;1;6;5,93;6,50;5,05;6,67;0,14;5,66;3,69;113;4;8
"e6-44-11";"primuela";15,00;6;4;1;6;5,93;6,51;4,93;6,78;0,25;5,73;3,64;142;8;8
"e6-44-12";"primuela";15,00;6;4;1;6;6,35;6,82;5,48;6,75;0,16;5,70;3,60;140;7;8
"e6-44-14";"primuela";15,00;6;4;1;6;6,32;6,65;5,42;6,81;0,16;5,65;3,64;142;4;8
"e6-44-22";"primuela";15,00;6;4;1;6;6,32;6,60;6,09;6,67;0,18;5,66;3,53;170;14;8
"e6-44-32";"primuela";15,00;1;8;7;6;5,63;6,15;5,49;6,55;0,16;5,68;3,44;198;15;8
"e6-45-22";"primuela";15,00;6;4;1;6;6,02;6,56;5,16;6,79;0,17;5,69;3,66;160;8;8
"e6-45-42";"primuela";15,00;5;3;1;6;6,01;6,83;4,99;6,50;0,09;5,66;3,58;125;9;8
"e6-45-43";"primuela";15,00;6;4;1;6;5,81;6,47;4,99;6,67;0,13;5,70;3,62;188;9;8
"e6-45-44";"primuela";17,00;5;3;10;16;6,14;6,54;5,69;6,44;0,12;5,59;3,43;150;8;8
"e6-46-11";"primuela";17,00;5;3;10;16;6,30;6,43;6,10;6,53;0,15;5,51;3,50;148;5;8
"e6-46-12";"primuela";15,00;6;4;1;6;6,12;6,71;5,56;6,85;0,15;5,54;3,64;135;5;8
"e6-46-13";"primuela";16,00;1;8;7;5;6,03;6,63;5,76;6,56;0,17;5,70;3,54;235;20;8
"e6-46-14";"primuela";17,00;5;3;10;16;6,27;6,48;5,30;6,33;0,17;5,55;3,56;97;4;8
"e6-46-21";"primuela";17,00;5;3;10;16;6,44;6,41;6,03;6,28;0,13;5,44;3,35;119;2;8
"e6-46-23";"primuela";15,00;5;3;1;6;6,20;6,67;5,60;6,68;0,14;5,65;3,37;164;9;8
"e6-46-24";"primuela";15,00;1;8;1;6;5,94;6,53;5,33;6,67;0,16;5,69;3,44;213;10;8
"e6-46-31";"primuela";15,00;1;8;1;6;6,16;6,64;5,77;6,52;0,13;5,62;3,57;186;7;8
"e6-46-33";"primuela";17,00;5;3;10;16;6,05;6,52;6,17;6,42;0,20;5,50;3,42;177;5;8
"e6-47-12";"primuela";17,00;5;3;10;16;6,24;6,55;5,74;6,46;0,18;5,49;3,49;106;3;8
"e6-47-22";"primuela";15,00;5;3;1;6;6,05;6,50;5,25;6,70;0,25;5,63;3,46;116;4;8
"e6-47-31";"primuela";17,00;5;3;10;16;6,63;6,73;5,73;6,57;0,21;5,65;3,46;102;6;8
"e6-47-32";"primuela";15,00;1;8;1;6;6,18;6,22;5,48;6,39;0,14;5,61;3,45;182;10;8
"e6-47-41";"primuela";17,00;5;3;8;16;6,30;6,30;5,46;5,72;0,05;5,47;3,34;113;8;8
"e6-47-42";"primuela";15,00;6;4;1;6;6,15;6,73;5,17;6,92;0,21;5,68;3,56;110;3;8
"e6-47-43";"primuela";17,00;5;3;10;16;6,12;6,40;6,01;6,25;0,15;5,50;3,41;100;7;8
"e6-48-12";"primuela";17,00;5;3;8;16;6,06;6,48;6,40;6,44;0,15;5,54;3,44;201;9;8
"e6-48-13";"primuela";17,00;5;3;10;16;6,14;6,41;6,04;6,00;0,11;5,53;3,52;111;4;8
"e6-48-21";"primuela";16,00;1;8;7;5;5,72;6,31;6,02;6,38;0,16;5,57;3,51;287;18;8
"e6-48-23";"primuela";17,00;5;3;10;16;6,40;6,45;5,48;5,82;0,05;5,57;3,44;119;3;8
"e6-48-24";"primuela";16,00;1;8;7;5;6,05;6,51;5,75;6,44;0,16;5,61;3,50;245;14;8
"e6-48-31";"primuela";17,00;5;3;10;16;5,89;6,56;6,02;6,37;0,10;5,38;3,55;96;6;8
"e6-48-32";"primuela";17,00;5;3;10;16;6,34;6,49;6,00;6,50;0,13;5,50;3,57;120;3;8
"e6-48-33";"primuela";16,00;1;8;7;5;5,93;6,40;6,07;6,66;0,23;5,58;3,46;218;9;8
"e6-48-41";"primuela";17,00;5;3;10;16;6,37;6,16;5,61;6,26;0,18;5,55;3,46;98;5;8
"e6-51-11";"primuela";17,00;5;3;10;16;6,58;6,83;5,65;6,48;0,15;5,55;3,65;114;4;8
"e6-51-22";"buddldav";13,00;6;5;1;17;5,91;6,54;5,08;6,79;0,15;5,81;3,55;165;22;6
"e6-51-24";"primuela";15,00;6;4;1;6;6,25;6,60;5,12;6,69;0,22;5,81;3,56;136;13;8
"e6-52-14";"buddldav";12,00;2;5;2;2;5,68;6,57;5,19;6,88;0,17;5,84;3,68;248;36;6
"e6-52-21";"filipulm";7,00;2;6;3;9;5,86;6,47;6,05;6,83;0,21;5,67;3,54;233;11;4
"e6-52-41";"buddldav";13,00;6;4;5;17;5,96;6,82;5,31;7,04;0,16;5,83;3,66;136;19;6
"e6-53-31";"primuela";15,00;6;4;1;6;6,03;6,39;5,19;6,70;0,15;5,67;3,61;174;8;8
"e6-53-32";"primuela";15,00;1;4;1;6;5,94;6,50;5,38;6,66;0,16;5,69;3,58;211;12;8
"e6-53-43";"primuela";17,00;5;3;10;16;6,53;6,57;5,29;6,39;0,12;5,63;3,56;101;4;8
"e6-54-12";"primuela";15,00;5;4;1;6;6,23;6,56;5,12;6,47;0,13;5,68;3,48;113;12;8
"e6-54-21";"primuela";15,00;6;4;1;6;6,39;6,62;5,17;6,62;0,20;5,70;3,52;142;6;8
"e6-54-22";"primuela";15,00;6;4;1;6;6,24;6,71;5,00;6,61;0,14;5,70;3,49;125;5;8
"e6-54-24";"loliumul";4,00;6;4;1;11;6,70;6,96;5,24;6,71;0,18;5,80;3,65;101;8;3
"e6-54-32";"primuela";15,00;6;4;1;6;6,62;6,83;5,29;6,66;0,10;5,67;3,53;101;9;8
"e6-54-41";"primuela";15,00;5;4;1;6;6,43;6,53;5,30;6,51;0,16;5,70;3,73;126;6;8
"e6-54-43";"primuela";15,00;1;4;1;6;6,13;6,39;5,42;6,58;0,13;5,64;3,60;184;13;8
"e6-55-12";"primuela";15,00;6;4;1;6;5,83;6,43;4,93;6,74;0,15;5,67;3,51;122;3;8
"e6-55-14";"primuela";15,00;5;3;1;6;5,91;6,70;4,82;6,66;0,12;5,68;3,56;107;3;8
"e6-55-22";"primuela";16,00;1;8;7;5;5,43;6,42;5,70;6,46;0,17;5,59;3,46;264;10;8
"e6-55-24";"primuela";17,00;5;3;10;16;6,31;6,45;5,78;6,21;0,10;5,57;3,33;151;5;8
"e6-55-34";"primuela";17,00;5;3;10;16;6,51;6,54;6,05;6,06;0,16;5,38;3,35;107;5;8
"e6-56-12";"primuela";17,00;5;3;10;16;6,48;6,47;6,20;6,05;0,15;5,46;3,36;108;4;8
"e6-56-22";"primuela";17,00;5;3;10;16;6,47;6,69;6,08;6,26;0,12;5,45;3,33;102;3;8
"e6-56-24";"primuela";17,00;5;3;10;16;6,07;6,45;5,68;6,43;0,16;5,55;3,38;121;2;8
"e6-56-34";"primuela";17,00;5;3;10;16;6,49;6,47;5,31;5,60;0,02;5,56;3,40;91;9;8
"e6-56-41";"primuela";15,00;1;8;1;6;6,14;6,53;5,24;6,39;0,15;5,69;3,53;200;12;8
"e6-56-42";"primuela";17,00;5;3;8;16;6,06;6,31;5,33;6,04;0,05;5,53;3,43;145;9;8
"e6-57-12";"primuela";17,00;5;3;10;16;6,45;6,52;6,14;6,34;0,11;5,46;3,40;128;2;8
"e6-57-13";"primuela";15,00;5;3;10;6;6,16;6,74;5,41;6,56;0,18;5,59;3,50;114;1;8
"e6-57-21";"primuela";17,00;5;3;10;16;6,40;6,46;6,08;6,49;0,22;5,53;3,42;116;5;8
"e6-57-22";"primuela";15,00;6;4;1;6;6,39;6,68;5,15;6,76;0,21;5,76;3,62;126;4;8
"e6-57-23";"primuela";17,00;5;3;10;16;6,33;6,44;5,37;6,02;0,07;5,45;3,60;100;5;8
"e6-57-24";"primuela";15,00;1;8;1;6;5,91;6,65;5,10;6,55;0,12;5,67;3,62;230;9;8
"e6-57-42";"primuela";15,00;6;4;1;6;6,21;6,75;5,08;6,98;0,24;5,71;3,70;108;6;8
"e6-58-11";"primuela";15,00;5;3;1;6;5,83;6,40;5,32;6,54;0,14;5,59;3,56;180;5;8
"e6-58-13";"primuela";15,00;5;4;1;6;5,94;6,56;4,93;6,56;0,18;5,70;3,61;113;4;8
"e6-58-22";"filipulm";5,00;1;6;7;7;6,19;6,33;6,03;6,69;0,21;5,61;3,37;206;15;4
"e6-58-24";"primuela";15,00;5;3;10;6;6,12;6,54;5,60;6,65;0,17;5,56;3,52;140;6;8
"e6-58-32";"primuela";15,00;6;4;1;6;5,93;6,66;5,10;6,81;0,17;5,69;3,61;163;7;8
"e6-58-33";"filipulm";6,00;5;3;10;3;6,10;6,70;6,14;6,74;0,18;5,58;3,61;150;4;4
"e6-58-34";"primuela";15,00;6;4;1;6;5,93;6,71;5,60;6,84;0,16;5,68;3,66;187;6;8
"e6-58-41";"primuela";15,00;2;4;1;6;6,30;6,64;5,93;6,80;0,22;5,68;3,50;191;10;8
"e6-58-44";"primuela";15,00;6;4;1;6;5,98;6,51;5,11;6,89;0,18;5,69;3,74;139;5;8
"e7-11-12";"molincae";10,00;3;1;8;12;5,39;5,42;6,12;6,47;0,15;5,50;3,48;196;6;5
"e7-11-14";"filipulm";7,00;2;6;3;9;5,80;6,22;5,92;6,76;0,16;5,72;3,54;269;24;4
"e7-11-21";"primuela";16,00;1;8;7;5;5,68;5,80;6,32;6,14;0,14;5,53;3,42;242;20;8
"e7-11-23";"primuela";16,00;1;8;7;5;5,72;5,97;6,26;6,40;0,14;5,59;3,47;312;31;8
"e7-11-24";"primuela";17,00;5;3;10;16;5,41;5,97;5,72;6,62;0,17;5,56;3,37;136;5;8
"e7-11-32";"filipulm";6,00;5;4;6;3;6,26;6,39;5,97;6,67;0,24;5,61;3,53;163;5;4
"e7-11-33";"filipulm";6,00;5;3;10;3;6,02;6,18;5,94;6,70;0,17;5,55;3,44;133;3;4
"e7-11-34";"primuela";17,00;5;3;8;16;5,55;5,76;5,97;6,48;0,18;5,46;3,48;167;5;8
"e7-11-42";"primuela";17,00;5;3;10;16;5,39;5,68;5,73;6,66;0,19;5,61;3,30;153;5;8
"e7-11-43";"primuela";16,00;1;8;8;5;5,82;6,00;5,82;6,44;0,16;5,58;3,52;197;12;8
"e7-12-12";"molincae";9,00;4;2;4;4;5,65;5,40;5,94;6,51;0,12;5,64;3,40;119;13;5
"e7-12-13";"primuela";17,00;5;3;10;16;5,90;5,75;5,88;6,56;0,20;5,50;3,66;108;0;8
"e7-12-31";"primuela";17,00;5;3;10;16;5,51;6,21;5,54;6,64;0,10;5,61;3,52;140;8;8
"e7-12-34";"primuela";17,00;5;3;10;16;6,26;6,38;5,72;6,53;0,16;5,54;3,37;118;3;8
"e7-12-41";"primuela";17,00;5;3;10;16;5,87;6,22;6,66;6,40;0,14;5,56;3,50;140;2;8
"e7-12-43";"primuela";17,00;5;3;8;16;5,76;6,14;6,02;6,07;0,11;5,43;3,35;168;5;8
"e7-12-44";"primuela";17,00;5;3;10;16;6,35;6,48;6,30;6,25;0,14;5,47;3,35;132;3;8
"e7-13-12";"molincae";11,00;4;2;9;8;4,41;4,49;6,37;6,57;0,17;5,35;3,19;115;4;5
"e7-13-13";"molincae";10,00;3;1;11;12;4,98;5,48;6,12;6,62;0,19;5,59;3,40;233;16;5
"e7-13-14";"molincae";11,00;4;2;9;8;5,00;4,94;6,75;6,50;0,13;5,45;3,31;163;9;5
"e7-13-24";"molincae";11,00;4;2;4;8;4,54;4,71;5,97;6,92;0,18;5,33;3,22;125;5;5
"e7-13-31";"molincae";9,00;4;2;4;4;4,53;5,29;5,40;6,87;0,19;5,59;3,47;115;11;5
"e7-13-32";"molincae";10,00;3;1;11;12;4,86;5,61;5,87;6,82;0,14;5,57;3,45;245;18;5
"e7-13-33";"primuela";16,00;1;8;8;5;5,80;6,17;5,78;6,30;0,15;5,58;3,39;221;20;8
"e7-13-34";"molincae";11,00;3;1;9;8;4,95;5,78;5,83;6,73;0,14;5,59;3,32;219;5;5
"e7-13-43";"molincae";9,00;4;2;4;4;5,00;6,11;5,54;6,93;0,22;5,57;3,42;145;8;5
"e7-13-44";"euphoesu";18,00;2;5;2;10;5,12;6,04;5,34;7,04;0,21;5,67;3,46;203;13;9
"e7-14-11";"molincae";9,00;4;2;4;4;5,07;4,62;5,23;6,77;0,16;5,56;3,27;112;6;5
"e7-14-12";"molincae";11,00;4;2;9;8;5,39;5,22;5,88;6,59;0,24;5,54;3,44;110;8;5
"e7-14-13";"molincae";9,00;4;2;4;4;5,48;5,23;5,10;6,72;0,20;5,63;3,37;146;12;5
"e7-14-22";"primuela";17,00;5;3;10;16;5,74;5,75;5,76;6,20;0,09;5,46;3,38;134;2;8
"e7-14-31";"astertri";14,00;6;5;5;15;4,98;6,26;4,64;7,19;0,10;5,78;3,71;169;22;7
"e7-14-32";"buddldav";13,00;2;5;2;17;5,73;6,26;5,27;6,81;0,18;5,72;3,64;194;27;6
"e7-14-34";"astertri";14,00;6;5;5;15;4,96;6,32;5,09;7,02;0,22;5,66;3,65;149;19;7
"e7-14-41";"buddldav";12,00;2;5;2;2;5,74;6,35;5,28;6,84;0,20;5,73;3,58;246;33;6
"e7-14-42";"buddldav";12,00;2;5;2;2;5,93;6,47;5,09;6,82;0,15;5,79;3,63;204;34;6
"e7-14-43";"buddldav";13,00;6;5;2;17;6,12;6,55;5,16;6,93;0,20;5,75;3,60;173;26;6
"e7-15-11";"euphoesu";18,00;2;5;2;10;5,71;6,55;5,75;6,85;0,17;5,72;3,54;191;13;9
"e7-15-12";"euphoesu";18,00;2;6;3;10;5,99;6,58;6,25;6,99;0,22;5,75;3,67;240;18;9
"e7-15-13";"euphoesu";18,00;2;5;2;10;6,04;6,67;5,64;6,87;0,17;5,83;3,67;215;20;9
"e7-15-14";"filipulm";6,00;6;4;6;3;6,80;6,83;6,18;6,98;0,26;5,60;3,67;107;14;4
"e7-15-31";"euphoesu";18,00;6;4;1;10;5,75;6,55;5,40;7,08;0,18;5,81;3,65;178;15;9
"e7-21-12";"primuela";17,00;5;3;10;16;5,65;5,94;5,98;6,44;0,18;5,56;3,48;124;6;8
"e7-21-13";"primuela";17,00;5;3;10;16;6,09;6,32;6,18;6,15;0,23;5,47;3,38;143;4;8
"e7-21-14";"primuela";17,00;5;3;8;16;5,94;6,24;5,97;6,11;0,14;5,49;3,46;171;6;8
"e7-21-22";"loliumul";4,00;6;4;1;11;6,03;6,50;5,71;6,63;0,21;5,71;3,57;123;11;3
"e7-21-32";"primuela";17,00;5;3;8;16;5,46;6,11;5,77;6,33;0,19;5,50;3,40;186;4;8
"e7-21-34";"primuela";17,00;5;3;8;16;5,81;6,04;5,59;5,91;0,10;5,43;3,35;151;4;8
"e7-21-44";"primuela";15,00;1;8;1;6;6,22;6,50;5,91;6,68;0,20;5,57;3,43;182;8;8
"e7-22-11";"primuela";17,00;5;3;10;16;6,01;6,50;6,18;6,38;0,11;5,52;3,44;178;8;8
"e7-22-13";"primuela";17,00;1;8;8;16;6,08;6,46;6,23;6,43;0,17;5,49;3,49;202;8;8
"e7-22-31";"primuela";17,00;5;3;8;16;5,95;6,41;5,96;6,31;0,15;5,47;3,50;202;6;8
"e7-22-33";"primuela";17,00;5;3;10;16;6,14;6,42;5,98;6,23;0,13;5,45;3,48;120;3;8
"e7-22-34";"primuela";17,00;5;3;8;16;6,01;6,54;5,81;6,21;0,11;5,59;3,44;199;17;8
"e7-22-43";"primuela";15,00;5;3;10;6;6,13;6,72;5,25;6,42;0,19;5,57;3,51;105;7;8
"e7-22-44";"primuela";15,00;5;3;1;6;6,07;6,55;5,27;6,72;0,21;5,55;3,52;132;5;8
"e7-23-11";"primuela";15,00;5;3;1;6;6,47;6,59;5,54;6,66;0,17;5,62;3,60;135;14;8
"e7-23-21";"loliumul";4,00;6;4;12;11;6,35;6,39;5,39;6,96;0,31;5,80;3,75;109;13;3
"e7-23-22";"loliumul";4,00;6;4;1;11;6,33;6,48;5,23;6,89;0,22;5,90;3,69;126;19;3
"e7-23-24";"loliumul";4,00;6;4;1;11;6,48;6,57;5,15;6,91;0,23;5,77;3,70;93;11;3
"e7-23-33";"loliumul";4,00;6;4;1;11;6,40;6,83;5,02;6,79;0,09;5,73;3,72;91;10;3
"e7-24-11";"loliumul";4,00;6;4;1;11;6,45;6,56;5,16;6,86;0,19;5,68;3,47;95;10;3
"e7-24-12";"primuela";15,00;6;4;1;6;5,55;6,34;5,08;7,06;0,22;5,76;3,53;166;21;8
"e7-24-34";"primuela";15,00;6;4;1;6;5,62;6,48;4,92;6,98;0,23;5,74;3,66;129;12;8
"e7-31-13";"primuela";17,00;5;3;10;16;5,98;6,34;6,03;6,25;0,18;5,46;3,48;126;4;8
"e7-31-21";"primuela";17,00;5;3;10;16;6,31;6,60;5,79;6,47;0,18;5,53;3,42;101;4;8
"e7-31-31";"primuela";16,00;1;8;7;5;5,78;6,24;5,87;6,20;0,11;5,56;3,40;308;15;8
"e7-31-32";"primuela";16,00;1;8;8;5;5,90;6,16;5,89;6,16;0,12;5,55;3,45;196;3;8
"e7-31-33";"primuela";16,00;1;8;7;5;6,03;6,39;5,97;6,39;0,13;5,60;3,45;268;11;8
"e7-31-41";"primuela";16,00;1;8;7;5;5,97;6,29;5,84;6,26;0,16;5,52;3,42;231;13;8
"e7-31-42";"primuela";15,00;5;3;10;6;6,21;6,52;5,94;6,56;0,25;5,55;3,60;164;5;8
"e7-31-43";"primuela";17,00;5;3;8;16;6,01;6,01;6,20;6,13;0,15;5,38;3,48;157;5;8
"e7-32-13";"primuela";17,00;5;3;10;16;6,10;6,52;6,38;6,38;0,16;5,50;3,40;148;3;8
"e7-32-14";"primuela";16,00;1;8;7;5;5,95;6,29;6,12;6,51;0,18;5,61;3,51;275;20;8
"e7-32-22";"primuela";15,00;1;5;1;6;6,02;6,53;5,20;6,62;0,21;5,77;3,65;180;32;8
"e7-32-23";"primuela";17,00;5;3;10;16;6,37;6,50;5,98;6,02;0,09;5,41;3,34;115;2;8
"e7-32-24";"loliumul";4,00;6;4;1;11;6,45;6,54;5,38;6,83;0,24;5,72;3,61;93;10;3
"e7-32-34";"primuela";17,00;5;3;8;16;6,27;6,13;5,35;5,71;0,07;5,52;3,34;114;8;8
"e7-32-41";"primuela";17,00;5;3;10;16;5,96;6,22;5,90;6,42;0,15;5,43;3,41;122;5;8
"e7-32-43";"primuela";17,00;5;3;8;16;6,18;6,38;5,36;6,06;0,10;5,56;3,40;145;5;8
"e7-32-44";"primuela";17,00;5;3;8;16;6,12;6,07;5,65;5,83;0,05;5,49;3,41;113;6;8
"e7-33-11";"primuela";15,00;6;4;1;6;6,35;6,70;5,13;6,81;0,23;5,78;3,62;109;16;8
"e7-33-13";"primuela";15,00;6;4;1;6;6,45;6,30;5,31;6,58;0,24;5,73;3,60;128;15;8
"e7-33-21";"loliumul";4,00;6;4;1;11;6,38;6,61;5,27;6,80;0,13;5,80;3,86;117;19;3
"e7-33-31";"primuela";15,00;5;3;1;6;5,92;6,46;5,11;6,64;0,20;5,59;3,47;121;2;8
"e7-33-42";"primuela";15,00;6;4;1;6;6,09;6,58;5,14;6,62;0,13;5,62;3,53;134;6;8
"e7-34-12";"buddldav";12,00;2;5;2;2;5,75;6,57;5,04;6,88;0,17;5,80;3,72;205;30;6
"e7-34-23";"primuela";15,00;5;3;10;6;5,63;6,40;5,24;6,70;0,12;5,57;3,45;133;14;8
"e7-34-42";"buddldav";12,00;1;5;2;2;4,94;6,39;4,99;6,74;0,13;5,72;3,52;315;27;6
"e7-34-44";"primuela";17,00;5;3;10;16;5,29;6,46;4,80;6,63;0,12;5,66;3,53;126;6;8
"e7-35-31";"buddldav";12,00;1;8;7;2;5,64;6,65;5,12;6,66;0,13;5,77;3,58;289;31;6
"e7-35-33";"primuela";15,00;1;8;8;6;5,48;6,71;4,92;6,36;0,09;5,62;3,59;253;18;8
"e7-41-24";"primuela";17,00;5;3;10;16;6,48;6,51;6,87;6,44;0,26;5,44;3,57;97;4;8
"e7-41-31";"primuela";17,00;5;3;10;16;5,81;6,37;5,56;6,35;0,12;5,52;3,67;142;6;8
"e7-41-33";"filipulm";6,00;5;3;10;3;6,15;6,38;6,21;6,81;0,19;5,59;3,50;142;4;4
"e7-41-41";"primuela";16,00;1;8;7;5;5,72;6,36;5,96;6,70;0,17;5,60;3,60;251;16;8
"e7-41-42";"primuela";16,00;1;8;7;5;5,96;6,34;6,16;6,61;0,18;5,55;3,58;224;8;8
"e7-41-44";"primuela";15,00;6;4;1;6;6,10;6,55;5,60;6,90;0,22;5,61;3,66;106;1;8
"e7-42-11";"primuela";17,00;5;3;10;16;6,04;6,48;5,95;6,23;0,14;5,40;3,44;139;2;8
"e7-42-31";"filipulm";7,00;2;6;3;9;6,02;6,45;6,35;6,76;0,20;5,59;3,61;237;19;4
"e7-42-32";"primuela";15,00;6;4;1;6;6,22;6,61;5,38;6,86;0,21;5,65;3,61;120;8;8
"e7-42-33";"primuela";16,00;1;8;7;5;6,20;6,58;5,96;6,70;0,22;5,60;3,49;214;10;8
"e7-42-34";"primuela";17,00;5;3;10;16;6,28;6,56;6,02;6,54;0,18;5,65;3,55;153;12;8
"e7-42-44";"primuela";15,00;5;3;1;6;6,05;6,39;4,92;6,53;0,22;5,60;3,44;105;3;8
"e7-43-13";"primuela";15,00;5;3;1;6;6,45;6,75;5,25;6,63;0,20;5,62;3,55;107;8;8
"e7-43-41";"loliumul";4,00;6;4;1;11;6,24;6,60;5,11;6,70;0,13;5,81;3,55;113;13;3
"e7-44-11";"primuela";15,00;5;3;1;6;5,91;6,80;4,88;6,54;0,13;5,65;3,65;133;9;8
"e7-44-14";"primuela";15,00;5;3;1;6;5,80;6,80;4,81;6,52;0,11;5,68;3,60;144;6;8
"e7-46-34";"primuela";15,00;1;8;1;6;5,83;6,51;5,10;6,46;0,14;5,69;3,56;204;14;8
"e7-46-41";"primuela";17,00;1;8;8;16;5,90;6,24;5,31;6,01;0,13;5,59;3,36;196;9;8
"e7-46-42";"primuela";17,00;5;3;8;16;5,97;6,00;5,44;6,04;0,12;5,52;3,36;183;8;8
"e7-46-43";"primuela";15,00;5;3;8;6;5,74;6,47;5,01;6,32;0,11;5,61;3,54;185;5;8
"e7-46-44";"primuela";17,00;5;3;8;16;5,96;6,46;5,66;6,22;0,08;5,53;3,45;198;5;8
"e7-47-33";"primuela";16,00;1;8;8;5;6,06;6,37;6,07;6,12;0,09;5,48;3,37;207;7;8
"e7-48-34";"primuela";17,00;5;3;10;16;6,15;6,20;5,67;5,95;0,13;5,41;3,29;121;4;8
"e7-48-43";"primuela";17,00;1;8;8;16;5,75;6,28;5,47;6,01;0,08;5,47;3,47;212;6;8
"e7-51-22";"primuela";15,00;5;3;1;6;6,46;6,59;5,43;6,53;0,20;5,67;3,39;106;3;8
"e7-51-31";"primuela";15,00;5;3;1;6;5,96;6,55;4,91;6,65;0,19;5,63;3,67;152;8;8
"e7-51-41";"primuela";15,00;6;4;1;6;6,02;6,69;5,01;6,68;0,13;5,69;3,61;161;10;8
"e7-51-43";"primuela";15,00;5;3;1;6;6,06;6,63;5,20;6,50;0,16;5,62;3,63;170;7;8
"e7-52-11";"primuela";15,00;5;3;1;6;5,99;6,90;5,19;6,61;0,11;5,66;3,69;144;8;8
"e7-52-12";"primuela";15,00;6;4;1;6;5,92;6,77;4,95;6,73;0,18;5,69;3,56;152;8;8
"e7-52-21";"primuela";15,00;6;4;1;6;6,15;7,01;4,78;6,78;0,19;5,80;3,69;107;13;8
"e7-55-11";"buddldav";13,00;6;4;1;17;5,89;6,55;5,30;6,73;0,14;5,69;3,41;153;19;6
"e7-55-12";"primuela";15,00;6;4;1;6;6,16;6,85;5,36;6,93;0,18;5,77;3,66;169;16;8
"e7-55-13";"primuela";15,00;6;4;1;6;6,36;7,05;5,06;6,86;0,18;5,74;3,53;134;16;8
"e7-55-14";"euphoesu";18,00;6;4;5;10;6,08;6,89;5,57;6,99;0,12;5,71;3,67;159;23;9
"e7-55-22";"primuela";16,00;1;8;7;5;6,04;6,46;5,66;6,42;0,11;5,65;3,57;218;18;8
"e7-55-23";"primuela";17,00;5;3;10;16;6,17;6,63;5,18;6,57;0,17;5,62;3,47;98;8;8
"e7-55-24";"primuela";17,00;5;3;10;16;5,46;6,41;5,30;6,51;0,14;5,55;3,43;180;1;8
"e7-56-21";"primuela";17,00;5;3;10;16;5,87;6,77;5,33;6,38;0,09;5,72;3,45;145;9;8
"e7-56-22";"primuela";16,00;1;8;8;5;5,72;6,31;5,51;6,38;0,09;5,56;3,44;225;9;8
"e7-57-11";"primuela";16,00;1;8;7;5;5,72;6,11;5,58;6,32;0,12;5,63;3,46;291;22;8
"e7-57-12";"primuela";16,00;1;8;7;5;5,57;5,96;5,50;6,30;0,13;5,57;3,44;281;16;8
"e7-57-13";"primuela";16,00;1;8;8;5;5,63;6,14;5,46;6,34;0,16;5,53;3,38;234;7;8
"e7-57-14";"primuela";16,00;1;8;7;5;5,68;6,52;5,80;6,56;0,14;5,65;3,43;251;18;8
"e7-57-21";"primuela";15,00;1;8;8;6;5,51;6,29;5,40;6,43;0,09;5,59;3,45;215;6;8
"e7-57-22";"primuela";15,00;5;3;10;6;5,86;6,43;4,97;6,34;0,15;5,55;3,65;125;5;8
"e7-57-23";"primuela";16,00;1;8;7;5;5,62;6,20;5,80;6,36;0,15;5,60;3,44;296;20;8
"e7-57-24";"primuela";16,00;1;8;7;5;5,67;6,43;5,74;6,38;0,15;5,57;3,48;296;19;8
"e7-57-34";"primuela";17,00;5;3;8;16;5,64;5,78;5,43;5,76;0,07;5,50;3,32;163;3;8
"e7-57-41";"primuela";15,00;5;3;10;6;5,97;6,74;6,23;6,63;0,09;5,58;3,44;177;7;8
"e7-57-42";"primuela";17,00;1;8;8;16;5,73;6,25;5,47;6,06;0,12;5,43;3,41;195;11;8
"e7-57-43";"primuela";17,00;5;3;10;16;6,16;6,20;5,47;6,19;0,16;5,47;3,31;127;5;8
"e7-57-44";"primuela";17,00;5;3;8;16;5,87;5,53;5,49;5,88;0,16;5,47;3,22;125;4;8
"e7-58-12";"primuela";15,00;6;4;1;6;6,15;6,46;5,49;6,85;0,18;5,65;3,57;123;3;8
"e7-58-13";"primuela";17,00;5;3;8;16;5,97;6,29;5,36;6,16;0,09;5,49;3,41;168;6;8
"e7-58-21";"primuela";16,00;1;8;8;5;5,65;6,28;5,48;6,11;0,09;5,42;3,39;236;8;8
"e7-58-22";"primuela";17,00;5;3;8;16;5,94;5,71;5,60;5,72;0,11;5,39;3,31;165;7;8
"e7-58-23";"primuela";16,00;1;8;8;5;5,88;6,34;6,03;6,30;0,18;5,52;3,42;219;15;8
"e7-58-24";"primuela";17,00;5;3;8;16;5,72;6,24;5,87;6,10;0,09;5,37;3,35;215;4;8
"e7-58-31";"primuela";16,00;1;8;7;5;5,45;6,26;5,60;6,31;0,13;5,52;3,47;328;12;8
"e7-58-34";"primuela";17,00;5;3;8;16;5,42;6,33;5,21;5,99;0,09;5,45;3,39;197;4;8
"e7-58-42";"primuela";16,00;1;8;8;5;5,69;6,47;5,68;6,34;0,14;5,52;3,53;214;11;8
"e8-51-31";"primuela";16,00;1;8;7;5;5,73;6,28;5,90;6,18;0,12;5,50;3,49;257;12;8
"e8-51-33";"primuela";17,00;5;3;10;16;5,88;6,21;6,01;5,87;0,10;5,31;3,38;128;1;8
"f1-12-22";"coronsqu";3,00;6;7;12;13;6,48;6,72;6,21;6,89;0,26;5,73;3,65;142;8;2
"f1-13-11";"coronsqu";3,00;6;7;12;13;6,45;6,72;6,20;6,88;0,28;5,74;3,61;159;10;2
"f2-13-22";"loliumul";4,00;6;7;12;11;6,43;6,91;5,81;6,96;0,26;5,72;3,75;108;6;3
"f2-14-21";"loliumul";4,00;6;4;12;11;6,48;6,87;5,95;7,07;0,28;5,73;3,64;130;10;3
"f2-17-22";"loliumul";4,00;6;4;12;11;6,69;6,83;6,10;6,88;0,32;5,65;3,54;104;5;3
"f2-18-11";"loliumul";4,00;6;4;12;11;6,20;6,59;6,00;6,75;0,22;5,59;3,66;120;5;3
"f2-18-22";"loliumul";4,00;6;4;1;11;6,08;6,33;5,65;6,62;0,20;5,61;3,55;141;8;3
"f3-11-13";"primuela";16,00;1;8;8;5;5,53;5,71;5,76;6,09;0,14;5,49;3,30;227;16;8
"f3-15-23";"primuela";16,00;1;8;8;5;5,88;5,81;5,89;5,96;0,19;5,56;3,45;198;13;8
"f3-15-41";"primuela";17,00;5;3;8;16;5,88;5,92;6,10;5,91;0,19;5,46;3,33;155;5;8
"f3-16-13";"primuela";15,00;6;4;1;6;6,21;6,26;5,36;6,48;0,17;5,63;3,55;118;12;8
"f3-16-14";"loliumul";4,00;6;4;1;11;6,26;6,41;5,51;6,79;0,20;5,66;3,39;108;10;3
"f3-16-22";"loliumul";4,00;6;4;1;11;6,32;6,35;5,32;6,65;0,27;5,78;3,53;101;11;3
"f3-16-33";"primuela";16,00;1;8;7;5;6,02;6,23;5,56;6,29;0,18;5,67;3,50;217;19;8
"f3-17-11";"primuela";15,00;5;3;1;6;6,11;6,25;5,76;6,34;0,17;5,50;3,39;150;8;8
"f3-17-13";"loliumul";4,00;6;4;1;11;6,02;6,28;5,44;6,75;0,27;5,61;3,54;110;5;3
"f3-17-21";"loliumul";4,00;6;4;1;11;6,08;6,36;5,50;6,95;0,23;5,76;3,63;114;18;3
"f3-17-22";"filipulm";6,00;5;3;10;3;6,17;6,49;6,02;6,66;0,21;5,60;3,49;149;12;4
"f3-17-31";"loliumul";4,00;6;4;1;11;5,98;6,14;5,23;6,64;0,23;5,70;3,45;119;13;3
"f3-17-32";"loliumul";4,00;6;4;1;11;6,32;6,53;5,58;6,79;0,24;5,65;3,40;111;7;3
"f3-17-42";"loliumul";4,00;6;4;6;11;6,39;6,41;6,13;6,79;0,18;5,67;3,52;135;14;3
"f3-18-11";"primuela";17,00;5;3;10;16;6,09;6,46;5,58;6,64;0,23;5,69;3,47;114;13;8
"f3-18-21";"primuela";16,00;1;8;8;5;5,93;6,16;5,90;6,14;0,20;5,53;3,41;186;6;8
"f3-18-24";"primuela";17,00;5;3;8;16;5,95;5,89;6,40;5,89;0,16;5,43;3,29;134;11;8
"f3-18-33";"primuela";15,00;6;4;1;6;6,25;6,56;5,40;6,78;0,16;5,74;3,68;159;15;8
"f3-18-41";"filipulm";6,00;5;3;10;3;6,30;6,55;5,76;6,47;0,26;5,60;3,49;121;6;4
"f3-18-42";"primuela";16,00;1;8;8;5;5,84;6,14;5,95;6,14;0,19;5,49;3,35;203;10;8
"f3-26-12";"filipulm";5,00;6;4;1;7;6,06;6,24;5,50;6,69;0,21;5,71;3,60;173;17;4
"f3-26-22";"primuela";17,00;5;3;10;16;6,04;6,01;5,64;6,12;0,18;5,60;3,39;120;10;8
"f3-27-11";"loliumul";4,00;6;4;1;11;6,41;6,28;5,78;6,81;0,39;5,57;3,62;111;5;3
"f3-27-22";"primuela";15,00;6;4;1;6;6,23;6,42;5,51;6,61;0,15;5,65;3,46;115;9;8
"f3-28-11";"loliumul";4,00;6;4;1;11;6,17;6,60;5,29;6,96;0,13;5,82;3,63;94;13;3
"f4-11-13";"primuela";16,00;1;8;8;5;6,17;6,23;5,86;6,26;0,20;5,61;3,37;176;13;8
"f4-11-31";"primuela";17,00;5;3;8;16;6,15;5,88;5,80;5,64;0,13;5,35;3,34;102;6;8
"f4-12-11";"primuela";15,00;5;4;1;6;6,20;6,31;5,83;6,52;0,27;5,58;3,55;118;6;8
"f4-12-12";"primuela";17,00;5;3;10;16;6,05;6,09;5,72;6,19;0,18;5,57;3,44;139;8;8
"f4-12-21";"loliumul";4,00;6;4;1;11;6,10;6,58;5,62;6,85;0,19;5,72;3,66;133;8;3
"f4-12-24";"primuela";17,00;5;3;10;16;5,85;6,20;5,84;6,36;0,18;5,54;3,35;130;4;8
"f4-13-12";"loliumul";4,00;6;4;1;11;6,11;6,53;5,83;6,80;0,17;5,70;3,61;139;15;3
"f4-13-21";"buddldav";13,00;6;5;2;17;5,87;6,66;5,31;6,98;0,16;5,86;3,56;173;19;6
"f4-13-22";"buddldav";13,00;6;4;1;17;6,08;6,50;5,19;6,76;0,16;5,78;3,71;122;21;6
"f4-13-23";"filipulm";5,00;2;6;3;7;5,96;6,27;5,69;6,74;0,22;5,70;3,49;221;14;4
"f4-13-32";"buddldav";13,00;6;5;1;17;5,91;6,46;5,55;6,66;0,22;5,73;3,52;177;13;6
"f4-13-33";"buddldav";13,00;6;5;5;17;5,79;6,51;5,53;6,95;0,16;5,72;3,60;166;13;6
"f4-13-41";"filipulm";7,00;1;8;7;9;5,72;6,32;5,89;6,58;0,12;5,71;3,51;335;32;4
"f4-13-42";"primuela";16,00;1;8;8;5;5,73;5,93;5,94;6,22;0,13;5,59;3,40;225;14;8
"f4-14-11";"primuela";16,00;1;8;7;5;5,80;6,13;5,60;6,36;0,19;5,65;3,47;263;25;8
"f4-14-12";"primuela";16,00;1;8;8;5;5,66;5,57;5,72;6,05;0,10;5,57;3,33;235;17;8
"f4-14-13";"primuela";16,00;1;8;7;5;5,73;6,05;5,62;6,28;0,14;5,62;3,39;229;19;8
"f4-14-14";"primuela";16,00;1;8;7;5;5,60;5,88;5,95;6,23;0,16;5,55;3,36;297;22;8
"f4-14-21";"primuela";17,00;5;3;8;16;5,77;5,98;6,06;5,77;0,09;5,25;3,33;147;3;8
"f4-14-22";"primuela";17,00;5;3;8;16;5,87;6,18;5,57;6,19;0,12;5,59;3,31;152;10;8
"f4-14-23";"primuela";16,00;1;8;7;5;5,46;5,70;5,78;6,27;0,15;5,59;3,37;335;29;8
"f4-14-24";"primuela";16,00;1;8;7;5;5,85;6,09;5,99;6,38;0,18;5,60;3,57;206;10;8
"f4-14-31";"primuela";15,00;6;4;1;6;5,79;6,20;5,02;6,54;0,22;5,79;3,51;155;13;8
"f4-14-32";"primuela";16,00;1;8;8;5;5,55;5,90;6,16;6,04;0,13;5,44;3,34;258;12;8
"f4-14-33";"primuela";16,00;1;8;7;5;5,74;5,88;5,90;6,28;0,18;5,61;3,43;230;13;8
"f4-14-34";"primuela";17,00;5;3;8;16;5,82;5,77;6,02;5,66;0,08;5,40;3,15;167;9;8
"f4-14-41";"primuela";16,00;1;8;8;5;5,57;5,60;6,03;5,89;0,14;5,44;3,25;213;13;8
"f4-14-42";"primuela";16,00;1;8;8;5;5,44;5,72;5,88;5,95;0,10;5,48;3,31;257;12;8
"f4-15-11";"primuela";16,00;1;8;7;5;5,74;5,93;5,77;6,27;0,11;5,61;3,33;250;17;8
"f4-15-12";"primuela";16,00;1;8;8;5;5,85;5,91;5,47;6,32;0,13;5,68;3,43;189;19;8
"f4-15-13";"primuela";16,00;1;8;8;5;5,53;5,54;5,72;6,09;0,16;5,53;3,38;249;11;8
"f4-15-14";"primuela";16,00;1;8;8;5;5,84;6,05;6,08;6,13;0,16;5,52;3,42;235;24;8
"f4-15-22";"primuela";17,00;5;3;10;16;6,06;5,73;5,80;5,89;0,11;5,44;3,29;93;8;8
"f4-15-23";"primuela";15,00;6;4;1;6;6,17;6,22;5,18;6,51;0,16;5,70;3,55;141;17;8
"f4-15-24";"primuela";15,00;6;4;1;6;6,00;5,93;5,40;6,55;0,19;5,57;3,57;126;11;8
"f4-15-32";"primuela";17,00;5;3;8;16;6,07;5,69;5,41;5,87;0,19;5,53;3,35;111;10;8
"f4-15-41";"primuela";15,00;1;8;1;6;6,06;6,06;5,32;6,45;0,20;5,65;3,54;170;17;8
"f4-15-42";"primuela";15,00;1;8;1;6;6,22;6,38;5,46;6,50;0,14;5,64;3,53;188;19;8
"f4-16-11";"buddldav";13,00;6;4;1;17;6,33;6,54;5,14;6,81;0,20;5,69;3,52;89;12;6
"f4-18-21";"primuela";17,00;5;3;10;16;5,93;6,35;6,08;6,37;0,17;5,60;3,52;144;13;8
"f4-23-21";"primuela";17,00;5;3;8;16;6,19;6,13;5,72;5,78;0,08;5,42;3,30;120;6;8
"f4-23-22";"primuela";17,00;5;3;8;16;5,94;5,86;5,96;5,95;0,15;5,55;3,27;144;13;8
"f4-24-11";"primuela";17,00;5;3;8;16;5,42;5,72;6,32;6,23;0,14;5,41;3,30;165;4;8
"f4-24-12";"primuela";15,00;1;4;1;6;5,72;5,84;5,18;6,58;0,21;5,73;3,47;170;17;8
"f4-24-22";"primuela";17,00;5;3;8;16;5,60;5,74;5,59;5,88;0,10;5,47;3,24;190;13;8
"f6-12-14";"primuela";15,00;6;4;1;6;5,99;6,60;5,34;6,48;0,15;5,66;3,52;158;12;8
"f6-12-43";"primuela";15,00;6;4;1;6;6,17;6,69;5,11;6,72;0,14;5,73;3,58;133;5;8
"f6-12-44";"primuela";15,00;6;4;1;6;6,48;6,94;5,53;6,81;0,21;5,70;3,53;124;3;8
"f6-13-13";"primuela";15,00;1;8;1;6;6,14;6,45;5,90;6,48;0,18;5,56;3,55;177;8;8
"f6-13-34";"primuela";15,00;6;4;1;6;6,55;6,58;5,41;6,81;0,15;5,74;3,51;121;8;8
"f6-13-42";"primuela";15,00;6;4;1;6;6,26;6,65;5,18;6,70;0,18;5,65;3,53;150;10;8
"f6-14-21";"primuela";17,00;5;3;10;16;6,31;6,68;5,61;6,64;0,15;5,69;3,32;108;3;8
"f6-14-22";"primuela";17,00;5;3;10;16;6,48;6,61;5,53;6,17;0,13;5,57;3,40;108;5;8
"f6-14-31";"loliumul";4,00;6;4;1;11;6,41;6,63;5,40;6,93;0,23;5,72;3,72;103;4;3
"f6-14-33";"primuela";15,00;6;4;1;6;6,31;6,54;5,82;6,76;0,14;5,62;3,56;157;10;8
"f6-14-34";"primuela";17,00;5;3;10;16;6,05;6,43;5,90;6,64;0,20;5,49;3,26;99;1;8
"f6-15-12";"primuela";17,00;5;3;10;16;6,28;6,40;6,12;6,02;0,12;5,44;3,44;126;4;8
"f6-15-14";"primuela";17,00;5;3;10;16;6,33;6,37;5,86;6,03;0,13;5,49;3,44;131;5;8
"f6-16-14";"primuela";15,00;5;3;10;6;6,31;6,61;5,68;6,63;0,13;5,60;3,45;121;2;8
"f6-16-23";"filipulm";5,00;2;6;1;7;6,10;6,60;5,92;6,83;0,20;5,64;3,59;195;10;4
"f6-18-12";"primuela";15,00;6;4;1;6;6,06;6,76;4,80;6,98;0,18;5,72;3,63;105;7;8
"f6-18-21";"primuela";15,00;6;4;1;6;5,73;6,41;4,85;6,87;0,17;5,70;3,53;136;3;8
"f6-18-22";"primuela";15,00;6;4;1;6;5,70;6,54;4,93;6,73;0,14;5,66;3,56;166;6;8
"f6-18-24";"primuela";15,00;6;4;1;6;6,52;6,87;5,25;6,81;0,20;5,73;3,64;98;3;8
"f7-11-22";"primuela";15,00;5;3;10;6;6,40;6,73;5,23;6,18;0,05;5,56;3,55;96;5;8
"f7-17-21";"primuela";17,00;5;3;10;16;5,81;5,88;5,27;6,37;0,12;5,35;3,33;115;3;8
"f7-17-22";"primuela";17,00;5;3;10;16;6,00;5,87;5,47;6,27;0,10;5,40;3,46;113;5;8
"f7-18-11";"primuela";17,00;5;3;8;16;5,81;5,88;5,67;6,09;0,14;5,47;3,37;174;7;8
"f7-18-12";"primuela";15,00;5;3;1;6;6,04;5,84;5,45;6,18;0,25;5,49;3,51;131;8;8
"f7-18-21";"primuela";17,00;5;3;10;16;6,14;5,86;5,36;6,14;0,17;5,35;3,35;103;4;8
"f7-18-22";"primuela";17,00;5;3;10;16;6,30;6,32;5,44;6,18;0,10;5,51;3,43;130;4;8
